CYP2D6 Diplotype;Activity Score;Coded Diplotype/Phenotype Summary;EHR Priority Notation
*1/*1;2.0;Normal Metabolizer;Normal/Routine/ Low Risk
*1/*1x2;3.0;Ultrarapid Metabolizer;Abnormal/Priority/High Risk
*1/*1x≥3;≥4.0;Ultrarapid Metabolizer;Abnormal/Priority/High Risk
*1/*2;2.0;Normal Metabolizer;Normal/Routine/ Low Risk
*1/*2x2;3.0;Ultrarapid Metabolizer;Abnormal/Priority/High Risk
*1/*2x≥3;≥4.0;Ultrarapid Metabolizer;Abnormal/Priority/High Risk
*1/*3;1.0;Intermediate Metabolizer;Abnormal/Priority/High Risk
*1/*3x2;1.0;Intermediate Metabolizer;Abnormal/Priority/High Risk
*1/*4;1.0;Intermediate Metabolizer;Abnormal/Priority/High Risk
*1/*4x2;1.0;Intermediate Metabolizer;Abnormal/Priority/High Risk
*1/*4x≥3;1.0;Intermediate Metabolizer;Abnormal/Priority/High Risk
*1/*5;1.0;Intermediate Metabolizer;Abnormal/Priority/High Risk
*1/*6;1.0;Intermediate Metabolizer;Abnormal/Priority/High Risk
*1/*6x2;1.0;Intermediate Metabolizer;Abnormal/Priority/High Risk
*1/*7;1.0;Intermediate Metabolizer;Abnormal/Priority/High Risk
*1/*8;1.0;Intermediate Metabolizer;Abnormal/Priority/High Risk
*1/*9;1.25;Normal Metabolizer;Normal/Routine/ Low Risk
*1/*9x2;1.5;Normal Metabolizer;Normal/Routine/ Low Risk
*1/*10;1.25;Normal Metabolizer;Normal/Routine/ Low Risk
*1/*10x2;1.5;Normal Metabolizer;Normal/Routine/ Low Risk
*1/*11;1.0;Intermediate Metabolizer;Abnormal/Priority/High Risk
*1/*12;1.0;Intermediate Metabolizer;Abnormal/Priority/High Risk
*1/*13;1.0;Intermediate Metabolizer;Abnormal/Priority/High Risk
*1/*14;1.5;Normal Metabolizer;Normal/Routine/ Low Risk
*1/*15;1.0;Intermediate Metabolizer;Abnormal/Priority/High Risk
*1/*17;1.5;Normal Metabolizer;Normal/Routine/ Low Risk
*1/*17x2;2.0;Normal Metabolizer;Normal/Routine/ Low Risk
*1/*18;1.0;Intermediate Metabolizer;Abnormal/Priority/High Risk
*1/*19;1.0;Intermediate Metabolizer;Abnormal/Priority/High Risk
*1/*20;1.0;Intermediate Metabolizer;Abnormal/Priority/High Risk
*1/*21;1.0;Intermediate Metabolizer;Abnormal/Priority/High Risk
*1/*22;n/a;Indeterminate;none
*1/*23;n/a;Indeterminate;none
*1/*24;n/a;Indeterminate;none
*1/*25;n/a;Indeterminate;none
*1/*26;n/a;Indeterminate;none
*1/*27;2.0;Normal Metabolizer;Normal/Routine/ Low Risk
*1/*28;n/a;Indeterminate;none
*1/*29;1.5;Normal Metabolizer;Normal/Routine/ Low Risk
*1/*29x2;2.0;Normal Metabolizer;Normal/Routine/ Low Risk
*1/*30;n/a;Indeterminate;none
*1/*31;1.0;Intermediate Metabolizer;Abnormal/Priority/High Risk
*1/*32;1.25;Normal Metabolizer;Normal/Routine/ Low Risk
*1/*33;2.0;Normal Metabolizer;Normal/Routine/ Low Risk
*1/*34;2.0;Normal Metabolizer;Normal/Routine/ Low Risk
*1/*35;2.0;Normal Metabolizer;Normal/Routine/ Low Risk
*1/*35x2;3.0;Ultrarapid Metabolizer;Abnormal/Priority/High Risk
*1/*36;1.0;Intermediate Metabolizer;Abnormal/Priority/High Risk
*1/*36x2;1.0;Intermediate Metabolizer;Abnormal/Priority/High Risk
*1/*37;n/a;Indeterminate;none
*1/*38;1.0;Intermediate Metabolizer;Abnormal/Priority/High Risk
*1/*39;2.0;Normal Metabolizer;Normal/Routine/ Low Risk
*1/*40;1.0;Intermediate Metabolizer;Abnormal/Priority/High Risk
*1/*41;1.25;Normal Metabolizer;Normal/Routine/ Low Risk
*1/*41x2;1.5;Normal Metabolizer;Normal/Routine/ Low Risk
*1/*41x3;1.75;Normal Metabolizer;Normal/Routine/ Low Risk
*1/*42;1.0;Intermediate Metabolizer;Abnormal/Priority/High Risk
*1/*43;n/a;Indeterminate;none
*1/*43x2;n/a;Indeterminate;none
*1/*44;1.0;Intermediate Metabolizer;Abnormal/Priority/High Risk
*1/*45;2.0;Normal Metabolizer;Normal/Routine/ Low Risk
*1/*45x2;3.0;Ultrarapid Metabolizer;Abnormal/Priority/High Risk
*1/*46;2.0;Normal Metabolizer;Normal/Routine/ Low Risk
*1/*47;1.0;Intermediate Metabolizer;Abnormal/Priority/High Risk
*1/*48;2.0;Normal Metabolizer;Normal/Routine/ Low Risk
*1/*49;1.5;Normal Metabolizer;Normal/Routine/ Low Risk
*1/*50;1.5;Normal Metabolizer;Normal/Routine/ Low Risk
*1/*51;1.0;Intermediate Metabolizer;Abnormal/Priority/High Risk
*1/*52;1.25;Normal Metabolizer;Normal/Routine/ Low Risk
*1/*53;2.0;Normal Metabolizer;Normal/Routine/ Low Risk
*1/*54;1.5;Normal Metabolizer;Normal/Routine/ Low Risk
*1/*55;1.5;Normal Metabolizer;Normal/Routine/ Low Risk
*1/*56;1.0;Intermediate Metabolizer;Abnormal/Priority/High Risk
*1/*57;1.0;Intermediate Metabolizer;Abnormal/Priority/High Risk
*1/*58;n/a;Indeterminate;none
*1/*59;1.5;Normal Metabolizer;Normal/Routine/ Low Risk
*1/*60;1.0;Intermediate Metabolizer;Abnormal/Priority/High Risk
*1/*61;n/a;Indeterminate;none
*1/*62;1.0;Intermediate Metabolizer;Abnormal/Priority/High Risk
*1/*63;n/a;Indeterminate;none
*1/*64;n/a;Indeterminate;none
*1/*65;n/a;Indeterminate;none
*1/*68;1.0;Intermediate Metabolizer;Abnormal/Priority/High Risk
*1/*69;1.0;Intermediate Metabolizer;Abnormal/Priority/High Risk
*1/*70;n/a;Indeterminate;none
*1/*71;n/a;Indeterminate;none
*1/*72;n/a;Indeterminate;none
*1/*73;n/a;Indeterminate;none
*1/*74;n/a;Indeterminate;none
*1/*75;n/a;Indeterminate;none
*1/*81;1.0;Intermediate Metabolizer;Abnormal/Priority/High Risk
*1/*82;n/a;Indeterminate;none
*1/*83;n/a;Indeterminate;none
*1/*84;n/a;Indeterminate;none
*1/*85;n/a;Indeterminate;none
*1/*86;n/a;Indeterminate;none
*1/*87;n/a;Indeterminate;none
*1/*88;n/a;Indeterminate;none
*1/*89;n/a;Indeterminate;none
*1/*90;n/a;Indeterminate;none
*1/*91;1.25;Normal Metabolizer;Normal/Routine/ Low Risk
*1/*92;1.0;Intermediate Metabolizer;Abnormal/Priority/High Risk
*1/*93;n/a;Indeterminate;none
*1/*94;n/a;Indeterminate;none
*1/*95;n/a;Indeterminate;none
*1/*96;1.0;Intermediate Metabolizer;Abnormal/Priority/High Risk
*1/*97;n/a;Indeterminate;none
*1/*98;n/a;Indeterminate;none
*1/*99;1.0;Intermediate Metabolizer;Abnormal/Priority/High Risk
*1/*100;1.0;Intermediate Metabolizer;Abnormal/Priority/High Risk
*1/*101;1.0;Intermediate Metabolizer;Abnormal/Priority/High Risk
*1/*102;n/a;Indeterminate;none
*1/*103;n/a;Indeterminate;none
*1/*104;n/a;Indeterminate;none
*1/*105;n/a;Indeterminate;none
*1/*106;n/a;Indeterminate;none
*1/*107;n/a;Indeterminate;none
*1/*108;n/a;Indeterminate;none
*1/*109;1.25;Normal Metabolizer;Normal/Routine/ Low Risk
*1/*110;n/a;Indeterminate;none
*1/*111;n/a;Indeterminate;none
*1/*112;n/a;Indeterminate;none
*1/*113;n/a;Indeterminate;none
*1/*114;1.0;Intermediate Metabolizer;Abnormal/Priority/High Risk
*1/*115;n/a;Indeterminate;none
*1/*116;n/a;Indeterminate;none
*1/*117;n/a;Indeterminate;none
*1/*118;n/a;Indeterminate;none
*1/*119;1.25;Normal Metabolizer;Normal/Routine/ Low Risk
*1/*120;1.0;Intermediate Metabolizer;Abnormal/Priority/High Risk
*1/*121;n/a;Indeterminate;none
*1/*122;n/a;Indeterminate;none
*1/*123;n/a;Indeterminate;none
*1/*124;1.0;Intermediate Metabolizer;Abnormal/Priority/High Risk
*1/*125;n/a;Indeterminate;none
*1/*126;n/a;Indeterminate;none
*1/*127;n/a;Indeterminate;none
*1/*128;n/a;Indeterminate;none
*1/*129;1.0;Intermediate Metabolizer;Abnormal/Priority/High Risk
*1/*130;n/a;Indeterminate;none
*1/*131;n/a;Indeterminate;none
*1/*132;1.25;Normal Metabolizer;Normal/Routine/ Low Risk
*1/*133;n/a;Indeterminate;none
*1/*134;n/a;Indeterminate;none
*1/*135;n/a;Indeterminate;none
*1/*136;n/a;Indeterminate;none
*1/*137;n/a;Indeterminate;none
*1/*138;n/a;Indeterminate;none
*1/*139;n/a;Indeterminate;none
*1/*140;n/a;Indeterminate;none
*1/*141;n/a;Indeterminate;none
*1/*142;n/a;Indeterminate;none
*1/*143;1.0;Intermediate Metabolizer;Abnormal/Priority/High Risk
*1/*144;1.0;Intermediate Metabolizer;Abnormal/Priority/High Risk
*1/*145;n/a;Indeterminate;none
*1/*146;n/a;Indeterminate;none
*1/*146x2;n/a;Indeterminate;none
*1/*147;n/a;Indeterminate;none
*1/*148;n/a;Indeterminate;none
*1/*149;n/a;Indeterminate;none
*1/*152;n/a;Indeterminate;none
*1/*153;n/a;Indeterminate;none
*1/*154;n/a;Indeterminate;none
*1/*155;n/a;Indeterminate;none
*1/*156;1.0;Intermediate Metabolizer;Abnormal/Priority/High Risk
*1/*157;n/a;Indeterminate;none
*1/*158;n/a;Indeterminate;none
*1/*159;n/a;Indeterminate;none
*1/*160;n/a;Indeterminate;none
*1/*161;1.0;Intermediate Metabolizer;Abnormal/Priority/High Risk
*1/*162;n/a;Indeterminate;none
*1/*163;n/a;Indeterminate;none
*1x2/*1x2;4.0;Ultrarapid Metabolizer;Abnormal/Priority/High Risk
*1x2/*1x≥3;≥5.0;Ultrarapid Metabolizer;Abnormal/Priority/High Risk
*1x2/*2;3.0;Ultrarapid Metabolizer;Abnormal/Priority/High Risk
*1x2/*2x2;4.0;Ultrarapid Metabolizer;Abnormal/Priority/High Risk
*1x2/*2x≥3;≥5.0;Ultrarapid Metabolizer;Abnormal/Priority/High Risk
*1x2/*3;2.0;Normal Metabolizer;Normal/Routine/ Low Risk
*1x2/*3x2;2.0;Normal Metabolizer;Normal/Routine/ Low Risk
*1x2/*4;2.0;Normal Metabolizer;Normal/Routine/ Low Risk
*1x2/*4x2;2.0;Normal Metabolizer;Normal/Routine/ Low Risk
*1x2/*4x≥3;2.0;Normal Metabolizer;Normal/Routine/ Low Risk
*1x2/*5;2.0;Normal Metabolizer;Normal/Routine/ Low Risk
*1x2/*6;2.0;Normal Metabolizer;Normal/Routine/ Low Risk
*1x2/*6x2;2.0;Normal Metabolizer;Normal/Routine/ Low Risk
*1x2/*7;2.0;Normal Metabolizer;Normal/Routine/ Low Risk
*1x2/*8;2.0;Normal Metabolizer;Normal/Routine/ Low Risk
*1x2/*9;2.25;Normal Metabolizer;Normal/Routine/ Low Risk
*1x2/*9x2;2.5;Ultrarapid Metabolizer;Abnormal/Priority/High Risk
*1x2/*10;2.25;Normal Metabolizer;Normal/Routine/ Low Risk
*1x2/*10x2;2.5;Ultrarapid Metabolizer;Abnormal/Priority/High Risk
*1x2/*11;2.0;Normal Metabolizer;Normal/Routine/ Low Risk
*1x2/*12;2.0;Normal Metabolizer;Normal/Routine/ Low Risk
*1x2/*13;2.0;Normal Metabolizer;Normal/Routine/ Low Risk
*1x2/*14;2.5;Ultrarapid Metabolizer;Abnormal/Priority/High Risk
*1x2/*15;2.0;Normal Metabolizer;Normal/Routine/ Low Risk
*1x2/*17;2.5;Ultrarapid Metabolizer;Abnormal/Priority/High Risk
*1x2/*17x2;3.0;Ultrarapid Metabolizer;Abnormal/Priority/High Risk
*1x2/*18;2.0;Normal Metabolizer;Normal/Routine/ Low Risk
*1x2/*19;2.0;Normal Metabolizer;Normal/Routine/ Low Risk
*1x2/*20;2.0;Normal Metabolizer;Normal/Routine/ Low Risk
*1x2/*21;2.0;Normal Metabolizer;Normal/Routine/ Low Risk
*1x2/*22;n/a;Indeterminate;none
*1x2/*23;n/a;Indeterminate;none
*1x2/*24;n/a;Indeterminate;none
*1x2/*25;n/a;Indeterminate;none
*1x2/*26;n/a;Indeterminate;none
*1x2/*27;3.0;Ultrarapid Metabolizer;Abnormal/Priority/High Risk
*1x2/*28;n/a;Indeterminate;none
*1x2/*29;2.5;Ultrarapid Metabolizer;Abnormal/Priority/High Risk
*1x2/*29x2;3.0;Ultrarapid Metabolizer;Abnormal/Priority/High Risk
*1x2/*30;n/a;Indeterminate;none
*1x2/*31;2.0;Normal Metabolizer;Normal/Routine/ Low Risk
*1x2/*32;2.25;Normal Metabolizer;Normal/Routine/ Low Risk
*1x2/*33;3.0;Ultrarapid Metabolizer;Abnormal/Priority/High Risk
*1x2/*34;3.0;Ultrarapid Metabolizer;Abnormal/Priority/High Risk
*1x2/*35;3.0;Ultrarapid Metabolizer;Abnormal/Priority/High Risk
*1x2/*35x2;4.0;Ultrarapid Metabolizer;Abnormal/Priority/High Risk
*1x2/*36;2.0;Normal Metabolizer;Normal/Routine/ Low Risk
*1x2/*36x2;2.0;Normal Metabolizer;Normal/Routine/ Low Risk
*1x2/*37;n/a;Indeterminate;none
*1x2/*38;2.0;Normal Metabolizer;Normal/Routine/ Low Risk
*1x2/*39;3.0;Ultrarapid Metabolizer;Abnormal/Priority/High Risk
*1x2/*40;2.0;Normal Metabolizer;Normal/Routine/ Low Risk
*1x2/*41;2.25;Normal Metabolizer;Normal/Routine/ Low Risk
*1x2/*41x2;2.5;Ultrarapid Metabolizer;Abnormal/Priority/High Risk
*1x2/*41x3;2.75;Ultrarapid Metabolizer;Abnormal/Priority/High Risk
*1x2/*42;2.0;Normal Metabolizer;Normal/Routine/ Low Risk
*1x2/*43;n/a;Indeterminate;none
*1x2/*43x2;n/a;Indeterminate;none
*1x2/*44;2.0;Normal Metabolizer;Normal/Routine/ Low Risk
*1x2/*45;3.0;Ultrarapid Metabolizer;Abnormal/Priority/High Risk
*1x2/*45x2;4.0;Ultrarapid Metabolizer;Abnormal/Priority/High Risk
*1x2/*46;3.0;Ultrarapid Metabolizer;Abnormal/Priority/High Risk
*1x2/*47;2.0;Normal Metabolizer;Normal/Routine/ Low Risk
*1x2/*48;3.0;Ultrarapid Metabolizer;Abnormal/Priority/High Risk
*1x2/*49;2.5;Ultrarapid Metabolizer;Abnormal/Priority/High Risk
*1x2/*50;2.5;Ultrarapid Metabolizer;Abnormal/Priority/High Risk
*1x2/*51;2.0;Normal Metabolizer;Normal/Routine/ Low Risk
*1x2/*52;2.25;Normal Metabolizer;Normal/Routine/ Low Risk
*1x2/*53;3.0;Ultrarapid Metabolizer;Abnormal/Priority/High Risk
*1x2/*54;2.5;Ultrarapid Metabolizer;Abnormal/Priority/High Risk
*1x2/*55;2.5;Ultrarapid Metabolizer;Abnormal/Priority/High Risk
*1x2/*56;2.0;Normal Metabolizer;Normal/Routine/ Low Risk
*1x2/*57;2.0;Normal Metabolizer;Normal/Routine/ Low Risk
*1x2/*58;n/a;Indeterminate;none
*1x2/*59;2.5;Ultrarapid Metabolizer;Abnormal/Priority/High Risk
*1x2/*60;2.0;Normal Metabolizer;Normal/Routine/ Low Risk
*1x2/*61;n/a;Indeterminate;none
*1x2/*62;2.0;Normal Metabolizer;Normal/Routine/ Low Risk
*1x2/*63;n/a;Indeterminate;none
*1x2/*64;n/a;Indeterminate;none
*1x2/*65;n/a;Indeterminate;none
*1x2/*68;2.0;Normal Metabolizer;Normal/Routine/ Low Risk
*1x2/*69;2.0;Normal Metabolizer;Normal/Routine/ Low Risk
*1x2/*70;n/a;Indeterminate;none
*1x2/*71;n/a;Indeterminate;none
*1x2/*72;n/a;Indeterminate;none
*1x2/*73;n/a;Indeterminate;none
*1x2/*74;n/a;Indeterminate;none
*1x2/*75;n/a;Indeterminate;none
*1x2/*81;2.0;Normal Metabolizer;Normal/Routine/ Low Risk
*1x2/*82;n/a;Indeterminate;none
*1x2/*83;n/a;Indeterminate;none
*1x2/*84;n/a;Indeterminate;none
*1x2/*85;n/a;Indeterminate;none
*1x2/*86;n/a;Indeterminate;none
*1x2/*87;n/a;Indeterminate;none
*1x2/*88;n/a;Indeterminate;none
*1x2/*89;n/a;Indeterminate;none
*1x2/*90;n/a;Indeterminate;none
*1x2/*91;2.25;Normal Metabolizer;Normal/Routine/ Low Risk
*1x2/*92;2.0;Normal Metabolizer;Normal/Routine/ Low Risk
*1x2/*93;n/a;Indeterminate;none
*1x2/*94;n/a;Indeterminate;none
*1x2/*95;n/a;Indeterminate;none
*1x2/*96;2.0;Normal Metabolizer;Normal/Routine/ Low Risk
*1x2/*97;n/a;Indeterminate;none
*1x2/*98;n/a;Indeterminate;none
*1x2/*99;2.0;Normal Metabolizer;Normal/Routine/ Low Risk
*1x2/*100;2.0;Normal Metabolizer;Normal/Routine/ Low Risk
*1x2/*101;2.0;Normal Metabolizer;Normal/Routine/ Low Risk
*1x2/*102;n/a;Indeterminate;none
*1x2/*103;n/a;Indeterminate;none
*1x2/*104;n/a;Indeterminate;none
*1x2/*105;n/a;Indeterminate;none
*1x2/*106;n/a;Indeterminate;none
*1x2/*107;n/a;Indeterminate;none
*1x2/*108;n/a;Indeterminate;none
*1x2/*109;2.25;Normal Metabolizer;Normal/Routine/ Low Risk
*1x2/*110;n/a;Indeterminate;none
*1x2/*111;n/a;Indeterminate;none
*1x2/*112;n/a;Indeterminate;none
*1x2/*113;n/a;Indeterminate;none
*1x2/*114;2.0;Normal Metabolizer;Normal/Routine/ Low Risk
*1x2/*115;n/a;Indeterminate;none
*1x2/*116;n/a;Indeterminate;none
*1x2/*117;n/a;Indeterminate;none
*1x2/*118;n/a;Indeterminate;none
*1x2/*119;2.25;Normal Metabolizer;Normal/Routine/ Low Risk
*1x2/*120;2.0;Normal Metabolizer;Normal/Routine/ Low Risk
*1x2/*121;n/a;Indeterminate;none
*1x2/*122;n/a;Indeterminate;none
*1x2/*123;n/a;Indeterminate;none
*1x2/*124;2.0;Normal Metabolizer;Normal/Routine/ Low Risk
*1x2/*125;n/a;Indeterminate;none
*1x2/*126;n/a;Indeterminate;none
*1x2/*127;n/a;Indeterminate;none
*1x2/*128;n/a;Indeterminate;none
*1x2/*129;2.0;Normal Metabolizer;Normal/Routine/ Low Risk
*1x2/*130;n/a;Indeterminate;none
*1x2/*131;n/a;Indeterminate;none
*1x2/*132;2.25;Normal Metabolizer;Normal/Routine/ Low Risk
*1x2/*133;n/a;Indeterminate;none
*1x2/*134;n/a;Indeterminate;none
*1x2/*135;n/a;Indeterminate;none
*1x2/*136;n/a;Indeterminate;none
*1x2/*137;n/a;Indeterminate;none
*1x2/*138;n/a;Indeterminate;none
*1x2/*139;n/a;Indeterminate;none
*1x2/*140;n/a;Indeterminate;none
*1x2/*141;n/a;Indeterminate;none
*1x2/*142;n/a;Indeterminate;none
*1x2/*143;2.0;Normal Metabolizer;Normal/Routine/ Low Risk
*1x2/*144;2.0;Normal Metabolizer;Normal/Routine/ Low Risk
*1x2/*145;n/a;Indeterminate;none
*1x2/*146;n/a;Indeterminate;none
*1x2/*146x2;n/a;Indeterminate;none
*1x2/*147;n/a;Indeterminate;none
*1x2/*148;n/a;Indeterminate;none
*1x2/*149;n/a;Indeterminate;none
*1x2/*152;n/a;Indeterminate;none
*1x2/*153;n/a;Indeterminate;none
*1x2/*154;n/a;Indeterminate;none
*1x2/*155;n/a;Indeterminate;none
*1x2/*156;2.0;Normal Metabolizer;Normal/Routine/ Low Risk
*1x2/*157;n/a;Indeterminate;none
*1x2/*158;n/a;Indeterminate;none
*1x2/*159;n/a;Indeterminate;none
*1x2/*160;n/a;Indeterminate;none
*1x2/*161;2.0;Normal Metabolizer;Normal/Routine/ Low Risk
*1x2/*162;n/a;Indeterminate;none
*1x2/*163;n/a;Indeterminate;none
*1x≥3/*1x≥3;≥6.0;Ultrarapid Metabolizer;Abnormal/Priority/High Risk
*1x≥3/*2;≥4.0;Ultrarapid Metabolizer;Abnormal/Priority/High Risk
*1x≥3/*2x2;≥5.0;Ultrarapid Metabolizer;Abnormal/Priority/High Risk
*1x≥3/*2x≥3;≥6.0;Ultrarapid Metabolizer;Abnormal/Priority/High Risk
*1x≥3/*3;≥3.0;Ultrarapid Metabolizer;Abnormal/Priority/High Risk
*1x≥3/*3x2;≥3.0;Ultrarapid Metabolizer;Abnormal/Priority/High Risk
*1x≥3/*4;≥3.0;Ultrarapid Metabolizer;Abnormal/Priority/High Risk
*1x≥3/*4x2;≥3.0;Ultrarapid Metabolizer;Abnormal/Priority/High Risk
*1x≥3/*4x≥3;≥3.0;Ultrarapid Metabolizer;Abnormal/Priority/High Risk
*1x≥3/*5;≥3.0;Ultrarapid Metabolizer;Abnormal/Priority/High Risk
*1x≥3/*6;≥3.0;Ultrarapid Metabolizer;Abnormal/Priority/High Risk
*1x≥3/*6x2;≥3.0;Ultrarapid Metabolizer;Abnormal/Priority/High Risk
*1x≥3/*7;≥3.0;Ultrarapid Metabolizer;Abnormal/Priority/High Risk
*1x≥3/*8;≥3.0;Ultrarapid Metabolizer;Abnormal/Priority/High Risk
*1x≥3/*9;≥3.25;Ultrarapid Metabolizer;Abnormal/Priority/High Risk
*1x≥3/*9x2;≥3.5;Ultrarapid Metabolizer;Abnormal/Priority/High Risk
*1x≥3/*10;≥3.25;Ultrarapid Metabolizer;Abnormal/Priority/High Risk
*1x≥3/*10x2;≥3.5;Ultrarapid Metabolizer;Abnormal/Priority/High Risk
*1x≥3/*11;≥3.0;Ultrarapid Metabolizer;Abnormal/Priority/High Risk
*1x≥3/*12;≥3.0;Ultrarapid Metabolizer;Abnormal/Priority/High Risk
*1x≥3/*13;≥3.0;Ultrarapid Metabolizer;Abnormal/Priority/High Risk
*1x≥3/*14;≥3.5;Ultrarapid Metabolizer;Abnormal/Priority/High Risk
*1x≥3/*15;≥3.0;Ultrarapid Metabolizer;Abnormal/Priority/High Risk
*1x≥3/*17;≥3.5;Ultrarapid Metabolizer;Abnormal/Priority/High Risk
*1x≥3/*17x2;≥4.0;Ultrarapid Metabolizer;Abnormal/Priority/High Risk
*1x≥3/*18;≥3.0;Ultrarapid Metabolizer;Abnormal/Priority/High Risk
*1x≥3/*19;≥3.0;Ultrarapid Metabolizer;Abnormal/Priority/High Risk
*1x≥3/*20;≥3.0;Ultrarapid Metabolizer;Abnormal/Priority/High Risk
*1x≥3/*21;≥3.0;Ultrarapid Metabolizer;Abnormal/Priority/High Risk
*1x≥3/*22;n/a;Indeterminate;none
*1x≥3/*23;n/a;Indeterminate;none
*1x≥3/*24;n/a;Indeterminate;none
*1x≥3/*25;n/a;Indeterminate;none
*1x≥3/*26;n/a;Indeterminate;none
*1x≥3/*27;≥4.0;Ultrarapid Metabolizer;Abnormal/Priority/High Risk
*1x≥3/*28;n/a;Indeterminate;none
*1x≥3/*29;≥3.5;Ultrarapid Metabolizer;Abnormal/Priority/High Risk
*1x≥3/*29x2;≥4.0;Ultrarapid Metabolizer;Abnormal/Priority/High Risk
*1x≥3/*30;n/a;Indeterminate;none
*1x≥3/*31;≥3.0;Ultrarapid Metabolizer;Abnormal/Priority/High Risk
*1x≥3/*32;≥3.25;Ultrarapid Metabolizer;Abnormal/Priority/High Risk
*1x≥3/*33;≥4.0;Ultrarapid Metabolizer;Abnormal/Priority/High Risk
*1x≥3/*34;≥4.0;Ultrarapid Metabolizer;Abnormal/Priority/High Risk
*1x≥3/*35;≥4.0;Ultrarapid Metabolizer;Abnormal/Priority/High Risk
*1x≥3/*35x2;≥5.0;Ultrarapid Metabolizer;Abnormal/Priority/High Risk
*1x≥3/*36;≥3.0;Ultrarapid Metabolizer;Abnormal/Priority/High Risk
*1x≥3/*36x2;≥3.0;Ultrarapid Metabolizer;Abnormal/Priority/High Risk
*1x≥3/*37;n/a;Indeterminate;none
*1x≥3/*38;≥3.0;Ultrarapid Metabolizer;Abnormal/Priority/High Risk
*1x≥3/*39;≥4.0;Ultrarapid Metabolizer;Abnormal/Priority/High Risk
*1x≥3/*40;≥3.0;Ultrarapid Metabolizer;Abnormal/Priority/High Risk
*1x≥3/*41;≥3.25;Ultrarapid Metabolizer;Abnormal/Priority/High Risk
*1x≥3/*41x2;≥3.5;Ultrarapid Metabolizer;Abnormal/Priority/High Risk
*1x≥3/*41x3;≥3.75;Ultrarapid Metabolizer;Abnormal/Priority/High Risk
*1x≥3/*42;≥3.0;Ultrarapid Metabolizer;Abnormal/Priority/High Risk
*1x≥3/*43;n/a;Indeterminate;none
*1x≥3/*43x2;n/a;Indeterminate;none
*1x≥3/*44;≥3.0;Ultrarapid Metabolizer;Abnormal/Priority/High Risk
*1x≥3/*45;≥4.0;Ultrarapid Metabolizer;Abnormal/Priority/High Risk
*1x≥3/*45x2;≥5.0;Ultrarapid Metabolizer;Abnormal/Priority/High Risk
*1x≥3/*46;≥4.0;Ultrarapid Metabolizer;Abnormal/Priority/High Risk
*1x≥3/*47;≥3.0;Ultrarapid Metabolizer;Abnormal/Priority/High Risk
*1x≥3/*48;≥4.0;Ultrarapid Metabolizer;Abnormal/Priority/High Risk
*1x≥3/*49;≥3.5;Ultrarapid Metabolizer;Abnormal/Priority/High Risk
*1x≥3/*50;≥3.5;Ultrarapid Metabolizer;Abnormal/Priority/High Risk
*1x≥3/*51;≥3.0;Ultrarapid Metabolizer;Abnormal/Priority/High Risk
*1x≥3/*52;≥3.25;Ultrarapid Metabolizer;Abnormal/Priority/High Risk
*1x≥3/*53;≥4.0;Ultrarapid Metabolizer;Abnormal/Priority/High Risk
*1x≥3/*54;≥3.5;Ultrarapid Metabolizer;Abnormal/Priority/High Risk
*1x≥3/*55;≥3.5;Ultrarapid Metabolizer;Abnormal/Priority/High Risk
*1x≥3/*56;≥3.0;Ultrarapid Metabolizer;Abnormal/Priority/High Risk
*1x≥3/*57;≥3.0;Ultrarapid Metabolizer;Abnormal/Priority/High Risk
*1x≥3/*58;n/a;Indeterminate;none
*1x≥3/*59;≥3.5;Ultrarapid Metabolizer;Abnormal/Priority/High Risk
*1x≥3/*60;≥3.0;Ultrarapid Metabolizer;Abnormal/Priority/High Risk
*1x≥3/*61;n/a;Indeterminate;none
*1x≥3/*62;≥3.0;Ultrarapid Metabolizer;Abnormal/Priority/High Risk
*1x≥3/*63;n/a;Indeterminate;none
*1x≥3/*64;n/a;Indeterminate;none
*1x≥3/*65;n/a;Indeterminate;none
*1x≥3/*68;≥3.0;Ultrarapid Metabolizer;Abnormal/Priority/High Risk
*1x≥3/*69;≥3.0;Ultrarapid Metabolizer;Abnormal/Priority/High Risk
*1x≥3/*70;n/a;Indeterminate;none
*1x≥3/*71;n/a;Indeterminate;none
*1x≥3/*72;n/a;Indeterminate;none
*1x≥3/*73;n/a;Indeterminate;none
*1x≥3/*74;n/a;Indeterminate;none
*1x≥3/*75;n/a;Indeterminate;none
*1x≥3/*81;≥3.0;Ultrarapid Metabolizer;Abnormal/Priority/High Risk
*1x≥3/*82;n/a;Indeterminate;none
*1x≥3/*83;n/a;Indeterminate;none
*1x≥3/*84;n/a;Indeterminate;none
*1x≥3/*85;n/a;Indeterminate;none
*1x≥3/*86;n/a;Indeterminate;none
*1x≥3/*87;n/a;Indeterminate;none
*1x≥3/*88;n/a;Indeterminate;none
*1x≥3/*89;n/a;Indeterminate;none
*1x≥3/*90;n/a;Indeterminate;none
*1x≥3/*91;≥3.25;Ultrarapid Metabolizer;Abnormal/Priority/High Risk
*1x≥3/*92;≥3.0;Ultrarapid Metabolizer;Abnormal/Priority/High Risk
*1x≥3/*93;n/a;Indeterminate;none
*1x≥3/*94;n/a;Indeterminate;none
*1x≥3/*95;n/a;Indeterminate;none
*1x≥3/*96;≥3.0;Ultrarapid Metabolizer;Abnormal/Priority/High Risk
*1x≥3/*97;n/a;Indeterminate;none
*1x≥3/*98;n/a;Indeterminate;none
*1x≥3/*99;≥3.0;Ultrarapid Metabolizer;Abnormal/Priority/High Risk
*1x≥3/*100;≥3.0;Ultrarapid Metabolizer;Abnormal/Priority/High Risk
*1x≥3/*101;≥3.0;Ultrarapid Metabolizer;Abnormal/Priority/High Risk
*1x≥3/*102;n/a;Indeterminate;none
*1x≥3/*103;n/a;Indeterminate;none
*1x≥3/*104;n/a;Indeterminate;none
*1x≥3/*105;n/a;Indeterminate;none
*1x≥3/*106;n/a;Indeterminate;none
*1x≥3/*107;n/a;Indeterminate;none
*1x≥3/*108;n/a;Indeterminate;none
*1x≥3/*109;≥3.25;Ultrarapid Metabolizer;Abnormal/Priority/High Risk
*1x≥3/*110;n/a;Indeterminate;none
*1x≥3/*111;n/a;Indeterminate;none
*1x≥3/*112;n/a;Indeterminate;none
*1x≥3/*113;n/a;Indeterminate;none
*1x≥3/*114;≥3.0;Ultrarapid Metabolizer;Abnormal/Priority/High Risk
*1x≥3/*115;n/a;Indeterminate;none
*1x≥3/*116;n/a;Indeterminate;none
*1x≥3/*117;n/a;Indeterminate;none
*1x≥3/*118;n/a;Indeterminate;none
*1x≥3/*119;≥3.25;Ultrarapid Metabolizer;Abnormal/Priority/High Risk
*1x≥3/*120;≥3.0;Ultrarapid Metabolizer;Abnormal/Priority/High Risk
*1x≥3/*121;n/a;Indeterminate;none
*1x≥3/*122;n/a;Indeterminate;none
*1x≥3/*123;n/a;Indeterminate;none
*1x≥3/*124;≥3.0;Ultrarapid Metabolizer;Abnormal/Priority/High Risk
*1x≥3/*125;n/a;Indeterminate;none
*1x≥3/*126;n/a;Indeterminate;none
*1x≥3/*127;n/a;Indeterminate;none
*1x≥3/*128;n/a;Indeterminate;none
*1x≥3/*129;≥3.0;Ultrarapid Metabolizer;Abnormal/Priority/High Risk
*1x≥3/*130;n/a;Indeterminate;none
*1x≥3/*131;n/a;Indeterminate;none
*1x≥3/*132;≥3.25;Ultrarapid Metabolizer;Abnormal/Priority/High Risk
*1x≥3/*133;n/a;Indeterminate;none
*1x≥3/*134;n/a;Indeterminate;none
*1x≥3/*135;n/a;Indeterminate;none
*1x≥3/*136;n/a;Indeterminate;none
*1x≥3/*137;n/a;Indeterminate;none
*1x≥3/*138;n/a;Indeterminate;none
*1x≥3/*139;n/a;Indeterminate;none
*1x≥3/*140;n/a;Indeterminate;none
*1x≥3/*141;n/a;Indeterminate;none
*1x≥3/*142;n/a;Indeterminate;none
*1x≥3/*143;≥3.0;Ultrarapid Metabolizer;Abnormal/Priority/High Risk
*1x≥3/*144;≥3.0;Ultrarapid Metabolizer;Abnormal/Priority/High Risk
*1x≥3/*145;n/a;Indeterminate;none
*1x≥3/*146;n/a;Indeterminate;none
*1x≥3/*146x2;n/a;Indeterminate;none
*1x≥3/*147;n/a;Indeterminate;none
*1x≥3/*148;n/a;Indeterminate;none
*1x≥3/*149;n/a;Indeterminate;none
*1x≥3/*152;n/a;Indeterminate;none
*1x≥3/*153;n/a;Indeterminate;none
*1x≥3/*154;n/a;Indeterminate;none
*1x≥3/*155;n/a;Indeterminate;none
*1x≥3/*156;≥3.0;Ultrarapid Metabolizer;Abnormal/Priority/High Risk
*1x≥3/*157;n/a;Indeterminate;none
*1x≥3/*158;n/a;Indeterminate;none
*1x≥3/*159;n/a;Indeterminate;none
*1x≥3/*160;n/a;Indeterminate;none
*1x≥3/*161;≥3.0;Ultrarapid Metabolizer;Abnormal/Priority/High Risk
*1x≥3/*162;n/a;Indeterminate;none
*1x≥3/*163;n/a;Indeterminate;none
*2/*2;2.0;Normal Metabolizer;Normal/Routine/ Low Risk
*2/*2x2;3.0;Ultrarapid Metabolizer;Abnormal/Priority/High Risk
*2/*2x≥3;≥4.0;Ultrarapid Metabolizer;Abnormal/Priority/High Risk
*2/*3;1.0;Intermediate Metabolizer;Abnormal/Priority/High Risk
*2/*3x2;1.0;Intermediate Metabolizer;Abnormal/Priority/High Risk
*2/*4;1.0;Intermediate Metabolizer;Abnormal/Priority/High Risk
*2/*4x2;1.0;Intermediate Metabolizer;Abnormal/Priority/High Risk
*2/*4x≥3;1.0;Intermediate Metabolizer;Abnormal/Priority/High Risk
*2/*5;1.0;Intermediate Metabolizer;Abnormal/Priority/High Risk
*2/*6;1.0;Intermediate Metabolizer;Abnormal/Priority/High Risk
*2/*6x2;1.0;Intermediate Metabolizer;Abnormal/Priority/High Risk
*2/*7;1.0;Intermediate Metabolizer;Abnormal/Priority/High Risk
*2/*8;1.0;Intermediate Metabolizer;Abnormal/Priority/High Risk
*2/*9;1.25;Normal Metabolizer;Normal/Routine/ Low Risk
*2/*9x2;1.5;Normal Metabolizer;Normal/Routine/ Low Risk
*2/*10;1.25;Normal Metabolizer;Normal/Routine/ Low Risk
*2/*10x2;1.5;Normal Metabolizer;Normal/Routine/ Low Risk
*2/*11;1.0;Intermediate Metabolizer;Abnormal/Priority/High Risk
*2/*12;1.0;Intermediate Metabolizer;Abnormal/Priority/High Risk
*2/*13;1.0;Intermediate Metabolizer;Abnormal/Priority/High Risk
*2/*14;1.5;Normal Metabolizer;Normal/Routine/ Low Risk
*2/*15;1.0;Intermediate Metabolizer;Abnormal/Priority/High Risk
*2/*17;1.5;Normal Metabolizer;Normal/Routine/ Low Risk
*2/*17x2;2.0;Normal Metabolizer;Normal/Routine/ Low Risk
*2/*18;1.0;Intermediate Metabolizer;Abnormal/Priority/High Risk
*2/*19;1.0;Intermediate Metabolizer;Abnormal/Priority/High Risk
*2/*20;1.0;Intermediate Metabolizer;Abnormal/Priority/High Risk
*2/*21;1.0;Intermediate Metabolizer;Abnormal/Priority/High Risk
*2/*22;n/a;Indeterminate;none
*2/*23;n/a;Indeterminate;none
*2/*24;n/a;Indeterminate;none
*2/*25;n/a;Indeterminate;none
*2/*26;n/a;Indeterminate;none
*2/*27;2.0;Normal Metabolizer;Normal/Routine/ Low Risk
*2/*28;n/a;Indeterminate;none
*2/*29;1.5;Normal Metabolizer;Normal/Routine/ Low Risk
*2/*29x2;2.0;Normal Metabolizer;Normal/Routine/ Low Risk
*2/*30;n/a;Indeterminate;none
*2/*31;1.0;Intermediate Metabolizer;Abnormal/Priority/High Risk
*2/*32;1.25;Normal Metabolizer;Normal/Routine/ Low Risk
*2/*33;2.0;Normal Metabolizer;Normal/Routine/ Low Risk
*2/*34;2.0;Normal Metabolizer;Normal/Routine/ Low Risk
*2/*35;2.0;Normal Metabolizer;Normal/Routine/ Low Risk
*2/*35x2;3.0;Ultrarapid Metabolizer;Abnormal/Priority/High Risk
*2/*36;1.0;Intermediate Metabolizer;Abnormal/Priority/High Risk
*2/*36x2;1.0;Intermediate Metabolizer;Abnormal/Priority/High Risk
*2/*37;n/a;Indeterminate;none
*2/*38;1.0;Intermediate Metabolizer;Abnormal/Priority/High Risk
*2/*39;2.0;Normal Metabolizer;Normal/Routine/ Low Risk
*2/*40;1.0;Intermediate Metabolizer;Abnormal/Priority/High Risk
*2/*41;1.25;Normal Metabolizer;Normal/Routine/ Low Risk
*2/*41x2;1.5;Normal Metabolizer;Normal/Routine/ Low Risk
*2/*41x3;1.75;Normal Metabolizer;Normal/Routine/ Low Risk
*2/*42;1.0;Intermediate Metabolizer;Abnormal/Priority/High Risk
*2/*43;n/a;Indeterminate;none
*2/*43x2;n/a;Indeterminate;none
*2/*44;1.0;Intermediate Metabolizer;Abnormal/Priority/High Risk
*2/*45;2.0;Normal Metabolizer;Normal/Routine/ Low Risk
*2/*45x2;3.0;Ultrarapid Metabolizer;Abnormal/Priority/High Risk
*2/*46;2.0;Normal Metabolizer;Normal/Routine/ Low Risk
*2/*47;1.0;Intermediate Metabolizer;Abnormal/Priority/High Risk
*2/*48;2.0;Normal Metabolizer;Normal/Routine/ Low Risk
*2/*49;1.5;Normal Metabolizer;Normal/Routine/ Low Risk
*2/*50;1.5;Normal Metabolizer;Normal/Routine/ Low Risk
*2/*51;1.0;Intermediate Metabolizer;Abnormal/Priority/High Risk
*2/*52;1.25;Normal Metabolizer;Normal/Routine/ Low Risk
*2/*53;2.0;Normal Metabolizer;Normal/Routine/ Low Risk
*2/*54;1.5;Normal Metabolizer;Normal/Routine/ Low Risk
*2/*55;1.5;Normal Metabolizer;Normal/Routine/ Low Risk
*2/*56;1.0;Intermediate Metabolizer;Abnormal/Priority/High Risk
*2/*57;1.0;Intermediate Metabolizer;Abnormal/Priority/High Risk
*2/*58;n/a;Indeterminate;none
*2/*59;1.5;Normal Metabolizer;Normal/Routine/ Low Risk
*2/*60;1.0;Intermediate Metabolizer;Abnormal/Priority/High Risk
*2/*61;n/a;Indeterminate;none
*2/*62;1.0;Intermediate Metabolizer;Abnormal/Priority/High Risk
*2/*63;n/a;Indeterminate;none
*2/*64;n/a;Indeterminate;none
*2/*65;n/a;Indeterminate;none
*2/*68;1.0;Intermediate Metabolizer;Abnormal/Priority/High Risk
*2/*69;1.0;Intermediate Metabolizer;Abnormal/Priority/High Risk
*2/*70;n/a;Indeterminate;none
*2/*71;n/a;Indeterminate;none
*2/*72;n/a;Indeterminate;none
*2/*73;n/a;Indeterminate;none
*2/*74;n/a;Indeterminate;none
*2/*75;n/a;Indeterminate;none
*2/*81;1.0;Intermediate Metabolizer;Abnormal/Priority/High Risk
*2/*82;n/a;Indeterminate;none
*2/*83;n/a;Indeterminate;none
*2/*84;n/a;Indeterminate;none
*2/*85;n/a;Indeterminate;none
*2/*86;n/a;Indeterminate;none
*2/*87;n/a;Indeterminate;none
*2/*88;n/a;Indeterminate;none
*2/*89;n/a;Indeterminate;none
*2/*90;n/a;Indeterminate;none
*2/*91;1.25;Normal Metabolizer;Normal/Routine/ Low Risk
*2/*92;1.0;Intermediate Metabolizer;Abnormal/Priority/High Risk
*2/*93;n/a;Indeterminate;none
*2/*94;n/a;Indeterminate;none
*2/*95;n/a;Indeterminate;none
*2/*96;1.0;Intermediate Metabolizer;Abnormal/Priority/High Risk
*2/*97;n/a;Indeterminate;none
*2/*98;n/a;Indeterminate;none
*2/*99;1.0;Intermediate Metabolizer;Abnormal/Priority/High Risk
*2/*100;1.0;Intermediate Metabolizer;Abnormal/Priority/High Risk
*2/*101;1.0;Intermediate Metabolizer;Abnormal/Priority/High Risk
*2/*102;n/a;Indeterminate;none
*2/*103;n/a;Indeterminate;none
*2/*104;n/a;Indeterminate;none
*2/*105;n/a;Indeterminate;none
*2/*106;n/a;Indeterminate;none
*2/*107;n/a;Indeterminate;none
*2/*108;n/a;Indeterminate;none
*2/*109;1.25;Normal Metabolizer;Normal/Routine/ Low Risk
*2/*110;n/a;Indeterminate;none
*2/*111;n/a;Indeterminate;none
*2/*112;n/a;Indeterminate;none
*2/*113;n/a;Indeterminate;none
*2/*114;1.0;Intermediate Metabolizer;Abnormal/Priority/High Risk
*2/*115;n/a;Indeterminate;none
*2/*116;n/a;Indeterminate;none
*2/*117;n/a;Indeterminate;none
*2/*118;n/a;Indeterminate;none
*2/*119;1.25;Normal Metabolizer;Normal/Routine/ Low Risk
*2/*120;1.0;Intermediate Metabolizer;Abnormal/Priority/High Risk
*2/*121;n/a;Indeterminate;none
*2/*122;n/a;Indeterminate;none
*2/*123;n/a;Indeterminate;none
*2/*124;1.0;Intermediate Metabolizer;Abnormal/Priority/High Risk
*2/*125;n/a;Indeterminate;none
*2/*126;n/a;Indeterminate;none
*2/*127;n/a;Indeterminate;none
*2/*128;n/a;Indeterminate;none
*2/*129;1.0;Intermediate Metabolizer;Abnormal/Priority/High Risk
*2/*130;n/a;Indeterminate;none
*2/*131;n/a;Indeterminate;none
*2/*132;1.25;Normal Metabolizer;Normal/Routine/ Low Risk
*2/*133;n/a;Indeterminate;none
*2/*134;n/a;Indeterminate;none
*2/*135;n/a;Indeterminate;none
*2/*136;n/a;Indeterminate;none
*2/*137;n/a;Indeterminate;none
*2/*138;n/a;Indeterminate;none
*2/*139;n/a;Indeterminate;none
*2/*140;n/a;Indeterminate;none
*2/*141;n/a;Indeterminate;none
*2/*142;n/a;Indeterminate;none
*2/*143;1.0;Intermediate Metabolizer;Abnormal/Priority/High Risk
*2/*144;1.0;Intermediate Metabolizer;Abnormal/Priority/High Risk
*2/*145;n/a;Indeterminate;none
*2/*146;n/a;Indeterminate;none
*2/*146x2;n/a;Indeterminate;none
*2/*147;n/a;Indeterminate;none
*2/*148;n/a;Indeterminate;none
*2/*149;n/a;Indeterminate;none
*2/*152;n/a;Indeterminate;none
*2/*153;n/a;Indeterminate;none
*2/*154;n/a;Indeterminate;none
*2/*155;n/a;Indeterminate;none
*2/*156;1.0;Intermediate Metabolizer;Abnormal/Priority/High Risk
*2/*157;n/a;Indeterminate;none
*2/*158;n/a;Indeterminate;none
*2/*159;n/a;Indeterminate;none
*2/*160;n/a;Indeterminate;none
*2/*161;1.0;Intermediate Metabolizer;Abnormal/Priority/High Risk
*2/*162;n/a;Indeterminate;none
*2/*163;n/a;Indeterminate;none
*2x2/*2x2;4.0;Ultrarapid Metabolizer;Abnormal/Priority/High Risk
*2x2/*2x≥3;≥5.0;Ultrarapid Metabolizer;Abnormal/Priority/High Risk
*2x2/*3;2.0;Normal Metabolizer;Normal/Routine/ Low Risk
*2x2/*3x2;2.0;Normal Metabolizer;Normal/Routine/ Low Risk
*2x2/*4;2.0;Normal Metabolizer;Normal/Routine/ Low Risk
*2x2/*4x2;2.0;Normal Metabolizer;Normal/Routine/ Low Risk
*2x2/*4x≥3;2.0;Normal Metabolizer;Normal/Routine/ Low Risk
*2x2/*5;2.0;Normal Metabolizer;Normal/Routine/ Low Risk
*2x2/*6;2.0;Normal Metabolizer;Normal/Routine/ Low Risk
*2x2/*6x2;2.0;Normal Metabolizer;Normal/Routine/ Low Risk
*2x2/*7;2.0;Normal Metabolizer;Normal/Routine/ Low Risk
*2x2/*8;2.0;Normal Metabolizer;Normal/Routine/ Low Risk
*2x2/*9;2.25;Normal Metabolizer;Normal/Routine/ Low Risk
*2x2/*9x2;2.5;Ultrarapid Metabolizer;Abnormal/Priority/High Risk
*2x2/*10;2.25;Normal Metabolizer;Normal/Routine/ Low Risk
*2x2/*10x2;2.5;Ultrarapid Metabolizer;Abnormal/Priority/High Risk
*2x2/*11;2.0;Normal Metabolizer;Normal/Routine/ Low Risk
*2x2/*12;2.0;Normal Metabolizer;Normal/Routine/ Low Risk
*2x2/*13;2.0;Normal Metabolizer;Normal/Routine/ Low Risk
*2x2/*14;2.5;Ultrarapid Metabolizer;Abnormal/Priority/High Risk
*2x2/*15;2.0;Normal Metabolizer;Normal/Routine/ Low Risk
*2x2/*17;2.5;Ultrarapid Metabolizer;Abnormal/Priority/High Risk
*2x2/*17x2;3.0;Ultrarapid Metabolizer;Abnormal/Priority/High Risk
*2x2/*18;2.0;Normal Metabolizer;Normal/Routine/ Low Risk
*2x2/*19;2.0;Normal Metabolizer;Normal/Routine/ Low Risk
*2x2/*20;2.0;Normal Metabolizer;Normal/Routine/ Low Risk
*2x2/*21;2.0;Normal Metabolizer;Normal/Routine/ Low Risk
*2x2/*22;n/a;Indeterminate;none
*2x2/*23;n/a;Indeterminate;none
*2x2/*24;n/a;Indeterminate;none
*2x2/*25;n/a;Indeterminate;none
*2x2/*26;n/a;Indeterminate;none
*2x2/*27;3.0;Ultrarapid Metabolizer;Abnormal/Priority/High Risk
*2x2/*28;n/a;Indeterminate;none
*2x2/*29;2.5;Ultrarapid Metabolizer;Abnormal/Priority/High Risk
*2x2/*29x2;3.0;Ultrarapid Metabolizer;Abnormal/Priority/High Risk
*2x2/*30;n/a;Indeterminate;none
*2x2/*31;2.0;Normal Metabolizer;Normal/Routine/ Low Risk
*2x2/*32;2.25;Normal Metabolizer;Normal/Routine/ Low Risk
*2x2/*33;3.0;Ultrarapid Metabolizer;Abnormal/Priority/High Risk
*2x2/*34;3.0;Ultrarapid Metabolizer;Abnormal/Priority/High Risk
*2x2/*35;3.0;Ultrarapid Metabolizer;Abnormal/Priority/High Risk
*2x2/*35x2;4.0;Ultrarapid Metabolizer;Abnormal/Priority/High Risk
*2x2/*36;2.0;Normal Metabolizer;Normal/Routine/ Low Risk
*2x2/*36x2;2.0;Normal Metabolizer;Normal/Routine/ Low Risk
*2x2/*37;n/a;Indeterminate;none
*2x2/*38;2.0;Normal Metabolizer;Normal/Routine/ Low Risk
*2x2/*39;3.0;Ultrarapid Metabolizer;Abnormal/Priority/High Risk
*2x2/*40;2.0;Normal Metabolizer;Normal/Routine/ Low Risk
*2x2/*41;2.25;Normal Metabolizer;Normal/Routine/ Low Risk
*2x2/*41x2;2.5;Ultrarapid Metabolizer;Abnormal/Priority/High Risk
*2x2/*41x3;2.75;Ultrarapid Metabolizer;Abnormal/Priority/High Risk
*2x2/*42;2.0;Normal Metabolizer;Normal/Routine/ Low Risk
*2x2/*43;n/a;Indeterminate;none
*2x2/*43x2;n/a;Indeterminate;none
*2x2/*44;2.0;Normal Metabolizer;Normal/Routine/ Low Risk
*2x2/*45;3.0;Ultrarapid Metabolizer;Abnormal/Priority/High Risk
*2x2/*45x2;4.0;Ultrarapid Metabolizer;Abnormal/Priority/High Risk
*2x2/*46;3.0;Ultrarapid Metabolizer;Abnormal/Priority/High Risk
*2x2/*47;2.0;Normal Metabolizer;Normal/Routine/ Low Risk
*2x2/*48;3.0;Ultrarapid Metabolizer;Abnormal/Priority/High Risk
*2x2/*49;2.5;Ultrarapid Metabolizer;Abnormal/Priority/High Risk
*2x2/*50;2.5;Ultrarapid Metabolizer;Abnormal/Priority/High Risk
*2x2/*51;2.0;Normal Metabolizer;Normal/Routine/ Low Risk
*2x2/*52;2.25;Normal Metabolizer;Normal/Routine/ Low Risk
*2x2/*53;3.0;Ultrarapid Metabolizer;Abnormal/Priority/High Risk
*2x2/*54;2.5;Ultrarapid Metabolizer;Abnormal/Priority/High Risk
*2x2/*55;2.5;Ultrarapid Metabolizer;Abnormal/Priority/High Risk
*2x2/*56;2.0;Normal Metabolizer;Normal/Routine/ Low Risk
*2x2/*57;2.0;Normal Metabolizer;Normal/Routine/ Low Risk
*2x2/*58;n/a;Indeterminate;none
*2x2/*59;2.5;Ultrarapid Metabolizer;Abnormal/Priority/High Risk
*2x2/*60;2.0;Normal Metabolizer;Normal/Routine/ Low Risk
*2x2/*61;n/a;Indeterminate;none
*2x2/*62;2.0;Normal Metabolizer;Normal/Routine/ Low Risk
*2x2/*63;n/a;Indeterminate;none
*2x2/*64;n/a;Indeterminate;none
*2x2/*65;n/a;Indeterminate;none
*2x2/*68;2.0;Normal Metabolizer;Normal/Routine/ Low Risk
*2x2/*69;2.0;Normal Metabolizer;Normal/Routine/ Low Risk
*2x2/*70;n/a;Indeterminate;none
*2x2/*71;n/a;Indeterminate;none
*2x2/*72;n/a;Indeterminate;none
*2x2/*73;n/a;Indeterminate;none
*2x2/*74;n/a;Indeterminate;none
*2x2/*75;n/a;Indeterminate;none
*2x2/*81;2.0;Normal Metabolizer;Normal/Routine/ Low Risk
*2x2/*82;n/a;Indeterminate;none
*2x2/*83;n/a;Indeterminate;none
*2x2/*84;n/a;Indeterminate;none
*2x2/*85;n/a;Indeterminate;none
*2x2/*86;n/a;Indeterminate;none
*2x2/*87;n/a;Indeterminate;none
*2x2/*88;n/a;Indeterminate;none
*2x2/*89;n/a;Indeterminate;none
*2x2/*90;n/a;Indeterminate;none
*2x2/*91;2.25;Normal Metabolizer;Normal/Routine/ Low Risk
*2x2/*92;2.0;Normal Metabolizer;Normal/Routine/ Low Risk
*2x2/*93;n/a;Indeterminate;none
*2x2/*94;n/a;Indeterminate;none
*2x2/*95;n/a;Indeterminate;none
*2x2/*96;2.0;Normal Metabolizer;Normal/Routine/ Low Risk
*2x2/*97;n/a;Indeterminate;none
*2x2/*98;n/a;Indeterminate;none
*2x2/*99;2.0;Normal Metabolizer;Normal/Routine/ Low Risk
*2x2/*100;2.0;Normal Metabolizer;Normal/Routine/ Low Risk
*2x2/*101;2.0;Normal Metabolizer;Normal/Routine/ Low Risk
*2x2/*102;n/a;Indeterminate;none
*2x2/*103;n/a;Indeterminate;none
*2x2/*104;n/a;Indeterminate;none
*2x2/*105;n/a;Indeterminate;none
*2x2/*106;n/a;Indeterminate;none
*2x2/*107;n/a;Indeterminate;none
*2x2/*108;n/a;Indeterminate;none
*2x2/*109;2.25;Normal Metabolizer;Normal/Routine/ Low Risk
*2x2/*110;n/a;Indeterminate;none
*2x2/*111;n/a;Indeterminate;none
*2x2/*112;n/a;Indeterminate;none
*2x2/*113;n/a;Indeterminate;none
*2x2/*114;2.0;Normal Metabolizer;Normal/Routine/ Low Risk
*2x2/*115;n/a;Indeterminate;none
*2x2/*116;n/a;Indeterminate;none
*2x2/*117;n/a;Indeterminate;none
*2x2/*118;n/a;Indeterminate;none
*2x2/*119;2.25;Normal Metabolizer;Normal/Routine/ Low Risk
*2x2/*120;2.0;Normal Metabolizer;Normal/Routine/ Low Risk
*2x2/*121;n/a;Indeterminate;none
*2x2/*122;n/a;Indeterminate;none
*2x2/*123;n/a;Indeterminate;none
*2x2/*124;2.0;Normal Metabolizer;Normal/Routine/ Low Risk
*2x2/*125;n/a;Indeterminate;none
*2x2/*126;n/a;Indeterminate;none
*2x2/*127;n/a;Indeterminate;none
*2x2/*128;n/a;Indeterminate;none
*2x2/*129;2.0;Normal Metabolizer;Normal/Routine/ Low Risk
*2x2/*130;n/a;Indeterminate;none
*2x2/*131;n/a;Indeterminate;none
*2x2/*132;2.25;Normal Metabolizer;Normal/Routine/ Low Risk
*2x2/*133;n/a;Indeterminate;none
*2x2/*134;n/a;Indeterminate;none
*2x2/*135;n/a;Indeterminate;none
*2x2/*136;n/a;Indeterminate;none
*2x2/*137;n/a;Indeterminate;none
*2x2/*138;n/a;Indeterminate;none
*2x2/*139;n/a;Indeterminate;none
*2x2/*140;n/a;Indeterminate;none
*2x2/*141;n/a;Indeterminate;none
*2x2/*142;n/a;Indeterminate;none
*2x2/*143;2.0;Normal Metabolizer;Normal/Routine/ Low Risk
*2x2/*144;2.0;Normal Metabolizer;Normal/Routine/ Low Risk
*2x2/*145;n/a;Indeterminate;none
*2x2/*146;n/a;Indeterminate;none
*2x2/*146x2;n/a;Indeterminate;none
*2x2/*147;n/a;Indeterminate;none
*2x2/*148;n/a;Indeterminate;none
*2x2/*149;n/a;Indeterminate;none
*2x2/*152;n/a;Indeterminate;none
*2x2/*153;n/a;Indeterminate;none
*2x2/*154;n/a;Indeterminate;none
*2x2/*155;n/a;Indeterminate;none
*2x2/*156;2.0;Normal Metabolizer;Normal/Routine/ Low Risk
*2x2/*157;n/a;Indeterminate;none
*2x2/*158;n/a;Indeterminate;none
*2x2/*159;n/a;Indeterminate;none
*2x2/*160;n/a;Indeterminate;none
*2x2/*161;2.0;Normal Metabolizer;Normal/Routine/ Low Risk
*2x2/*162;n/a;Indeterminate;none
*2x2/*163;n/a;Indeterminate;none
*2x≥3/*2x≥3;≥6.0;Ultrarapid Metabolizer;Abnormal/Priority/High Risk
*2x≥3/*3;≥3.0;Ultrarapid Metabolizer;Abnormal/Priority/High Risk
*2x≥3/*3x2;≥3.0;Ultrarapid Metabolizer;Abnormal/Priority/High Risk
*2x≥3/*4;≥3.0;Ultrarapid Metabolizer;Abnormal/Priority/High Risk
*2x≥3/*4x2;≥3.0;Ultrarapid Metabolizer;Abnormal/Priority/High Risk
*2x≥3/*4x≥3;≥3.0;Ultrarapid Metabolizer;Abnormal/Priority/High Risk
*2x≥3/*5;≥3.0;Ultrarapid Metabolizer;Abnormal/Priority/High Risk
*2x≥3/*6;≥3.0;Ultrarapid Metabolizer;Abnormal/Priority/High Risk
*2x≥3/*6x2;≥3.0;Ultrarapid Metabolizer;Abnormal/Priority/High Risk
*2x≥3/*7;≥3.0;Ultrarapid Metabolizer;Abnormal/Priority/High Risk
*2x≥3/*8;≥3.0;Ultrarapid Metabolizer;Abnormal/Priority/High Risk
*2x≥3/*9;≥3.25;Ultrarapid Metabolizer;Abnormal/Priority/High Risk
*2x≥3/*9x2;≥3.5;Ultrarapid Metabolizer;Abnormal/Priority/High Risk
*2x≥3/*10;≥3.25;Ultrarapid Metabolizer;Abnormal/Priority/High Risk
*2x≥3/*10x2;≥3.5;Ultrarapid Metabolizer;Abnormal/Priority/High Risk
*2x≥3/*11;≥3.0;Ultrarapid Metabolizer;Abnormal/Priority/High Risk
*2x≥3/*12;≥3.0;Ultrarapid Metabolizer;Abnormal/Priority/High Risk
*2x≥3/*13;≥3.0;Ultrarapid Metabolizer;Abnormal/Priority/High Risk
*2x≥3/*14;≥3.5;Ultrarapid Metabolizer;Abnormal/Priority/High Risk
*2x≥3/*15;≥3.0;Ultrarapid Metabolizer;Abnormal/Priority/High Risk
*2x≥3/*17;≥3.5;Ultrarapid Metabolizer;Abnormal/Priority/High Risk
*2x≥3/*17x2;≥4.0;Ultrarapid Metabolizer;Abnormal/Priority/High Risk
*2x≥3/*18;≥3.0;Ultrarapid Metabolizer;Abnormal/Priority/High Risk
*2x≥3/*19;≥3.0;Ultrarapid Metabolizer;Abnormal/Priority/High Risk
*2x≥3/*20;≥3.0;Ultrarapid Metabolizer;Abnormal/Priority/High Risk
*2x≥3/*21;≥3.0;Ultrarapid Metabolizer;Abnormal/Priority/High Risk
*2x≥3/*22;n/a;Indeterminate;none
*2x≥3/*23;n/a;Indeterminate;none
*2x≥3/*24;n/a;Indeterminate;none
*2x≥3/*25;n/a;Indeterminate;none
*2x≥3/*26;n/a;Indeterminate;none
*2x≥3/*27;≥4.0;Ultrarapid Metabolizer;Abnormal/Priority/High Risk
*2x≥3/*28;n/a;Indeterminate;none
*2x≥3/*29;≥3.5;Ultrarapid Metabolizer;Abnormal/Priority/High Risk
*2x≥3/*29x2;≥4.0;Ultrarapid Metabolizer;Abnormal/Priority/High Risk
*2x≥3/*30;n/a;Indeterminate;none
*2x≥3/*31;≥3.0;Ultrarapid Metabolizer;Abnormal/Priority/High Risk
*2x≥3/*32;≥3.25;Ultrarapid Metabolizer;Abnormal/Priority/High Risk
*2x≥3/*33;≥4.0;Ultrarapid Metabolizer;Abnormal/Priority/High Risk
*2x≥3/*34;≥4.0;Ultrarapid Metabolizer;Abnormal/Priority/High Risk
*2x≥3/*35;≥4.0;Ultrarapid Metabolizer;Abnormal/Priority/High Risk
*2x≥3/*35x2;≥5.0;Ultrarapid Metabolizer;Abnormal/Priority/High Risk
*2x≥3/*36;≥3.0;Ultrarapid Metabolizer;Abnormal/Priority/High Risk
*2x≥3/*36x2;≥3.0;Ultrarapid Metabolizer;Abnormal/Priority/High Risk
*2x≥3/*37;n/a;Indeterminate;none
*2x≥3/*38;≥3.0;Ultrarapid Metabolizer;Abnormal/Priority/High Risk
*2x≥3/*39;≥4.0;Ultrarapid Metabolizer;Abnormal/Priority/High Risk
*2x≥3/*40;≥3.0;Ultrarapid Metabolizer;Abnormal/Priority/High Risk
*2x≥3/*41;≥3.25;Ultrarapid Metabolizer;Abnormal/Priority/High Risk
*2x≥3/*41x2;≥3.5;Ultrarapid Metabolizer;Abnormal/Priority/High Risk
*2x≥3/*41x3;≥3.75;Ultrarapid Metabolizer;Abnormal/Priority/High Risk
*2x≥3/*42;≥3.0;Ultrarapid Metabolizer;Abnormal/Priority/High Risk
*2x≥3/*43;n/a;Indeterminate;none
*2x≥3/*43x2;n/a;Indeterminate;none
*2x≥3/*44;≥3.0;Ultrarapid Metabolizer;Abnormal/Priority/High Risk
*2x≥3/*45;≥4.0;Ultrarapid Metabolizer;Abnormal/Priority/High Risk
*2x≥3/*45x2;≥5.0;Ultrarapid Metabolizer;Abnormal/Priority/High Risk
*2x≥3/*46;≥4.0;Ultrarapid Metabolizer;Abnormal/Priority/High Risk
*2x≥3/*47;≥3.0;Ultrarapid Metabolizer;Abnormal/Priority/High Risk
*2x≥3/*48;≥4.0;Ultrarapid Metabolizer;Abnormal/Priority/High Risk
*2x≥3/*49;≥3.5;Ultrarapid Metabolizer;Abnormal/Priority/High Risk
*2x≥3/*50;≥3.5;Ultrarapid Metabolizer;Abnormal/Priority/High Risk
*2x≥3/*51;≥3.0;Ultrarapid Metabolizer;Abnormal/Priority/High Risk
*2x≥3/*52;≥3.25;Ultrarapid Metabolizer;Abnormal/Priority/High Risk
*2x≥3/*53;≥4.0;Ultrarapid Metabolizer;Abnormal/Priority/High Risk
*2x≥3/*54;≥3.5;Ultrarapid Metabolizer;Abnormal/Priority/High Risk
*2x≥3/*55;≥3.5;Ultrarapid Metabolizer;Abnormal/Priority/High Risk
*2x≥3/*56;≥3.0;Ultrarapid Metabolizer;Abnormal/Priority/High Risk
*2x≥3/*57;≥3.0;Ultrarapid Metabolizer;Abnormal/Priority/High Risk
*2x≥3/*58;n/a;Indeterminate;none
*2x≥3/*59;≥3.5;Ultrarapid Metabolizer;Abnormal/Priority/High Risk
*2x≥3/*60;≥3.0;Ultrarapid Metabolizer;Abnormal/Priority/High Risk
*2x≥3/*61;n/a;Indeterminate;none
*2x≥3/*62;≥3.0;Ultrarapid Metabolizer;Abnormal/Priority/High Risk
*2x≥3/*63;n/a;Indeterminate;none
*2x≥3/*64;n/a;Indeterminate;none
*2x≥3/*65;n/a;Indeterminate;none
*2x≥3/*68;≥3.0;Ultrarapid Metabolizer;Abnormal/Priority/High Risk
*2x≥3/*69;≥3.0;Ultrarapid Metabolizer;Abnormal/Priority/High Risk
*2x≥3/*70;n/a;Indeterminate;none
*2x≥3/*71;n/a;Indeterminate;none
*2x≥3/*72;n/a;Indeterminate;none
*2x≥3/*73;n/a;Indeterminate;none
*2x≥3/*74;n/a;Indeterminate;none
*2x≥3/*75;n/a;Indeterminate;none
*2x≥3/*81;≥3.0;Ultrarapid Metabolizer;Abnormal/Priority/High Risk
*2x≥3/*82;n/a;Indeterminate;none
*2x≥3/*83;n/a;Indeterminate;none
*2x≥3/*84;n/a;Indeterminate;none
*2x≥3/*85;n/a;Indeterminate;none
*2x≥3/*86;n/a;Indeterminate;none
*2x≥3/*87;n/a;Indeterminate;none
*2x≥3/*88;n/a;Indeterminate;none
*2x≥3/*89;n/a;Indeterminate;none
*2x≥3/*90;n/a;Indeterminate;none
*2x≥3/*91;≥3.25;Ultrarapid Metabolizer;Abnormal/Priority/High Risk
*2x≥3/*92;≥3.0;Ultrarapid Metabolizer;Abnormal/Priority/High Risk
*2x≥3/*93;n/a;Indeterminate;none
*2x≥3/*94;n/a;Indeterminate;none
*2x≥3/*95;n/a;Indeterminate;none
*2x≥3/*96;≥3.0;Ultrarapid Metabolizer;Abnormal/Priority/High Risk
*2x≥3/*97;n/a;Indeterminate;none
*2x≥3/*98;n/a;Indeterminate;none
*2x≥3/*99;≥3.0;Ultrarapid Metabolizer;Abnormal/Priority/High Risk
*2x≥3/*100;≥3.0;Ultrarapid Metabolizer;Abnormal/Priority/High Risk
*2x≥3/*101;≥3.0;Ultrarapid Metabolizer;Abnormal/Priority/High Risk
*2x≥3/*102;n/a;Indeterminate;none
*2x≥3/*103;n/a;Indeterminate;none
*2x≥3/*104;n/a;Indeterminate;none
*2x≥3/*105;n/a;Indeterminate;none
*2x≥3/*106;n/a;Indeterminate;none
*2x≥3/*107;n/a;Indeterminate;none
*2x≥3/*108;n/a;Indeterminate;none
*2x≥3/*109;≥3.25;Ultrarapid Metabolizer;Abnormal/Priority/High Risk
*2x≥3/*110;n/a;Indeterminate;none
*2x≥3/*111;n/a;Indeterminate;none
*2x≥3/*112;n/a;Indeterminate;none
*2x≥3/*113;n/a;Indeterminate;none
*2x≥3/*114;≥3.0;Ultrarapid Metabolizer;Abnormal/Priority/High Risk
*2x≥3/*115;n/a;Indeterminate;none
*2x≥3/*116;n/a;Indeterminate;none
*2x≥3/*117;n/a;Indeterminate;none
*2x≥3/*118;n/a;Indeterminate;none
*2x≥3/*119;≥3.25;Ultrarapid Metabolizer;Abnormal/Priority/High Risk
*2x≥3/*120;≥3.0;Ultrarapid Metabolizer;Abnormal/Priority/High Risk
*2x≥3/*121;n/a;Indeterminate;none
*2x≥3/*122;n/a;Indeterminate;none
*2x≥3/*123;n/a;Indeterminate;none
*2x≥3/*124;≥3.0;Ultrarapid Metabolizer;Abnormal/Priority/High Risk
*2x≥3/*125;n/a;Indeterminate;none
*2x≥3/*126;n/a;Indeterminate;none
*2x≥3/*127;n/a;Indeterminate;none
*2x≥3/*128;n/a;Indeterminate;none
*2x≥3/*129;≥3.0;Ultrarapid Metabolizer;Abnormal/Priority/High Risk
*2x≥3/*130;n/a;Indeterminate;none
*2x≥3/*131;n/a;Indeterminate;none
*2x≥3/*132;≥3.25;Ultrarapid Metabolizer;Abnormal/Priority/High Risk
*2x≥3/*133;n/a;Indeterminate;none
*2x≥3/*134;n/a;Indeterminate;none
*2x≥3/*135;n/a;Indeterminate;none
*2x≥3/*136;n/a;Indeterminate;none
*2x≥3/*137;n/a;Indeterminate;none
*2x≥3/*138;n/a;Indeterminate;none
*2x≥3/*139;n/a;Indeterminate;none
*2x≥3/*140;n/a;Indeterminate;none
*2x≥3/*141;n/a;Indeterminate;none
*2x≥3/*142;n/a;Indeterminate;none
*2x≥3/*143;≥3.0;Ultrarapid Metabolizer;Abnormal/Priority/High Risk
*2x≥3/*144;≥3.0;Ultrarapid Metabolizer;Abnormal/Priority/High Risk
*2x≥3/*145;n/a;Indeterminate;none
*2x≥3/*146;n/a;Indeterminate;none
*2x≥3/*146x2;n/a;Indeterminate;none
*2x≥3/*147;n/a;Indeterminate;none
*2x≥3/*148;n/a;Indeterminate;none
*2x≥3/*149;n/a;Indeterminate;none
*2x≥3/*152;n/a;Indeterminate;none
*2x≥3/*153;n/a;Indeterminate;none
*2x≥3/*154;n/a;Indeterminate;none
*2x≥3/*155;n/a;Indeterminate;none
*2x≥3/*156;≥3.0;Ultrarapid Metabolizer;Abnormal/Priority/High Risk
*2x≥3/*157;n/a;Indeterminate;none
*2x≥3/*158;n/a;Indeterminate;none
*2x≥3/*159;n/a;Indeterminate;none
*2x≥3/*160;n/a;Indeterminate;none
*2x≥3/*161;≥3.0;Ultrarapid Metabolizer;Abnormal/Priority/High Risk
*2x≥3/*162;n/a;Indeterminate;none
*2x≥3/*163;n/a;Indeterminate;none
*3/*3;0.0;Poor Metabolizer;Abnormal/Priority/High Risk
*3/*3x2;0.0;Poor Metabolizer;Abnormal/Priority/High Risk
*3/*4;0.0;Poor Metabolizer;Abnormal/Priority/High Risk
*3/*4x2;0.0;Poor Metabolizer;Abnormal/Priority/High Risk
*3/*4x≥3;0.0;Poor Metabolizer;Abnormal/Priority/High Risk
*3/*5;0.0;Poor Metabolizer;Abnormal/Priority/High Risk
*3/*6;0.0;Poor Metabolizer;Abnormal/Priority/High Risk
*3/*6x2;0.0;Poor Metabolizer;Abnormal/Priority/High Risk
*3/*7;0.0;Poor Metabolizer;Abnormal/Priority/High Risk
*3/*8;0.0;Poor Metabolizer;Abnormal/Priority/High Risk
*3/*9;0.25;Intermediate Metabolizer;Abnormal/Priority/High Risk
*3/*9x2;0.5;Intermediate Metabolizer;Abnormal/Priority/High Risk
*3/*10;0.25;Intermediate Metabolizer;Abnormal/Priority/High Risk
*3/*10x2;0.5;Intermediate Metabolizer;Abnormal/Priority/High Risk
*3/*11;0.0;Poor Metabolizer;Abnormal/Priority/High Risk
*3/*12;0.0;Poor Metabolizer;Abnormal/Priority/High Risk
*3/*13;0.0;Poor Metabolizer;Abnormal/Priority/High Risk
*3/*14;0.5;Intermediate Metabolizer;Abnormal/Priority/High Risk
*3/*15;0.0;Poor Metabolizer;Abnormal/Priority/High Risk
*3/*17;0.5;Intermediate Metabolizer;Abnormal/Priority/High Risk
*3/*17x2;1.0;Intermediate Metabolizer;Abnormal/Priority/High Risk
*3/*18;0.0;Poor Metabolizer;Abnormal/Priority/High Risk
*3/*19;0.0;Poor Metabolizer;Abnormal/Priority/High Risk
*3/*20;0.0;Poor Metabolizer;Abnormal/Priority/High Risk
*3/*21;0.0;Poor Metabolizer;Abnormal/Priority/High Risk
*3/*22;n/a;Indeterminate;none
*3/*23;n/a;Indeterminate;none
*3/*24;n/a;Indeterminate;none
*3/*25;n/a;Indeterminate;none
*3/*26;n/a;Indeterminate;none
*3/*27;1.0;Intermediate Metabolizer;Abnormal/Priority/High Risk
*3/*28;n/a;Indeterminate;none
*3/*29;0.5;Intermediate Metabolizer;Abnormal/Priority/High Risk
*3/*29x2;1.0;Intermediate Metabolizer;Abnormal/Priority/High Risk
*3/*30;n/a;Indeterminate;none
*3/*31;0.0;Poor Metabolizer;Abnormal/Priority/High Risk
*3/*32;0.25;Intermediate Metabolizer;Abnormal/Priority/High Risk
*3/*33;1.0;Intermediate Metabolizer;Abnormal/Priority/High Risk
*3/*34;1.0;Intermediate Metabolizer;Abnormal/Priority/High Risk
*3/*35;1.0;Intermediate Metabolizer;Abnormal/Priority/High Risk
*3/*35x2;2.0;Normal Metabolizer;Normal/Routine/ Low Risk
*3/*36;0.0;Poor Metabolizer;Abnormal/Priority/High Risk
*3/*36x2;0.0;Poor Metabolizer;Abnormal/Priority/High Risk
*3/*37;n/a;Indeterminate;none
*3/*38;0.0;Poor Metabolizer;Abnormal/Priority/High Risk
*3/*39;1.0;Intermediate Metabolizer;Abnormal/Priority/High Risk
*3/*40;0.0;Poor Metabolizer;Abnormal/Priority/High Risk
*3/*41;0.25;Intermediate Metabolizer;Abnormal/Priority/High Risk
*3/*41x2;0.5;Intermediate Metabolizer;Abnormal/Priority/High Risk
*3/*41x3;0.75;Intermediate Metabolizer;Abnormal/Priority/High Risk
*3/*42;0.0;Poor Metabolizer;Abnormal/Priority/High Risk
*3/*43;n/a;Indeterminate;none
*3/*43x2;n/a;Indeterminate;none
*3/*44;0.0;Poor Metabolizer;Abnormal/Priority/High Risk
*3/*45;1.0;Intermediate Metabolizer;Abnormal/Priority/High Risk
*3/*45x2;2.0;Normal Metabolizer;Normal/Routine/ Low Risk
*3/*46;1.0;Intermediate Metabolizer;Abnormal/Priority/High Risk
*3/*47;0.0;Poor Metabolizer;Abnormal/Priority/High Risk
*3/*48;1.0;Intermediate Metabolizer;Abnormal/Priority/High Risk
*3/*49;0.5;Intermediate Metabolizer;Abnormal/Priority/High Risk
*3/*50;0.5;Intermediate Metabolizer;Abnormal/Priority/High Risk
*3/*51;0.0;Poor Metabolizer;Abnormal/Priority/High Risk
*3/*52;0.25;Intermediate Metabolizer;Abnormal/Priority/High Risk
*3/*53;1.0;Intermediate Metabolizer;Abnormal/Priority/High Risk
*3/*54;0.5;Intermediate Metabolizer;Abnormal/Priority/High Risk
*3/*55;0.5;Intermediate Metabolizer;Abnormal/Priority/High Risk
*3/*56;0.0;Poor Metabolizer;Abnormal/Priority/High Risk
*3/*57;0.0;Poor Metabolizer;Abnormal/Priority/High Risk
*3/*58;n/a;Indeterminate;none
*3/*59;0.5;Intermediate Metabolizer;Abnormal/Priority/High Risk
*3/*60;0.0;Poor Metabolizer;Abnormal/Priority/High Risk
*3/*61;n/a;Indeterminate;none
*3/*62;0.0;Poor Metabolizer;Abnormal/Priority/High Risk
*3/*63;n/a;Indeterminate;none
*3/*64;n/a;Indeterminate;none
*3/*65;n/a;Indeterminate;none
*3/*68;0.0;Poor Metabolizer;Abnormal/Priority/High Risk
*3/*69;0.0;Poor Metabolizer;Abnormal/Priority/High Risk
*3/*70;n/a;Indeterminate;none
*3/*71;n/a;Indeterminate;none
*3/*72;n/a;Indeterminate;none
*3/*73;n/a;Indeterminate;none
*3/*74;n/a;Indeterminate;none
*3/*75;n/a;Indeterminate;none
*3/*81;0.0;Poor Metabolizer;Abnormal/Priority/High Risk
*3/*82;n/a;Indeterminate;none
*3/*83;n/a;Indeterminate;none
*3/*84;n/a;Indeterminate;none
*3/*85;n/a;Indeterminate;none
*3/*86;n/a;Indeterminate;none
*3/*87;n/a;Indeterminate;none
*3/*88;n/a;Indeterminate;none
*3/*89;n/a;Indeterminate;none
*3/*90;n/a;Indeterminate;none
*3/*91;0.25;Intermediate Metabolizer;Abnormal/Priority/High Risk
*3/*92;0.0;Poor Metabolizer;Abnormal/Priority/High Risk
*3/*93;n/a;Indeterminate;none
*3/*94;n/a;Indeterminate;none
*3/*95;n/a;Indeterminate;none
*3/*96;0.0;Poor Metabolizer;Abnormal/Priority/High Risk
*3/*97;n/a;Indeterminate;none
*3/*98;n/a;Indeterminate;none
*3/*99;0.0;Poor Metabolizer;Abnormal/Priority/High Risk
*3/*100;0.0;Poor Metabolizer;Abnormal/Priority/High Risk
*3/*101;0.0;Poor Metabolizer;Abnormal/Priority/High Risk
*3/*102;n/a;Indeterminate;none
*3/*103;n/a;Indeterminate;none
*3/*104;n/a;Indeterminate;none
*3/*105;n/a;Indeterminate;none
*3/*106;n/a;Indeterminate;none
*3/*107;n/a;Indeterminate;none
*3/*108;n/a;Indeterminate;none
*3/*109;0.25;Intermediate Metabolizer;Abnormal/Priority/High Risk
*3/*110;n/a;Indeterminate;none
*3/*111;n/a;Indeterminate;none
*3/*112;n/a;Indeterminate;none
*3/*113;n/a;Indeterminate;none
*3/*114;0.0;Poor Metabolizer;Abnormal/Priority/High Risk
*3/*115;n/a;Indeterminate;none
*3/*116;n/a;Indeterminate;none
*3/*117;n/a;Indeterminate;none
*3/*118;n/a;Indeterminate;none
*3/*119;0.25;Intermediate Metabolizer;Abnormal/Priority/High Risk
*3/*120;0.0;Poor Metabolizer;Abnormal/Priority/High Risk
*3/*121;n/a;Indeterminate;none
*3/*122;n/a;Indeterminate;none
*3/*123;n/a;Indeterminate;none
*3/*124;0.0;Poor Metabolizer;Abnormal/Priority/High Risk
*3/*125;n/a;Indeterminate;none
*3/*126;n/a;Indeterminate;none
*3/*127;n/a;Indeterminate;none
*3/*128;n/a;Indeterminate;none
*3/*129;0.0;Poor Metabolizer;Abnormal/Priority/High Risk
*3/*130;n/a;Indeterminate;none
*3/*131;n/a;Indeterminate;none
*3/*132;0.25;Intermediate Metabolizer;Abnormal/Priority/High Risk
*3/*133;n/a;Indeterminate;none
*3/*134;n/a;Indeterminate;none
*3/*135;n/a;Indeterminate;none
*3/*136;n/a;Indeterminate;none
*3/*137;n/a;Indeterminate;none
*3/*138;n/a;Indeterminate;none
*3/*139;n/a;Indeterminate;none
*3/*140;n/a;Indeterminate;none
*3/*141;n/a;Indeterminate;none
*3/*142;n/a;Indeterminate;none
*3/*143;0.0;Poor Metabolizer;Abnormal/Priority/High Risk
*3/*144;0.0;Poor Metabolizer;Abnormal/Priority/High Risk
*3/*145;n/a;Indeterminate;none
*3/*146;n/a;Indeterminate;none
*3/*146x2;n/a;Indeterminate;none
*3/*147;n/a;Indeterminate;none
*3/*148;n/a;Indeterminate;none
*3/*149;n/a;Indeterminate;none
*3/*152;n/a;Indeterminate;none
*3/*153;n/a;Indeterminate;none
*3/*154;n/a;Indeterminate;none
*3/*155;n/a;Indeterminate;none
*3/*156;0.0;Poor Metabolizer;Abnormal/Priority/High Risk
*3/*157;n/a;Indeterminate;none
*3/*158;n/a;Indeterminate;none
*3/*159;n/a;Indeterminate;none
*3/*160;n/a;Indeterminate;none
*3/*161;0.0;Poor Metabolizer;Abnormal/Priority/High Risk
*3/*162;n/a;Indeterminate;none
*3/*163;n/a;Indeterminate;none
*3x2/*3x2;0.0;Poor Metabolizer;Abnormal/Priority/High Risk
*3x2/*4;0.0;Poor Metabolizer;Abnormal/Priority/High Risk
*3x2/*4x2;0.0;Poor Metabolizer;Abnormal/Priority/High Risk
*3x2/*4x≥3;0.0;Poor Metabolizer;Abnormal/Priority/High Risk
*3x2/*5;0.0;Poor Metabolizer;Abnormal/Priority/High Risk
*3x2/*6;0.0;Poor Metabolizer;Abnormal/Priority/High Risk
*3x2/*6x2;0.0;Poor Metabolizer;Abnormal/Priority/High Risk
*3x2/*7;0.0;Poor Metabolizer;Abnormal/Priority/High Risk
*3x2/*8;0.0;Poor Metabolizer;Abnormal/Priority/High Risk
*3x2/*9;0.25;Intermediate Metabolizer;Abnormal/Priority/High Risk
*3x2/*9x2;0.5;Intermediate Metabolizer;Abnormal/Priority/High Risk
*3x2/*10;0.25;Intermediate Metabolizer;Abnormal/Priority/High Risk
*3x2/*10x2;0.5;Intermediate Metabolizer;Abnormal/Priority/High Risk
*3x2/*11;0.0;Poor Metabolizer;Abnormal/Priority/High Risk
*3x2/*12;0.0;Poor Metabolizer;Abnormal/Priority/High Risk
*3x2/*13;0.0;Poor Metabolizer;Abnormal/Priority/High Risk
*3x2/*14;0.5;Intermediate Metabolizer;Abnormal/Priority/High Risk
*3x2/*15;0.0;Poor Metabolizer;Abnormal/Priority/High Risk
*3x2/*17;0.5;Intermediate Metabolizer;Abnormal/Priority/High Risk
*3x2/*17x2;1.0;Intermediate Metabolizer;Abnormal/Priority/High Risk
*3x2/*18;0.0;Poor Metabolizer;Abnormal/Priority/High Risk
*3x2/*19;0.0;Poor Metabolizer;Abnormal/Priority/High Risk
*3x2/*20;0.0;Poor Metabolizer;Abnormal/Priority/High Risk
*3x2/*21;0.0;Poor Metabolizer;Abnormal/Priority/High Risk
*3x2/*22;n/a;Indeterminate;none
*3x2/*23;n/a;Indeterminate;none
*3x2/*24;n/a;Indeterminate;none
*3x2/*25;n/a;Indeterminate;none
*3x2/*26;n/a;Indeterminate;none
*3x2/*27;1.0;Intermediate Metabolizer;Abnormal/Priority/High Risk
*3x2/*28;n/a;Indeterminate;none
*3x2/*29;0.5;Intermediate Metabolizer;Abnormal/Priority/High Risk
*3x2/*29x2;1.0;Intermediate Metabolizer;Abnormal/Priority/High Risk
*3x2/*30;n/a;Indeterminate;none
*3x2/*31;0.0;Poor Metabolizer;Abnormal/Priority/High Risk
*3x2/*32;0.25;Intermediate Metabolizer;Abnormal/Priority/High Risk
*3x2/*33;1.0;Intermediate Metabolizer;Abnormal/Priority/High Risk
*3x2/*34;1.0;Intermediate Metabolizer;Abnormal/Priority/High Risk
*3x2/*35;1.0;Intermediate Metabolizer;Abnormal/Priority/High Risk
*3x2/*35x2;2.0;Normal Metabolizer;Normal/Routine/ Low Risk
*3x2/*36;0.0;Poor Metabolizer;Abnormal/Priority/High Risk
*3x2/*36x2;0.0;Poor Metabolizer;Abnormal/Priority/High Risk
*3x2/*37;n/a;Indeterminate;none
*3x2/*38;0.0;Poor Metabolizer;Abnormal/Priority/High Risk
*3x2/*39;1.0;Intermediate Metabolizer;Abnormal/Priority/High Risk
*3x2/*40;0.0;Poor Metabolizer;Abnormal/Priority/High Risk
*3x2/*41;0.25;Intermediate Metabolizer;Abnormal/Priority/High Risk
*3x2/*41x2;0.5;Intermediate Metabolizer;Abnormal/Priority/High Risk
*3x2/*41x3;0.75;Intermediate Metabolizer;Abnormal/Priority/High Risk
*3x2/*42;0.0;Poor Metabolizer;Abnormal/Priority/High Risk
*3x2/*43;n/a;Indeterminate;none
*3x2/*43x2;n/a;Indeterminate;none
*3x2/*44;0.0;Poor Metabolizer;Abnormal/Priority/High Risk
*3x2/*45;1.0;Intermediate Metabolizer;Abnormal/Priority/High Risk
*3x2/*45x2;2.0;Normal Metabolizer;Normal/Routine/ Low Risk
*3x2/*46;1.0;Intermediate Metabolizer;Abnormal/Priority/High Risk
*3x2/*47;0.0;Poor Metabolizer;Abnormal/Priority/High Risk
*3x2/*48;1.0;Intermediate Metabolizer;Abnormal/Priority/High Risk
*3x2/*49;0.5;Intermediate Metabolizer;Abnormal/Priority/High Risk
*3x2/*50;0.5;Intermediate Metabolizer;Abnormal/Priority/High Risk
*3x2/*51;0.0;Poor Metabolizer;Abnormal/Priority/High Risk
*3x2/*52;0.25;Intermediate Metabolizer;Abnormal/Priority/High Risk
*3x2/*53;1.0;Intermediate Metabolizer;Abnormal/Priority/High Risk
*3x2/*54;0.5;Intermediate Metabolizer;Abnormal/Priority/High Risk
*3x2/*55;0.5;Intermediate Metabolizer;Abnormal/Priority/High Risk
*3x2/*56;0.0;Poor Metabolizer;Abnormal/Priority/High Risk
*3x2/*57;0.0;Poor Metabolizer;Abnormal/Priority/High Risk
*3x2/*58;n/a;Indeterminate;none
*3x2/*59;0.5;Intermediate Metabolizer;Abnormal/Priority/High Risk
*3x2/*60;0.0;Poor Metabolizer;Abnormal/Priority/High Risk
*3x2/*61;n/a;Indeterminate;none
*3x2/*62;0.0;Poor Metabolizer;Abnormal/Priority/High Risk
*3x2/*63;n/a;Indeterminate;none
*3x2/*64;n/a;Indeterminate;none
*3x2/*65;n/a;Indeterminate;none
*3x2/*68;0.0;Poor Metabolizer;Abnormal/Priority/High Risk
*3x2/*69;0.0;Poor Metabolizer;Abnormal/Priority/High Risk
*3x2/*70;n/a;Indeterminate;none
*3x2/*71;n/a;Indeterminate;none
*3x2/*72;n/a;Indeterminate;none
*3x2/*73;n/a;Indeterminate;none
*3x2/*74;n/a;Indeterminate;none
*3x2/*75;n/a;Indeterminate;none
*3x2/*81;0.0;Poor Metabolizer;Abnormal/Priority/High Risk
*3x2/*82;n/a;Indeterminate;none
*3x2/*83;n/a;Indeterminate;none
*3x2/*84;n/a;Indeterminate;none
*3x2/*85;n/a;Indeterminate;none
*3x2/*86;n/a;Indeterminate;none
*3x2/*87;n/a;Indeterminate;none
*3x2/*88;n/a;Indeterminate;none
*3x2/*89;n/a;Indeterminate;none
*3x2/*90;n/a;Indeterminate;none
*3x2/*91;0.25;Intermediate Metabolizer;Abnormal/Priority/High Risk
*3x2/*92;0.0;Poor Metabolizer;Abnormal/Priority/High Risk
*3x2/*93;n/a;Indeterminate;none
*3x2/*94;n/a;Indeterminate;none
*3x2/*95;n/a;Indeterminate;none
*3x2/*96;0.0;Poor Metabolizer;Abnormal/Priority/High Risk
*3x2/*97;n/a;Indeterminate;none
*3x2/*98;n/a;Indeterminate;none
*3x2/*99;0.0;Poor Metabolizer;Abnormal/Priority/High Risk
*3x2/*100;0.0;Poor Metabolizer;Abnormal/Priority/High Risk
*3x2/*101;0.0;Poor Metabolizer;Abnormal/Priority/High Risk
*3x2/*102;n/a;Indeterminate;none
*3x2/*103;n/a;Indeterminate;none
*3x2/*104;n/a;Indeterminate;none
*3x2/*105;n/a;Indeterminate;none
*3x2/*106;n/a;Indeterminate;none
*3x2/*107;n/a;Indeterminate;none
*3x2/*108;n/a;Indeterminate;none
*3x2/*109;0.25;Intermediate Metabolizer;Abnormal/Priority/High Risk
*3x2/*110;n/a;Indeterminate;none
*3x2/*111;n/a;Indeterminate;none
*3x2/*112;n/a;Indeterminate;none
*3x2/*113;n/a;Indeterminate;none
*3x2/*114;0.0;Poor Metabolizer;Abnormal/Priority/High Risk
*3x2/*115;n/a;Indeterminate;none
*3x2/*116;n/a;Indeterminate;none
*3x2/*117;n/a;Indeterminate;none
*3x2/*118;n/a;Indeterminate;none
*3x2/*119;0.25;Intermediate Metabolizer;Abnormal/Priority/High Risk
*3x2/*120;0.0;Poor Metabolizer;Abnormal/Priority/High Risk
*3x2/*121;n/a;Indeterminate;none
*3x2/*122;n/a;Indeterminate;none
*3x2/*123;n/a;Indeterminate;none
*3x2/*124;0.0;Poor Metabolizer;Abnormal/Priority/High Risk
*3x2/*125;n/a;Indeterminate;none
*3x2/*126;n/a;Indeterminate;none
*3x2/*127;n/a;Indeterminate;none
*3x2/*128;n/a;Indeterminate;none
*3x2/*129;0.0;Poor Metabolizer;Abnormal/Priority/High Risk
*3x2/*130;n/a;Indeterminate;none
*3x2/*131;n/a;Indeterminate;none
*3x2/*132;0.25;Intermediate Metabolizer;Abnormal/Priority/High Risk
*3x2/*133;n/a;Indeterminate;none
*3x2/*134;n/a;Indeterminate;none
*3x2/*135;n/a;Indeterminate;none
*3x2/*136;n/a;Indeterminate;none
*3x2/*137;n/a;Indeterminate;none
*3x2/*138;n/a;Indeterminate;none
*3x2/*139;n/a;Indeterminate;none
*3x2/*140;n/a;Indeterminate;none
*3x2/*141;n/a;Indeterminate;none
*3x2/*142;n/a;Indeterminate;none
*3x2/*143;0.0;Poor Metabolizer;Abnormal/Priority/High Risk
*3x2/*144;0.0;Poor Metabolizer;Abnormal/Priority/High Risk
*3x2/*145;n/a;Indeterminate;none
*3x2/*146;n/a;Indeterminate;none
*3x2/*146x2;n/a;Indeterminate;none
*3x2/*147;n/a;Indeterminate;none
*3x2/*148;n/a;Indeterminate;none
*3x2/*149;n/a;Indeterminate;none
*3x2/*152;n/a;Indeterminate;none
*3x2/*153;n/a;Indeterminate;none
*3x2/*154;n/a;Indeterminate;none
*3x2/*155;n/a;Indeterminate;none
*3x2/*156;0.0;Poor Metabolizer;Abnormal/Priority/High Risk
*3x2/*157;n/a;Indeterminate;none
*3x2/*158;n/a;Indeterminate;none
*3x2/*159;n/a;Indeterminate;none
*3x2/*160;n/a;Indeterminate;none
*3x2/*161;0.0;Poor Metabolizer;Abnormal/Priority/High Risk
*3x2/*162;n/a;Indeterminate;none
*3x2/*163;n/a;Indeterminate;none
*4/*4;0.0;Poor Metabolizer;Abnormal/Priority/High Risk
*4/*4x2;0.0;Poor Metabolizer;Abnormal/Priority/High Risk
*4/*4x≥3;0.0;Poor Metabolizer;Abnormal/Priority/High Risk
*4/*5;0.0;Poor Metabolizer;Abnormal/Priority/High Risk
*4/*6;0.0;Poor Metabolizer;Abnormal/Priority/High Risk
*4/*6x2;0.0;Poor Metabolizer;Abnormal/Priority/High Risk
*4/*7;0.0;Poor Metabolizer;Abnormal/Priority/High Risk
*4/*8;0.0;Poor Metabolizer;Abnormal/Priority/High Risk
*4/*9;0.25;Intermediate Metabolizer;Abnormal/Priority/High Risk
*4/*9x2;0.5;Intermediate Metabolizer;Abnormal/Priority/High Risk
*4/*10;0.25;Intermediate Metabolizer;Abnormal/Priority/High Risk
*4/*10x2;0.5;Intermediate Metabolizer;Abnormal/Priority/High Risk
*4/*11;0.0;Poor Metabolizer;Abnormal/Priority/High Risk
*4/*12;0.0;Poor Metabolizer;Abnormal/Priority/High Risk
*4/*13;0.0;Poor Metabolizer;Abnormal/Priority/High Risk
*4/*14;0.5;Intermediate Metabolizer;Abnormal/Priority/High Risk
*4/*15;0.0;Poor Metabolizer;Abnormal/Priority/High Risk
*4/*17;0.5;Intermediate Metabolizer;Abnormal/Priority/High Risk
*4/*17x2;1.0;Intermediate Metabolizer;Abnormal/Priority/High Risk
*4/*18;0.0;Poor Metabolizer;Abnormal/Priority/High Risk
*4/*19;0.0;Poor Metabolizer;Abnormal/Priority/High Risk
*4/*20;0.0;Poor Metabolizer;Abnormal/Priority/High Risk
*4/*21;0.0;Poor Metabolizer;Abnormal/Priority/High Risk
*4/*22;n/a;Indeterminate;none
*4/*23;n/a;Indeterminate;none
*4/*24;n/a;Indeterminate;none
*4/*25;n/a;Indeterminate;none
*4/*26;n/a;Indeterminate;none
*4/*27;1.0;Intermediate Metabolizer;Abnormal/Priority/High Risk
*4/*28;n/a;Indeterminate;none
*4/*29;0.5;Intermediate Metabolizer;Abnormal/Priority/High Risk
*4/*29x2;1.0;Intermediate Metabolizer;Abnormal/Priority/High Risk
*4/*30;n/a;Indeterminate;none
*4/*31;0.0;Poor Metabolizer;Abnormal/Priority/High Risk
*4/*32;0.25;Intermediate Metabolizer;Abnormal/Priority/High Risk
*4/*33;1.0;Intermediate Metabolizer;Abnormal/Priority/High Risk
*4/*34;1.0;Intermediate Metabolizer;Abnormal/Priority/High Risk
*4/*35;1.0;Intermediate Metabolizer;Abnormal/Priority/High Risk
*4/*35x2;2.0;Normal Metabolizer;Normal/Routine/ Low Risk
*4/*36;0.0;Poor Metabolizer;Abnormal/Priority/High Risk
*4/*36x2;0.0;Poor Metabolizer;Abnormal/Priority/High Risk
*4/*37;n/a;Indeterminate;none
*4/*38;0.0;Poor Metabolizer;Abnormal/Priority/High Risk
*4/*39;1.0;Intermediate Metabolizer;Abnormal/Priority/High Risk
*4/*40;0.0;Poor Metabolizer;Abnormal/Priority/High Risk
*4/*41;0.25;Intermediate Metabolizer;Abnormal/Priority/High Risk
*4/*41x2;0.5;Intermediate Metabolizer;Abnormal/Priority/High Risk
*4/*41x3;0.75;Intermediate Metabolizer;Abnormal/Priority/High Risk
*4/*42;0.0;Poor Metabolizer;Abnormal/Priority/High Risk
*4/*43;n/a;Indeterminate;none
*4/*43x2;n/a;Indeterminate;none
*4/*44;0.0;Poor Metabolizer;Abnormal/Priority/High Risk
*4/*45;1.0;Intermediate Metabolizer;Abnormal/Priority/High Risk
*4/*45x2;2.0;Normal Metabolizer;Normal/Routine/ Low Risk
*4/*46;1.0;Intermediate Metabolizer;Abnormal/Priority/High Risk
*4/*47;0.0;Poor Metabolizer;Abnormal/Priority/High Risk
*4/*48;1.0;Intermediate Metabolizer;Abnormal/Priority/High Risk
*4/*49;0.5;Intermediate Metabolizer;Abnormal/Priority/High Risk
*4/*50;0.5;Intermediate Metabolizer;Abnormal/Priority/High Risk
*4/*51;0.0;Poor Metabolizer;Abnormal/Priority/High Risk
*4/*52;0.25;Intermediate Metabolizer;Abnormal/Priority/High Risk
*4/*53;1.0;Intermediate Metabolizer;Abnormal/Priority/High Risk
*4/*54;0.5;Intermediate Metabolizer;Abnormal/Priority/High Risk
*4/*55;0.5;Intermediate Metabolizer;Abnormal/Priority/High Risk
*4/*56;0.0;Poor Metabolizer;Abnormal/Priority/High Risk
*4/*57;0.0;Poor Metabolizer;Abnormal/Priority/High Risk
*4/*58;n/a;Indeterminate;none
*4/*59;0.5;Intermediate Metabolizer;Abnormal/Priority/High Risk
*4/*60;0.0;Poor Metabolizer;Abnormal/Priority/High Risk
*4/*61;n/a;Indeterminate;none
*4/*62;0.0;Poor Metabolizer;Abnormal/Priority/High Risk
*4/*63;n/a;Indeterminate;none
*4/*64;n/a;Indeterminate;none
*4/*65;n/a;Indeterminate;none
*4/*68;0.0;Poor Metabolizer;Abnormal/Priority/High Risk
*4/*69;0.0;Poor Metabolizer;Abnormal/Priority/High Risk
*4/*70;n/a;Indeterminate;none
*4/*71;n/a;Indeterminate;none
*4/*72;n/a;Indeterminate;none
*4/*73;n/a;Indeterminate;none
*4/*74;n/a;Indeterminate;none
*4/*75;n/a;Indeterminate;none
*4/*81;0.0;Poor Metabolizer;Abnormal/Priority/High Risk
*4/*82;n/a;Indeterminate;none
*4/*83;n/a;Indeterminate;none
*4/*84;n/a;Indeterminate;none
*4/*85;n/a;Indeterminate;none
*4/*86;n/a;Indeterminate;none
*4/*87;n/a;Indeterminate;none
*4/*88;n/a;Indeterminate;none
*4/*89;n/a;Indeterminate;none
*4/*90;n/a;Indeterminate;none
*4/*91;0.25;Intermediate Metabolizer;Abnormal/Priority/High Risk
*4/*92;0.0;Poor Metabolizer;Abnormal/Priority/High Risk
*4/*93;n/a;Indeterminate;none
*4/*94;n/a;Indeterminate;none
*4/*95;n/a;Indeterminate;none
*4/*96;0.0;Poor Metabolizer;Abnormal/Priority/High Risk
*4/*97;n/a;Indeterminate;none
*4/*98;n/a;Indeterminate;none
*4/*99;0.0;Poor Metabolizer;Abnormal/Priority/High Risk
*4/*100;0.0;Poor Metabolizer;Abnormal/Priority/High Risk
*4/*101;0.0;Poor Metabolizer;Abnormal/Priority/High Risk
*4/*102;n/a;Indeterminate;none
*4/*103;n/a;Indeterminate;none
*4/*104;n/a;Indeterminate;none
*4/*105;n/a;Indeterminate;none
*4/*106;n/a;Indeterminate;none
*4/*107;n/a;Indeterminate;none
*4/*108;n/a;Indeterminate;none
*4/*109;0.25;Intermediate Metabolizer;Abnormal/Priority/High Risk
*4/*110;n/a;Indeterminate;none
*4/*111;n/a;Indeterminate;none
*4/*112;n/a;Indeterminate;none
*4/*113;n/a;Indeterminate;none
*4/*114;0.0;Poor Metabolizer;Abnormal/Priority/High Risk
*4/*115;n/a;Indeterminate;none
*4/*116;n/a;Indeterminate;none
*4/*117;n/a;Indeterminate;none
*4/*118;n/a;Indeterminate;none
*4/*119;0.25;Intermediate Metabolizer;Abnormal/Priority/High Risk
*4/*120;0.0;Poor Metabolizer;Abnormal/Priority/High Risk
*4/*121;n/a;Indeterminate;none
*4/*122;n/a;Indeterminate;none
*4/*123;n/a;Indeterminate;none
*4/*124;0.0;Poor Metabolizer;Abnormal/Priority/High Risk
*4/*125;n/a;Indeterminate;none
*4/*126;n/a;Indeterminate;none
*4/*127;n/a;Indeterminate;none
*4/*128;n/a;Indeterminate;none
*4/*129;0.0;Poor Metabolizer;Abnormal/Priority/High Risk
*4/*130;n/a;Indeterminate;none
*4/*131;n/a;Indeterminate;none
*4/*132;0.25;Intermediate Metabolizer;Abnormal/Priority/High Risk
*4/*133;n/a;Indeterminate;none
*4/*134;n/a;Indeterminate;none
*4/*135;n/a;Indeterminate;none
*4/*136;n/a;Indeterminate;none
*4/*137;n/a;Indeterminate;none
*4/*138;n/a;Indeterminate;none
*4/*139;n/a;Indeterminate;none
*4/*140;n/a;Indeterminate;none
*4/*141;n/a;Indeterminate;none
*4/*142;n/a;Indeterminate;none
*4/*143;0.0;Poor Metabolizer;Abnormal/Priority/High Risk
*4/*144;0.0;Poor Metabolizer;Abnormal/Priority/High Risk
*4/*145;n/a;Indeterminate;none
*4/*146;n/a;Indeterminate;none
*4/*146x2;n/a;Indeterminate;none
*4/*147;n/a;Indeterminate;none
*4/*148;n/a;Indeterminate;none
*4/*149;n/a;Indeterminate;none
*4/*152;n/a;Indeterminate;none
*4/*153;n/a;Indeterminate;none
*4/*154;n/a;Indeterminate;none
*4/*155;n/a;Indeterminate;none
*4/*156;0.0;Poor Metabolizer;Abnormal/Priority/High Risk
*4/*157;n/a;Indeterminate;none
*4/*158;n/a;Indeterminate;none
*4/*159;n/a;Indeterminate;none
*4/*160;n/a;Indeterminate;none
*4/*161;0.0;Poor Metabolizer;Abnormal/Priority/High Risk
*4/*162;n/a;Indeterminate;none
*4/*163;n/a;Indeterminate;none
*4x2/*4x2;0.0;Poor Metabolizer;Abnormal/Priority/High Risk
*4x2/*4x≥3;0.0;Poor Metabolizer;Abnormal/Priority/High Risk
*4x2/*5;0.0;Poor Metabolizer;Abnormal/Priority/High Risk
*4x2/*6;0.0;Poor Metabolizer;Abnormal/Priority/High Risk
*4x2/*6x2;0.0;Poor Metabolizer;Abnormal/Priority/High Risk
*4x2/*7;0.0;Poor Metabolizer;Abnormal/Priority/High Risk
*4x2/*8;0.0;Poor Metabolizer;Abnormal/Priority/High Risk
*4x2/*9;0.25;Intermediate Metabolizer;Abnormal/Priority/High Risk
*4x2/*9x2;0.5;Intermediate Metabolizer;Abnormal/Priority/High Risk
*4x2/*10;0.25;Intermediate Metabolizer;Abnormal/Priority/High Risk
*4x2/*10x2;0.5;Intermediate Metabolizer;Abnormal/Priority/High Risk
*4x2/*11;0.0;Poor Metabolizer;Abnormal/Priority/High Risk
*4x2/*12;0.0;Poor Metabolizer;Abnormal/Priority/High Risk
*4x2/*13;0.0;Poor Metabolizer;Abnormal/Priority/High Risk
*4x2/*14;0.5;Intermediate Metabolizer;Abnormal/Priority/High Risk
*4x2/*15;0.0;Poor Metabolizer;Abnormal/Priority/High Risk
*4x2/*17;0.5;Intermediate Metabolizer;Abnormal/Priority/High Risk
*4x2/*17x2;1.0;Intermediate Metabolizer;Abnormal/Priority/High Risk
*4x2/*18;0.0;Poor Metabolizer;Abnormal/Priority/High Risk
*4x2/*19;0.0;Poor Metabolizer;Abnormal/Priority/High Risk
*4x2/*20;0.0;Poor Metabolizer;Abnormal/Priority/High Risk
*4x2/*21;0.0;Poor Metabolizer;Abnormal/Priority/High Risk
*4x2/*22;n/a;Indeterminate;none
*4x2/*23;n/a;Indeterminate;none
*4x2/*24;n/a;Indeterminate;none
*4x2/*25;n/a;Indeterminate;none
*4x2/*26;n/a;Indeterminate;none
*4x2/*27;1.0;Intermediate Metabolizer;Abnormal/Priority/High Risk
*4x2/*28;n/a;Indeterminate;none
*4x2/*29;0.5;Intermediate Metabolizer;Abnormal/Priority/High Risk
*4x2/*29x2;1.0;Intermediate Metabolizer;Abnormal/Priority/High Risk
*4x2/*30;n/a;Indeterminate;none
*4x2/*31;0.0;Poor Metabolizer;Abnormal/Priority/High Risk
*4x2/*32;0.25;Intermediate Metabolizer;Abnormal/Priority/High Risk
*4x2/*33;1.0;Intermediate Metabolizer;Abnormal/Priority/High Risk
*4x2/*34;1.0;Intermediate Metabolizer;Abnormal/Priority/High Risk
*4x2/*35;1.0;Intermediate Metabolizer;Abnormal/Priority/High Risk
*4x2/*35x2;2.0;Normal Metabolizer;Normal/Routine/ Low Risk
*4x2/*36;0.0;Poor Metabolizer;Abnormal/Priority/High Risk
*4x2/*36x2;0.0;Poor Metabolizer;Abnormal/Priority/High Risk
*4x2/*37;n/a;Indeterminate;none
*4x2/*38;0.0;Poor Metabolizer;Abnormal/Priority/High Risk
*4x2/*39;1.0;Intermediate Metabolizer;Abnormal/Priority/High Risk
*4x2/*40;0.0;Poor Metabolizer;Abnormal/Priority/High Risk
*4x2/*41;0.25;Intermediate Metabolizer;Abnormal/Priority/High Risk
*4x2/*41x2;0.5;Intermediate Metabolizer;Abnormal/Priority/High Risk
*4x2/*41x3;0.75;Intermediate Metabolizer;Abnormal/Priority/High Risk
*4x2/*42;0.0;Poor Metabolizer;Abnormal/Priority/High Risk
*4x2/*43;n/a;Indeterminate;none
*4x2/*43x2;n/a;Indeterminate;none
*4x2/*44;0.0;Poor Metabolizer;Abnormal/Priority/High Risk
*4x2/*45;1.0;Intermediate Metabolizer;Abnormal/Priority/High Risk
*4x2/*45x2;2.0;Normal Metabolizer;Normal/Routine/ Low Risk
*4x2/*46;1.0;Intermediate Metabolizer;Abnormal/Priority/High Risk
*4x2/*47;0.0;Poor Metabolizer;Abnormal/Priority/High Risk
*4x2/*48;1.0;Intermediate Metabolizer;Abnormal/Priority/High Risk
*4x2/*49;0.5;Intermediate Metabolizer;Abnormal/Priority/High Risk
*4x2/*50;0.5;Intermediate Metabolizer;Abnormal/Priority/High Risk
*4x2/*51;0.0;Poor Metabolizer;Abnormal/Priority/High Risk
*4x2/*52;0.25;Intermediate Metabolizer;Abnormal/Priority/High Risk
*4x2/*53;1.0;Intermediate Metabolizer;Abnormal/Priority/High Risk
*4x2/*54;0.5;Intermediate Metabolizer;Abnormal/Priority/High Risk
*4x2/*55;0.5;Intermediate Metabolizer;Abnormal/Priority/High Risk
*4x2/*56;0.0;Poor Metabolizer;Abnormal/Priority/High Risk
*4x2/*57;0.0;Poor Metabolizer;Abnormal/Priority/High Risk
*4x2/*58;n/a;Indeterminate;none
*4x2/*59;0.5;Intermediate Metabolizer;Abnormal/Priority/High Risk
*4x2/*60;0.0;Poor Metabolizer;Abnormal/Priority/High Risk
*4x2/*61;n/a;Indeterminate;none
*4x2/*62;0.0;Poor Metabolizer;Abnormal/Priority/High Risk
*4x2/*63;n/a;Indeterminate;none
*4x2/*64;n/a;Indeterminate;none
*4x2/*65;n/a;Indeterminate;none
*4x2/*68;0.0;Poor Metabolizer;Abnormal/Priority/High Risk
*4x2/*69;0.0;Poor Metabolizer;Abnormal/Priority/High Risk
*4x2/*70;n/a;Indeterminate;none
*4x2/*71;n/a;Indeterminate;none
*4x2/*72;n/a;Indeterminate;none
*4x2/*73;n/a;Indeterminate;none
*4x2/*74;n/a;Indeterminate;none
*4x2/*75;n/a;Indeterminate;none
*4x2/*81;0.0;Poor Metabolizer;Abnormal/Priority/High Risk
*4x2/*82;n/a;Indeterminate;none
*4x2/*83;n/a;Indeterminate;none
*4x2/*84;n/a;Indeterminate;none
*4x2/*85;n/a;Indeterminate;none
*4x2/*86;n/a;Indeterminate;none
*4x2/*87;n/a;Indeterminate;none
*4x2/*88;n/a;Indeterminate;none
*4x2/*89;n/a;Indeterminate;none
*4x2/*90;n/a;Indeterminate;none
*4x2/*91;0.25;Intermediate Metabolizer;Abnormal/Priority/High Risk
*4x2/*92;0.0;Poor Metabolizer;Abnormal/Priority/High Risk
*4x2/*93;n/a;Indeterminate;none
*4x2/*94;n/a;Indeterminate;none
*4x2/*95;n/a;Indeterminate;none
*4x2/*96;0.0;Poor Metabolizer;Abnormal/Priority/High Risk
*4x2/*97;n/a;Indeterminate;none
*4x2/*98;n/a;Indeterminate;none
*4x2/*99;0.0;Poor Metabolizer;Abnormal/Priority/High Risk
*4x2/*100;0.0;Poor Metabolizer;Abnormal/Priority/High Risk
*4x2/*101;0.0;Poor Metabolizer;Abnormal/Priority/High Risk
*4x2/*102;n/a;Indeterminate;none
*4x2/*103;n/a;Indeterminate;none
*4x2/*104;n/a;Indeterminate;none
*4x2/*105;n/a;Indeterminate;none
*4x2/*106;n/a;Indeterminate;none
*4x2/*107;n/a;Indeterminate;none
*4x2/*108;n/a;Indeterminate;none
*4x2/*109;0.25;Intermediate Metabolizer;Abnormal/Priority/High Risk
*4x2/*110;n/a;Indeterminate;none
*4x2/*111;n/a;Indeterminate;none
*4x2/*112;n/a;Indeterminate;none
*4x2/*113;n/a;Indeterminate;none
*4x2/*114;0.0;Poor Metabolizer;Abnormal/Priority/High Risk
*4x2/*115;n/a;Indeterminate;none
*4x2/*116;n/a;Indeterminate;none
*4x2/*117;n/a;Indeterminate;none
*4x2/*118;n/a;Indeterminate;none
*4x2/*119;0.25;Intermediate Metabolizer;Abnormal/Priority/High Risk
*4x2/*120;0.0;Poor Metabolizer;Abnormal/Priority/High Risk
*4x2/*121;n/a;Indeterminate;none
*4x2/*122;n/a;Indeterminate;none
*4x2/*123;n/a;Indeterminate;none
*4x2/*124;0.0;Poor Metabolizer;Abnormal/Priority/High Risk
*4x2/*125;n/a;Indeterminate;none
*4x2/*126;n/a;Indeterminate;none
*4x2/*127;n/a;Indeterminate;none
*4x2/*128;n/a;Indeterminate;none
*4x2/*129;0.0;Poor Metabolizer;Abnormal/Priority/High Risk
*4x2/*130;n/a;Indeterminate;none
*4x2/*131;n/a;Indeterminate;none
*4x2/*132;0.25;Intermediate Metabolizer;Abnormal/Priority/High Risk
*4x2/*133;n/a;Indeterminate;none
*4x2/*134;n/a;Indeterminate;none
*4x2/*135;n/a;Indeterminate;none
*4x2/*136;n/a;Indeterminate;none
*4x2/*137;n/a;Indeterminate;none
*4x2/*138;n/a;Indeterminate;none
*4x2/*139;n/a;Indeterminate;none
*4x2/*140;n/a;Indeterminate;none
*4x2/*141;n/a;Indeterminate;none
*4x2/*142;n/a;Indeterminate;none
*4x2/*143;0.0;Poor Metabolizer;Abnormal/Priority/High Risk
*4x2/*144;0.0;Poor Metabolizer;Abnormal/Priority/High Risk
*4x2/*145;n/a;Indeterminate;none
*4x2/*146;n/a;Indeterminate;none
*4x2/*146x2;n/a;Indeterminate;none
*4x2/*147;n/a;Indeterminate;none
*4x2/*148;n/a;Indeterminate;none
*4x2/*149;n/a;Indeterminate;none
*4x2/*152;n/a;Indeterminate;none
*4x2/*153;n/a;Indeterminate;none
*4x2/*154;n/a;Indeterminate;none
*4x2/*155;n/a;Indeterminate;none
*4x2/*156;0.0;Poor Metabolizer;Abnormal/Priority/High Risk
*4x2/*157;n/a;Indeterminate;none
*4x2/*158;n/a;Indeterminate;none
*4x2/*159;n/a;Indeterminate;none
*4x2/*160;n/a;Indeterminate;none
*4x2/*161;0.0;Poor Metabolizer;Abnormal/Priority/High Risk
*4x2/*162;n/a;Indeterminate;none
*4x2/*163;n/a;Indeterminate;none
*4x≥3/*4x≥3;0.0;Poor Metabolizer;Abnormal/Priority/High Risk
*4x≥3/*5;0.0;Poor Metabolizer;Abnormal/Priority/High Risk
*4x≥3/*6;0.0;Poor Metabolizer;Abnormal/Priority/High Risk
*4x≥3/*6x2;0.0;Poor Metabolizer;Abnormal/Priority/High Risk
*4x≥3/*7;0.0;Poor Metabolizer;Abnormal/Priority/High Risk
*4x≥3/*8;0.0;Poor Metabolizer;Abnormal/Priority/High Risk
*4x≥3/*9;0.25;Intermediate Metabolizer;Abnormal/Priority/High Risk
*4x≥3/*9x2;0.5;Intermediate Metabolizer;Abnormal/Priority/High Risk
*4x≥3/*10;0.25;Intermediate Metabolizer;Abnormal/Priority/High Risk
*4x≥3/*10x2;0.5;Intermediate Metabolizer;Abnormal/Priority/High Risk
*4x≥3/*11;0.0;Poor Metabolizer;Abnormal/Priority/High Risk
*4x≥3/*12;0.0;Poor Metabolizer;Abnormal/Priority/High Risk
*4x≥3/*13;0.0;Poor Metabolizer;Abnormal/Priority/High Risk
*4x≥3/*14;0.5;Intermediate Metabolizer;Abnormal/Priority/High Risk
*4x≥3/*15;0.0;Poor Metabolizer;Abnormal/Priority/High Risk
*4x≥3/*17;0.5;Intermediate Metabolizer;Abnormal/Priority/High Risk
*4x≥3/*17x2;1.0;Intermediate Metabolizer;Abnormal/Priority/High Risk
*4x≥3/*18;0.0;Poor Metabolizer;Abnormal/Priority/High Risk
*4x≥3/*19;0.0;Poor Metabolizer;Abnormal/Priority/High Risk
*4x≥3/*20;0.0;Poor Metabolizer;Abnormal/Priority/High Risk
*4x≥3/*21;0.0;Poor Metabolizer;Abnormal/Priority/High Risk
*4x≥3/*22;n/a;Indeterminate;none
*4x≥3/*23;n/a;Indeterminate;none
*4x≥3/*24;n/a;Indeterminate;none
*4x≥3/*25;n/a;Indeterminate;none
*4x≥3/*26;n/a;Indeterminate;none
*4x≥3/*27;1.0;Intermediate Metabolizer;Abnormal/Priority/High Risk
*4x≥3/*28;n/a;Indeterminate;none
*4x≥3/*29;0.5;Intermediate Metabolizer;Abnormal/Priority/High Risk
*4x≥3/*29x2;1.0;Intermediate Metabolizer;Abnormal/Priority/High Risk
*4x≥3/*30;n/a;Indeterminate;none
*4x≥3/*31;0.0;Poor Metabolizer;Abnormal/Priority/High Risk
*4x≥3/*32;0.25;Intermediate Metabolizer;Abnormal/Priority/High Risk
*4x≥3/*33;1.0;Intermediate Metabolizer;Abnormal/Priority/High Risk
*4x≥3/*34;1.0;Intermediate Metabolizer;Abnormal/Priority/High Risk
*4x≥3/*35;1.0;Intermediate Metabolizer;Abnormal/Priority/High Risk
*4x≥3/*35x2;2.0;Normal Metabolizer;Normal/Routine/ Low Risk
*4x≥3/*36;0.0;Poor Metabolizer;Abnormal/Priority/High Risk
*4x≥3/*36x2;0.0;Poor Metabolizer;Abnormal/Priority/High Risk
*4x≥3/*37;n/a;Indeterminate;none
*4x≥3/*38;0.0;Poor Metabolizer;Abnormal/Priority/High Risk
*4x≥3/*39;1.0;Intermediate Metabolizer;Abnormal/Priority/High Risk
*4x≥3/*40;0.0;Poor Metabolizer;Abnormal/Priority/High Risk
*4x≥3/*41;0.25;Intermediate Metabolizer;Abnormal/Priority/High Risk
*4x≥3/*41x2;0.5;Intermediate Metabolizer;Abnormal/Priority/High Risk
*4x≥3/*41x3;0.75;Intermediate Metabolizer;Abnormal/Priority/High Risk
*4x≥3/*42;0.0;Poor Metabolizer;Abnormal/Priority/High Risk
*4x≥3/*43;n/a;Indeterminate;none
*4x≥3/*43x2;n/a;Indeterminate;none
*4x≥3/*44;0.0;Poor Metabolizer;Abnormal/Priority/High Risk
*4x≥3/*45;1.0;Intermediate Metabolizer;Abnormal/Priority/High Risk
*4x≥3/*45x2;2.0;Normal Metabolizer;Normal/Routine/ Low Risk
*4x≥3/*46;1.0;Intermediate Metabolizer;Abnormal/Priority/High Risk
*4x≥3/*47;0.0;Poor Metabolizer;Abnormal/Priority/High Risk
*4x≥3/*48;1.0;Intermediate Metabolizer;Abnormal/Priority/High Risk
*4x≥3/*49;0.5;Intermediate Metabolizer;Abnormal/Priority/High Risk
*4x≥3/*50;0.5;Intermediate Metabolizer;Abnormal/Priority/High Risk
*4x≥3/*51;0.0;Poor Metabolizer;Abnormal/Priority/High Risk
*4x≥3/*52;0.25;Intermediate Metabolizer;Abnormal/Priority/High Risk
*4x≥3/*53;1.0;Intermediate Metabolizer;Abnormal/Priority/High Risk
*4x≥3/*54;0.5;Intermediate Metabolizer;Abnormal/Priority/High Risk
*4x≥3/*55;0.5;Intermediate Metabolizer;Abnormal/Priority/High Risk
*4x≥3/*56;0.0;Poor Metabolizer;Abnormal/Priority/High Risk
*4x≥3/*57;0.0;Poor Metabolizer;Abnormal/Priority/High Risk
*4x≥3/*58;n/a;Indeterminate;none
*4x≥3/*59;0.5;Intermediate Metabolizer;Abnormal/Priority/High Risk
*4x≥3/*60;0.0;Poor Metabolizer;Abnormal/Priority/High Risk
*4x≥3/*61;n/a;Indeterminate;none
*4x≥3/*62;0.0;Poor Metabolizer;Abnormal/Priority/High Risk
*4x≥3/*63;n/a;Indeterminate;none
*4x≥3/*64;n/a;Indeterminate;none
*4x≥3/*65;n/a;Indeterminate;none
*4x≥3/*68;0.0;Poor Metabolizer;Abnormal/Priority/High Risk
*4x≥3/*69;0.0;Poor Metabolizer;Abnormal/Priority/High Risk
*4x≥3/*70;n/a;Indeterminate;none
*4x≥3/*71;n/a;Indeterminate;none
*4x≥3/*72;n/a;Indeterminate;none
*4x≥3/*73;n/a;Indeterminate;none
*4x≥3/*74;n/a;Indeterminate;none
*4x≥3/*75;n/a;Indeterminate;none
*4x≥3/*81;0.0;Poor Metabolizer;Abnormal/Priority/High Risk
*4x≥3/*82;n/a;Indeterminate;none
*4x≥3/*83;n/a;Indeterminate;none
*4x≥3/*84;n/a;Indeterminate;none
*4x≥3/*85;n/a;Indeterminate;none
*4x≥3/*86;n/a;Indeterminate;none
*4x≥3/*87;n/a;Indeterminate;none
*4x≥3/*88;n/a;Indeterminate;none
*4x≥3/*89;n/a;Indeterminate;none
*4x≥3/*90;n/a;Indeterminate;none
*4x≥3/*91;0.25;Intermediate Metabolizer;Abnormal/Priority/High Risk
*4x≥3/*92;0.0;Poor Metabolizer;Abnormal/Priority/High Risk
*4x≥3/*93;n/a;Indeterminate;none
*4x≥3/*94;n/a;Indeterminate;none
*4x≥3/*95;n/a;Indeterminate;none
*4x≥3/*96;0.0;Poor Metabolizer;Abnormal/Priority/High Risk
*4x≥3/*97;n/a;Indeterminate;none
*4x≥3/*98;n/a;Indeterminate;none
*4x≥3/*99;0.0;Poor Metabolizer;Abnormal/Priority/High Risk
*4x≥3/*100;0.0;Poor Metabolizer;Abnormal/Priority/High Risk
*4x≥3/*101;0.0;Poor Metabolizer;Abnormal/Priority/High Risk
*4x≥3/*102;n/a;Indeterminate;none
*4x≥3/*103;n/a;Indeterminate;none
*4x≥3/*104;n/a;Indeterminate;none
*4x≥3/*105;n/a;Indeterminate;none
*4x≥3/*106;n/a;Indeterminate;none
*4x≥3/*107;n/a;Indeterminate;none
*4x≥3/*108;n/a;Indeterminate;none
*4x≥3/*109;0.25;Intermediate Metabolizer;Abnormal/Priority/High Risk
*4x≥3/*110;n/a;Indeterminate;none
*4x≥3/*111;n/a;Indeterminate;none
*4x≥3/*112;n/a;Indeterminate;none
*4x≥3/*113;n/a;Indeterminate;none
*4x≥3/*114;0.0;Poor Metabolizer;Abnormal/Priority/High Risk
*4x≥3/*115;n/a;Indeterminate;none
*4x≥3/*116;n/a;Indeterminate;none
*4x≥3/*117;n/a;Indeterminate;none
*4x≥3/*118;n/a;Indeterminate;none
*4x≥3/*119;0.25;Intermediate Metabolizer;Abnormal/Priority/High Risk
*4x≥3/*120;0.0;Poor Metabolizer;Abnormal/Priority/High Risk
*4x≥3/*121;n/a;Indeterminate;none
*4x≥3/*122;n/a;Indeterminate;none
*4x≥3/*123;n/a;Indeterminate;none
*4x≥3/*124;0.0;Poor Metabolizer;Abnormal/Priority/High Risk
*4x≥3/*125;n/a;Indeterminate;none
*4x≥3/*126;n/a;Indeterminate;none
*4x≥3/*127;n/a;Indeterminate;none
*4x≥3/*128;n/a;Indeterminate;none
*4x≥3/*129;0.0;Poor Metabolizer;Abnormal/Priority/High Risk
*4x≥3/*130;n/a;Indeterminate;none
*4x≥3/*131;n/a;Indeterminate;none
*4x≥3/*132;0.25;Intermediate Metabolizer;Abnormal/Priority/High Risk
*4x≥3/*133;n/a;Indeterminate;none
*4x≥3/*134;n/a;Indeterminate;none
*4x≥3/*135;n/a;Indeterminate;none
*4x≥3/*136;n/a;Indeterminate;none
*4x≥3/*137;n/a;Indeterminate;none
*4x≥3/*138;n/a;Indeterminate;none
*4x≥3/*139;n/a;Indeterminate;none
*4x≥3/*140;n/a;Indeterminate;none
*4x≥3/*141;n/a;Indeterminate;none
*4x≥3/*142;n/a;Indeterminate;none
*4x≥3/*143;0.0;Poor Metabolizer;Abnormal/Priority/High Risk
*4x≥3/*144;0.0;Poor Metabolizer;Abnormal/Priority/High Risk
*4x≥3/*145;n/a;Indeterminate;none
*4x≥3/*146;n/a;Indeterminate;none
*4x≥3/*146x2;n/a;Indeterminate;none
*4x≥3/*147;n/a;Indeterminate;none
*4x≥3/*148;n/a;Indeterminate;none
*4x≥3/*149;n/a;Indeterminate;none
*4x≥3/*152;n/a;Indeterminate;none
*4x≥3/*153;n/a;Indeterminate;none
*4x≥3/*154;n/a;Indeterminate;none
*4x≥3/*155;n/a;Indeterminate;none
*4x≥3/*156;0.0;Poor Metabolizer;Abnormal/Priority/High Risk
*4x≥3/*157;n/a;Indeterminate;none
*4x≥3/*158;n/a;Indeterminate;none
*4x≥3/*159;n/a;Indeterminate;none
*4x≥3/*160;n/a;Indeterminate;none
*4x≥3/*161;0.0;Poor Metabolizer;Abnormal/Priority/High Risk
*4x≥3/*162;n/a;Indeterminate;none
*4x≥3/*163;n/a;Indeterminate;none
*5/*5;0.0;Poor Metabolizer;Abnormal/Priority/High Risk
*5/*6;0.0;Poor Metabolizer;Abnormal/Priority/High Risk
*5/*6x2;0.0;Poor Metabolizer;Abnormal/Priority/High Risk
*5/*7;0.0;Poor Metabolizer;Abnormal/Priority/High Risk
*5/*8;0.0;Poor Metabolizer;Abnormal/Priority/High Risk
*5/*9;0.25;Intermediate Metabolizer;Abnormal/Priority/High Risk
*5/*9x2;0.5;Intermediate Metabolizer;Abnormal/Priority/High Risk
*5/*10;0.25;Intermediate Metabolizer;Abnormal/Priority/High Risk
*5/*10x2;0.5;Intermediate Metabolizer;Abnormal/Priority/High Risk
*5/*11;0.0;Poor Metabolizer;Abnormal/Priority/High Risk
*5/*12;0.0;Poor Metabolizer;Abnormal/Priority/High Risk
*5/*13;0.0;Poor Metabolizer;Abnormal/Priority/High Risk
*5/*14;0.5;Intermediate Metabolizer;Abnormal/Priority/High Risk
*5/*15;0.0;Poor Metabolizer;Abnormal/Priority/High Risk
*5/*17;0.5;Intermediate Metabolizer;Abnormal/Priority/High Risk
*5/*17x2;1.0;Intermediate Metabolizer;Abnormal/Priority/High Risk
*5/*18;0.0;Poor Metabolizer;Abnormal/Priority/High Risk
*5/*19;0.0;Poor Metabolizer;Abnormal/Priority/High Risk
*5/*20;0.0;Poor Metabolizer;Abnormal/Priority/High Risk
*5/*21;0.0;Poor Metabolizer;Abnormal/Priority/High Risk
*5/*22;n/a;Indeterminate;none
*5/*23;n/a;Indeterminate;none
*5/*24;n/a;Indeterminate;none
*5/*25;n/a;Indeterminate;none
*5/*26;n/a;Indeterminate;none
*5/*27;1.0;Intermediate Metabolizer;Abnormal/Priority/High Risk
*5/*28;n/a;Indeterminate;none
*5/*29;0.5;Intermediate Metabolizer;Abnormal/Priority/High Risk
*5/*29x2;1.0;Intermediate Metabolizer;Abnormal/Priority/High Risk
*5/*30;n/a;Indeterminate;none
*5/*31;0.0;Poor Metabolizer;Abnormal/Priority/High Risk
*5/*32;0.25;Intermediate Metabolizer;Abnormal/Priority/High Risk
*5/*33;1.0;Intermediate Metabolizer;Abnormal/Priority/High Risk
*5/*34;1.0;Intermediate Metabolizer;Abnormal/Priority/High Risk
*5/*35;1.0;Intermediate Metabolizer;Abnormal/Priority/High Risk
*5/*35x2;2.0;Normal Metabolizer;Normal/Routine/ Low Risk
*5/*36;0.0;Poor Metabolizer;Abnormal/Priority/High Risk
*5/*36x2;0.0;Poor Metabolizer;Abnormal/Priority/High Risk
*5/*37;n/a;Indeterminate;none
*5/*38;0.0;Poor Metabolizer;Abnormal/Priority/High Risk
*5/*39;1.0;Intermediate Metabolizer;Abnormal/Priority/High Risk
*5/*40;0.0;Poor Metabolizer;Abnormal/Priority/High Risk
*5/*41;0.25;Intermediate Metabolizer;Abnormal/Priority/High Risk
*5/*41x2;0.5;Intermediate Metabolizer;Abnormal/Priority/High Risk
*5/*41x3;0.75;Intermediate Metabolizer;Abnormal/Priority/High Risk
*5/*42;0.0;Poor Metabolizer;Abnormal/Priority/High Risk
*5/*43;n/a;Indeterminate;none
*5/*43x2;n/a;Indeterminate;none
*5/*44;0.0;Poor Metabolizer;Abnormal/Priority/High Risk
*5/*45;1.0;Intermediate Metabolizer;Abnormal/Priority/High Risk
*5/*45x2;2.0;Normal Metabolizer;Normal/Routine/ Low Risk
*5/*46;1.0;Intermediate Metabolizer;Abnormal/Priority/High Risk
*5/*47;0.0;Poor Metabolizer;Abnormal/Priority/High Risk
*5/*48;1.0;Intermediate Metabolizer;Abnormal/Priority/High Risk
*5/*49;0.5;Intermediate Metabolizer;Abnormal/Priority/High Risk
*5/*50;0.5;Intermediate Metabolizer;Abnormal/Priority/High Risk
*5/*51;0.0;Poor Metabolizer;Abnormal/Priority/High Risk
*5/*52;0.25;Intermediate Metabolizer;Abnormal/Priority/High Risk
*5/*53;1.0;Intermediate Metabolizer;Abnormal/Priority/High Risk
*5/*54;0.5;Intermediate Metabolizer;Abnormal/Priority/High Risk
*5/*55;0.5;Intermediate Metabolizer;Abnormal/Priority/High Risk
*5/*56;0.0;Poor Metabolizer;Abnormal/Priority/High Risk
*5/*57;0.0;Poor Metabolizer;Abnormal/Priority/High Risk
*5/*58;n/a;Indeterminate;none
*5/*59;0.5;Intermediate Metabolizer;Abnormal/Priority/High Risk
*5/*60;0.0;Poor Metabolizer;Abnormal/Priority/High Risk
*5/*61;n/a;Indeterminate;none
*5/*62;0.0;Poor Metabolizer;Abnormal/Priority/High Risk
*5/*63;n/a;Indeterminate;none
*5/*64;n/a;Indeterminate;none
*5/*65;n/a;Indeterminate;none
*5/*68;0.0;Poor Metabolizer;Abnormal/Priority/High Risk
*5/*69;0.0;Poor Metabolizer;Abnormal/Priority/High Risk
*5/*70;n/a;Indeterminate;none
*5/*71;n/a;Indeterminate;none
*5/*72;n/a;Indeterminate;none
*5/*73;n/a;Indeterminate;none
*5/*74;n/a;Indeterminate;none
*5/*75;n/a;Indeterminate;none
*5/*81;0.0;Poor Metabolizer;Abnormal/Priority/High Risk
*5/*82;n/a;Indeterminate;none
*5/*83;n/a;Indeterminate;none
*5/*84;n/a;Indeterminate;none
*5/*85;n/a;Indeterminate;none
*5/*86;n/a;Indeterminate;none
*5/*87;n/a;Indeterminate;none
*5/*88;n/a;Indeterminate;none
*5/*89;n/a;Indeterminate;none
*5/*90;n/a;Indeterminate;none
*5/*91;0.25;Intermediate Metabolizer;Abnormal/Priority/High Risk
*5/*92;0.0;Poor Metabolizer;Abnormal/Priority/High Risk
*5/*93;n/a;Indeterminate;none
*5/*94;n/a;Indeterminate;none
*5/*95;n/a;Indeterminate;none
*5/*96;0.0;Poor Metabolizer;Abnormal/Priority/High Risk
*5/*97;n/a;Indeterminate;none
*5/*98;n/a;Indeterminate;none
*5/*99;0.0;Poor Metabolizer;Abnormal/Priority/High Risk
*5/*100;0.0;Poor Metabolizer;Abnormal/Priority/High Risk
*5/*101;0.0;Poor Metabolizer;Abnormal/Priority/High Risk
*5/*102;n/a;Indeterminate;none
*5/*103;n/a;Indeterminate;none
*5/*104;n/a;Indeterminate;none
*5/*105;n/a;Indeterminate;none
*5/*106;n/a;Indeterminate;none
*5/*107;n/a;Indeterminate;none
*5/*108;n/a;Indeterminate;none
*5/*109;0.25;Intermediate Metabolizer;Abnormal/Priority/High Risk
*5/*110;n/a;Indeterminate;none
*5/*111;n/a;Indeterminate;none
*5/*112;n/a;Indeterminate;none
*5/*113;n/a;Indeterminate;none
*5/*114;0.0;Poor Metabolizer;Abnormal/Priority/High Risk
*5/*115;n/a;Indeterminate;none
*5/*116;n/a;Indeterminate;none
*5/*117;n/a;Indeterminate;none
*5/*118;n/a;Indeterminate;none
*5/*119;0.25;Intermediate Metabolizer;Abnormal/Priority/High Risk
*5/*120;0.0;Poor Metabolizer;Abnormal/Priority/High Risk
*5/*121;n/a;Indeterminate;none
*5/*122;n/a;Indeterminate;none
*5/*123;n/a;Indeterminate;none
*5/*124;0.0;Poor Metabolizer;Abnormal/Priority/High Risk
*5/*125;n/a;Indeterminate;none
*5/*126;n/a;Indeterminate;none
*5/*127;n/a;Indeterminate;none
*5/*128;n/a;Indeterminate;none
*5/*129;0.0;Poor Metabolizer;Abnormal/Priority/High Risk
*5/*130;n/a;Indeterminate;none
*5/*131;n/a;Indeterminate;none
*5/*132;0.25;Intermediate Metabolizer;Abnormal/Priority/High Risk
*5/*133;n/a;Indeterminate;none
*5/*134;n/a;Indeterminate;none
*5/*135;n/a;Indeterminate;none
*5/*136;n/a;Indeterminate;none
*5/*137;n/a;Indeterminate;none
*5/*138;n/a;Indeterminate;none
*5/*139;n/a;Indeterminate;none
*5/*140;n/a;Indeterminate;none
*5/*141;n/a;Indeterminate;none
*5/*142;n/a;Indeterminate;none
*5/*143;0.0;Poor Metabolizer;Abnormal/Priority/High Risk
*5/*144;0.0;Poor Metabolizer;Abnormal/Priority/High Risk
*5/*145;n/a;Indeterminate;none
*5/*146;n/a;Indeterminate;none
*5/*146x2;n/a;Indeterminate;none
*5/*147;n/a;Indeterminate;none
*5/*148;n/a;Indeterminate;none
*5/*149;n/a;Indeterminate;none
*5/*152;n/a;Indeterminate;none
*5/*153;n/a;Indeterminate;none
*5/*154;n/a;Indeterminate;none
*5/*155;n/a;Indeterminate;none
*5/*156;0.0;Poor Metabolizer;Abnormal/Priority/High Risk
*5/*157;n/a;Indeterminate;none
*5/*158;n/a;Indeterminate;none
*5/*159;n/a;Indeterminate;none
*5/*160;n/a;Indeterminate;none
*5/*161;0.0;Poor Metabolizer;Abnormal/Priority/High Risk
*5/*162;n/a;Indeterminate;none
*5/*163;n/a;Indeterminate;none
*6/*6;0.0;Poor Metabolizer;Abnormal/Priority/High Risk
*6/*6x2;0.0;Poor Metabolizer;Abnormal/Priority/High Risk
*6/*7;0.0;Poor Metabolizer;Abnormal/Priority/High Risk
*6/*8;0.0;Poor Metabolizer;Abnormal/Priority/High Risk
*6/*9;0.25;Intermediate Metabolizer;Abnormal/Priority/High Risk
*6/*9x2;0.5;Intermediate Metabolizer;Abnormal/Priority/High Risk
*6/*10;0.25;Intermediate Metabolizer;Abnormal/Priority/High Risk
*6/*10x2;0.5;Intermediate Metabolizer;Abnormal/Priority/High Risk
*6/*11;0.0;Poor Metabolizer;Abnormal/Priority/High Risk
*6/*12;0.0;Poor Metabolizer;Abnormal/Priority/High Risk
*6/*13;0.0;Poor Metabolizer;Abnormal/Priority/High Risk
*6/*14;0.5;Intermediate Metabolizer;Abnormal/Priority/High Risk
*6/*15;0.0;Poor Metabolizer;Abnormal/Priority/High Risk
*6/*17;0.5;Intermediate Metabolizer;Abnormal/Priority/High Risk
*6/*17x2;1.0;Intermediate Metabolizer;Abnormal/Priority/High Risk
*6/*18;0.0;Poor Metabolizer;Abnormal/Priority/High Risk
*6/*19;0.0;Poor Metabolizer;Abnormal/Priority/High Risk
*6/*20;0.0;Poor Metabolizer;Abnormal/Priority/High Risk
*6/*21;0.0;Poor Metabolizer;Abnormal/Priority/High Risk
*6/*22;n/a;Indeterminate;none
*6/*23;n/a;Indeterminate;none
*6/*24;n/a;Indeterminate;none
*6/*25;n/a;Indeterminate;none
*6/*26;n/a;Indeterminate;none
*6/*27;1.0;Intermediate Metabolizer;Abnormal/Priority/High Risk
*6/*28;n/a;Indeterminate;none
*6/*29;0.5;Intermediate Metabolizer;Abnormal/Priority/High Risk
*6/*29x2;1.0;Intermediate Metabolizer;Abnormal/Priority/High Risk
*6/*30;n/a;Indeterminate;none
*6/*31;0.0;Poor Metabolizer;Abnormal/Priority/High Risk
*6/*32;0.25;Intermediate Metabolizer;Abnormal/Priority/High Risk
*6/*33;1.0;Intermediate Metabolizer;Abnormal/Priority/High Risk
*6/*34;1.0;Intermediate Metabolizer;Abnormal/Priority/High Risk
*6/*35;1.0;Intermediate Metabolizer;Abnormal/Priority/High Risk
*6/*35x2;2.0;Normal Metabolizer;Normal/Routine/ Low Risk
*6/*36;0.0;Poor Metabolizer;Abnormal/Priority/High Risk
*6/*36x2;0.0;Poor Metabolizer;Abnormal/Priority/High Risk
*6/*37;n/a;Indeterminate;none
*6/*38;0.0;Poor Metabolizer;Abnormal/Priority/High Risk
*6/*39;1.0;Intermediate Metabolizer;Abnormal/Priority/High Risk
*6/*40;0.0;Poor Metabolizer;Abnormal/Priority/High Risk
*6/*41;0.25;Intermediate Metabolizer;Abnormal/Priority/High Risk
*6/*41x2;0.5;Intermediate Metabolizer;Abnormal/Priority/High Risk
*6/*41x3;0.75;Intermediate Metabolizer;Abnormal/Priority/High Risk
*6/*42;0.0;Poor Metabolizer;Abnormal/Priority/High Risk
*6/*43;n/a;Indeterminate;none
*6/*43x2;n/a;Indeterminate;none
*6/*44;0.0;Poor Metabolizer;Abnormal/Priority/High Risk
*6/*45;1.0;Intermediate Metabolizer;Abnormal/Priority/High Risk
*6/*45x2;2.0;Normal Metabolizer;Normal/Routine/ Low Risk
*6/*46;1.0;Intermediate Metabolizer;Abnormal/Priority/High Risk
*6/*47;0.0;Poor Metabolizer;Abnormal/Priority/High Risk
*6/*48;1.0;Intermediate Metabolizer;Abnormal/Priority/High Risk
*6/*49;0.5;Intermediate Metabolizer;Abnormal/Priority/High Risk
*6/*50;0.5;Intermediate Metabolizer;Abnormal/Priority/High Risk
*6/*51;0.0;Poor Metabolizer;Abnormal/Priority/High Risk
*6/*52;0.25;Intermediate Metabolizer;Abnormal/Priority/High Risk
*6/*53;1.0;Intermediate Metabolizer;Abnormal/Priority/High Risk
*6/*54;0.5;Intermediate Metabolizer;Abnormal/Priority/High Risk
*6/*55;0.5;Intermediate Metabolizer;Abnormal/Priority/High Risk
*6/*56;0.0;Poor Metabolizer;Abnormal/Priority/High Risk
*6/*57;0.0;Poor Metabolizer;Abnormal/Priority/High Risk
*6/*58;n/a;Indeterminate;none
*6/*59;0.5;Intermediate Metabolizer;Abnormal/Priority/High Risk
*6/*60;0.0;Poor Metabolizer;Abnormal/Priority/High Risk
*6/*61;n/a;Indeterminate;none
*6/*62;0.0;Poor Metabolizer;Abnormal/Priority/High Risk
*6/*63;n/a;Indeterminate;none
*6/*64;n/a;Indeterminate;none
*6/*65;n/a;Indeterminate;none
*6/*68;0.0;Poor Metabolizer;Abnormal/Priority/High Risk
*6/*69;0.0;Poor Metabolizer;Abnormal/Priority/High Risk
*6/*70;n/a;Indeterminate;none
*6/*71;n/a;Indeterminate;none
*6/*72;n/a;Indeterminate;none
*6/*73;n/a;Indeterminate;none
*6/*74;n/a;Indeterminate;none
*6/*75;n/a;Indeterminate;none
*6/*81;0.0;Poor Metabolizer;Abnormal/Priority/High Risk
*6/*82;n/a;Indeterminate;none
*6/*83;n/a;Indeterminate;none
*6/*84;n/a;Indeterminate;none
*6/*85;n/a;Indeterminate;none
*6/*86;n/a;Indeterminate;none
*6/*87;n/a;Indeterminate;none
*6/*88;n/a;Indeterminate;none
*6/*89;n/a;Indeterminate;none
*6/*90;n/a;Indeterminate;none
*6/*91;0.25;Intermediate Metabolizer;Abnormal/Priority/High Risk
*6/*92;0.0;Poor Metabolizer;Abnormal/Priority/High Risk
*6/*93;n/a;Indeterminate;none
*6/*94;n/a;Indeterminate;none
*6/*95;n/a;Indeterminate;none
*6/*96;0.0;Poor Metabolizer;Abnormal/Priority/High Risk
*6/*97;n/a;Indeterminate;none
*6/*98;n/a;Indeterminate;none
*6/*99;0.0;Poor Metabolizer;Abnormal/Priority/High Risk
*6/*100;0.0;Poor Metabolizer;Abnormal/Priority/High Risk
*6/*101;0.0;Poor Metabolizer;Abnormal/Priority/High Risk
*6/*102;n/a;Indeterminate;none
*6/*103;n/a;Indeterminate;none
*6/*104;n/a;Indeterminate;none
*6/*105;n/a;Indeterminate;none
*6/*106;n/a;Indeterminate;none
*6/*107;n/a;Indeterminate;none
*6/*108;n/a;Indeterminate;none
*6/*109;0.25;Intermediate Metabolizer;Abnormal/Priority/High Risk
*6/*110;n/a;Indeterminate;none
*6/*111;n/a;Indeterminate;none
*6/*112;n/a;Indeterminate;none
*6/*113;n/a;Indeterminate;none
*6/*114;0.0;Poor Metabolizer;Abnormal/Priority/High Risk
*6/*115;n/a;Indeterminate;none
*6/*116;n/a;Indeterminate;none
*6/*117;n/a;Indeterminate;none
*6/*118;n/a;Indeterminate;none
*6/*119;0.25;Intermediate Metabolizer;Abnormal/Priority/High Risk
*6/*120;0.0;Poor Metabolizer;Abnormal/Priority/High Risk
*6/*121;n/a;Indeterminate;none
*6/*122;n/a;Indeterminate;none
*6/*123;n/a;Indeterminate;none
*6/*124;0.0;Poor Metabolizer;Abnormal/Priority/High Risk
*6/*125;n/a;Indeterminate;none
*6/*126;n/a;Indeterminate;none
*6/*127;n/a;Indeterminate;none
*6/*128;n/a;Indeterminate;none
*6/*129;0.0;Poor Metabolizer;Abnormal/Priority/High Risk
*6/*130;n/a;Indeterminate;none
*6/*131;n/a;Indeterminate;none
*6/*132;0.25;Intermediate Metabolizer;Abnormal/Priority/High Risk
*6/*133;n/a;Indeterminate;none
*6/*134;n/a;Indeterminate;none
*6/*135;n/a;Indeterminate;none
*6/*136;n/a;Indeterminate;none
*6/*137;n/a;Indeterminate;none
*6/*138;n/a;Indeterminate;none
*6/*139;n/a;Indeterminate;none
*6/*140;n/a;Indeterminate;none
*6/*141;n/a;Indeterminate;none
*6/*142;n/a;Indeterminate;none
*6/*143;0.0;Poor Metabolizer;Abnormal/Priority/High Risk
*6/*144;0.0;Poor Metabolizer;Abnormal/Priority/High Risk
*6/*145;n/a;Indeterminate;none
*6/*146;n/a;Indeterminate;none
*6/*146x2;n/a;Indeterminate;none
*6/*147;n/a;Indeterminate;none
*6/*148;n/a;Indeterminate;none
*6/*149;n/a;Indeterminate;none
*6/*152;n/a;Indeterminate;none
*6/*153;n/a;Indeterminate;none
*6/*154;n/a;Indeterminate;none
*6/*155;n/a;Indeterminate;none
*6/*156;0.0;Poor Metabolizer;Abnormal/Priority/High Risk
*6/*157;n/a;Indeterminate;none
*6/*158;n/a;Indeterminate;none
*6/*159;n/a;Indeterminate;none
*6/*160;n/a;Indeterminate;none
*6/*161;0.0;Poor Metabolizer;Abnormal/Priority/High Risk
*6/*162;n/a;Indeterminate;none
*6/*163;n/a;Indeterminate;none
*6x2/*6x2;0.0;Poor Metabolizer;Abnormal/Priority/High Risk
*6x2/*7;0.0;Poor Metabolizer;Abnormal/Priority/High Risk
*6x2/*8;0.0;Poor Metabolizer;Abnormal/Priority/High Risk
*6x2/*9;0.25;Intermediate Metabolizer;Abnormal/Priority/High Risk
*6x2/*9x2;0.5;Intermediate Metabolizer;Abnormal/Priority/High Risk
*6x2/*10;0.25;Intermediate Metabolizer;Abnormal/Priority/High Risk
*6x2/*10x2;0.5;Intermediate Metabolizer;Abnormal/Priority/High Risk
*6x2/*11;0.0;Poor Metabolizer;Abnormal/Priority/High Risk
*6x2/*12;0.0;Poor Metabolizer;Abnormal/Priority/High Risk
*6x2/*13;0.0;Poor Metabolizer;Abnormal/Priority/High Risk
*6x2/*14;0.5;Intermediate Metabolizer;Abnormal/Priority/High Risk
*6x2/*15;0.0;Poor Metabolizer;Abnormal/Priority/High Risk
*6x2/*17;0.5;Intermediate Metabolizer;Abnormal/Priority/High Risk
*6x2/*17x2;1.0;Intermediate Metabolizer;Abnormal/Priority/High Risk
*6x2/*18;0.0;Poor Metabolizer;Abnormal/Priority/High Risk
*6x2/*19;0.0;Poor Metabolizer;Abnormal/Priority/High Risk
*6x2/*20;0.0;Poor Metabolizer;Abnormal/Priority/High Risk
*6x2/*21;0.0;Poor Metabolizer;Abnormal/Priority/High Risk
*6x2/*22;n/a;Indeterminate;none
*6x2/*23;n/a;Indeterminate;none
*6x2/*24;n/a;Indeterminate;none
*6x2/*25;n/a;Indeterminate;none
*6x2/*26;n/a;Indeterminate;none
*6x2/*27;1.0;Intermediate Metabolizer;Abnormal/Priority/High Risk
*6x2/*28;n/a;Indeterminate;none
*6x2/*29;0.5;Intermediate Metabolizer;Abnormal/Priority/High Risk
*6x2/*29x2;1.0;Intermediate Metabolizer;Abnormal/Priority/High Risk
*6x2/*30;n/a;Indeterminate;none
*6x2/*31;0.0;Poor Metabolizer;Abnormal/Priority/High Risk
*6x2/*32;0.25;Intermediate Metabolizer;Abnormal/Priority/High Risk
*6x2/*33;1.0;Intermediate Metabolizer;Abnormal/Priority/High Risk
*6x2/*34;1.0;Intermediate Metabolizer;Abnormal/Priority/High Risk
*6x2/*35;1.0;Intermediate Metabolizer;Abnormal/Priority/High Risk
*6x2/*35x2;2.0;Normal Metabolizer;Normal/Routine/ Low Risk
*6x2/*36;0.0;Poor Metabolizer;Abnormal/Priority/High Risk
*6x2/*36x2;0.0;Poor Metabolizer;Abnormal/Priority/High Risk
*6x2/*37;n/a;Indeterminate;none
*6x2/*38;0.0;Poor Metabolizer;Abnormal/Priority/High Risk
*6x2/*39;1.0;Intermediate Metabolizer;Abnormal/Priority/High Risk
*6x2/*40;0.0;Poor Metabolizer;Abnormal/Priority/High Risk
*6x2/*41;0.25;Intermediate Metabolizer;Abnormal/Priority/High Risk
*6x2/*41x2;0.5;Intermediate Metabolizer;Abnormal/Priority/High Risk
*6x2/*41x3;0.75;Intermediate Metabolizer;Abnormal/Priority/High Risk
*6x2/*42;0.0;Poor Metabolizer;Abnormal/Priority/High Risk
*6x2/*43;n/a;Indeterminate;none
*6x2/*43x2;n/a;Indeterminate;none
*6x2/*44;0.0;Poor Metabolizer;Abnormal/Priority/High Risk
*6x2/*45;1.0;Intermediate Metabolizer;Abnormal/Priority/High Risk
*6x2/*45x2;2.0;Normal Metabolizer;Normal/Routine/ Low Risk
*6x2/*46;1.0;Intermediate Metabolizer;Abnormal/Priority/High Risk
*6x2/*47;0.0;Poor Metabolizer;Abnormal/Priority/High Risk
*6x2/*48;1.0;Intermediate Metabolizer;Abnormal/Priority/High Risk
*6x2/*49;0.5;Intermediate Metabolizer;Abnormal/Priority/High Risk
*6x2/*50;0.5;Intermediate Metabolizer;Abnormal/Priority/High Risk
*6x2/*51;0.0;Poor Metabolizer;Abnormal/Priority/High Risk
*6x2/*52;0.25;Intermediate Metabolizer;Abnormal/Priority/High Risk
*6x2/*53;1.0;Intermediate Metabolizer;Abnormal/Priority/High Risk
*6x2/*54;0.5;Intermediate Metabolizer;Abnormal/Priority/High Risk
*6x2/*55;0.5;Intermediate Metabolizer;Abnormal/Priority/High Risk
*6x2/*56;0.0;Poor Metabolizer;Abnormal/Priority/High Risk
*6x2/*57;0.0;Poor Metabolizer;Abnormal/Priority/High Risk
*6x2/*58;n/a;Indeterminate;none
*6x2/*59;0.5;Intermediate Metabolizer;Abnormal/Priority/High Risk
*6x2/*60;0.0;Poor Metabolizer;Abnormal/Priority/High Risk
*6x2/*61;n/a;Indeterminate;none
*6x2/*62;0.0;Poor Metabolizer;Abnormal/Priority/High Risk
*6x2/*63;n/a;Indeterminate;none
*6x2/*64;n/a;Indeterminate;none
*6x2/*65;n/a;Indeterminate;none
*6x2/*68;0.0;Poor Metabolizer;Abnormal/Priority/High Risk
*6x2/*69;0.0;Poor Metabolizer;Abnormal/Priority/High Risk
*6x2/*70;n/a;Indeterminate;none
*6x2/*71;n/a;Indeterminate;none
*6x2/*72;n/a;Indeterminate;none
*6x2/*73;n/a;Indeterminate;none
*6x2/*74;n/a;Indeterminate;none
*6x2/*75;n/a;Indeterminate;none
*6x2/*81;0.0;Poor Metabolizer;Abnormal/Priority/High Risk
*6x2/*82;n/a;Indeterminate;none
*6x2/*83;n/a;Indeterminate;none
*6x2/*84;n/a;Indeterminate;none
*6x2/*85;n/a;Indeterminate;none
*6x2/*86;n/a;Indeterminate;none
*6x2/*87;n/a;Indeterminate;none
*6x2/*88;n/a;Indeterminate;none
*6x2/*89;n/a;Indeterminate;none
*6x2/*90;n/a;Indeterminate;none
*6x2/*91;0.25;Intermediate Metabolizer;Abnormal/Priority/High Risk
*6x2/*92;0.0;Poor Metabolizer;Abnormal/Priority/High Risk
*6x2/*93;n/a;Indeterminate;none
*6x2/*94;n/a;Indeterminate;none
*6x2/*95;n/a;Indeterminate;none
*6x2/*96;0.0;Poor Metabolizer;Abnormal/Priority/High Risk
*6x2/*97;n/a;Indeterminate;none
*6x2/*98;n/a;Indeterminate;none
*6x2/*99;0.0;Poor Metabolizer;Abnormal/Priority/High Risk
*6x2/*100;0.0;Poor Metabolizer;Abnormal/Priority/High Risk
*6x2/*101;0.0;Poor Metabolizer;Abnormal/Priority/High Risk
*6x2/*102;n/a;Indeterminate;none
*6x2/*103;n/a;Indeterminate;none
*6x2/*104;n/a;Indeterminate;none
*6x2/*105;n/a;Indeterminate;none
*6x2/*106;n/a;Indeterminate;none
*6x2/*107;n/a;Indeterminate;none
*6x2/*108;n/a;Indeterminate;none
*6x2/*109;0.25;Intermediate Metabolizer;Abnormal/Priority/High Risk
*6x2/*110;n/a;Indeterminate;none
*6x2/*111;n/a;Indeterminate;none
*6x2/*112;n/a;Indeterminate;none
*6x2/*113;n/a;Indeterminate;none
*6x2/*114;0.0;Poor Metabolizer;Abnormal/Priority/High Risk
*6x2/*115;n/a;Indeterminate;none
*6x2/*116;n/a;Indeterminate;none
*6x2/*117;n/a;Indeterminate;none
*6x2/*118;n/a;Indeterminate;none
*6x2/*119;0.25;Intermediate Metabolizer;Abnormal/Priority/High Risk
*6x2/*120;0.0;Poor Metabolizer;Abnormal/Priority/High Risk
*6x2/*121;n/a;Indeterminate;none
*6x2/*122;n/a;Indeterminate;none
*6x2/*123;n/a;Indeterminate;none
*6x2/*124;0.0;Poor Metabolizer;Abnormal/Priority/High Risk
*6x2/*125;n/a;Indeterminate;none
*6x2/*126;n/a;Indeterminate;none
*6x2/*127;n/a;Indeterminate;none
*6x2/*128;n/a;Indeterminate;none
*6x2/*129;0.0;Poor Metabolizer;Abnormal/Priority/High Risk
*6x2/*130;n/a;Indeterminate;none
*6x2/*131;n/a;Indeterminate;none
*6x2/*132;0.25;Intermediate Metabolizer;Abnormal/Priority/High Risk
*6x2/*133;n/a;Indeterminate;none
*6x2/*134;n/a;Indeterminate;none
*6x2/*135;n/a;Indeterminate;none
*6x2/*136;n/a;Indeterminate;none
*6x2/*137;n/a;Indeterminate;none
*6x2/*138;n/a;Indeterminate;none
*6x2/*139;n/a;Indeterminate;none
*6x2/*140;n/a;Indeterminate;none
*6x2/*141;n/a;Indeterminate;none
*6x2/*142;n/a;Indeterminate;none
*6x2/*143;0.0;Poor Metabolizer;Abnormal/Priority/High Risk
*6x2/*144;0.0;Poor Metabolizer;Abnormal/Priority/High Risk
*6x2/*145;n/a;Indeterminate;none
*6x2/*146;n/a;Indeterminate;none
*6x2/*146x2;n/a;Indeterminate;none
*6x2/*147;n/a;Indeterminate;none
*6x2/*148;n/a;Indeterminate;none
*6x2/*149;n/a;Indeterminate;none
*6x2/*152;n/a;Indeterminate;none
*6x2/*153;n/a;Indeterminate;none
*6x2/*154;n/a;Indeterminate;none
*6x2/*155;n/a;Indeterminate;none
*6x2/*156;0.0;Poor Metabolizer;Abnormal/Priority/High Risk
*6x2/*157;n/a;Indeterminate;none
*6x2/*158;n/a;Indeterminate;none
*6x2/*159;n/a;Indeterminate;none
*6x2/*160;n/a;Indeterminate;none
*6x2/*161;0.0;Poor Metabolizer;Abnormal/Priority/High Risk
*6x2/*162;n/a;Indeterminate;none
*6x2/*163;n/a;Indeterminate;none
*7/*7;0.0;Poor Metabolizer;Abnormal/Priority/High Risk
*7/*8;0.0;Poor Metabolizer;Abnormal/Priority/High Risk
*7/*9;0.25;Intermediate Metabolizer;Abnormal/Priority/High Risk
*7/*9x2;0.5;Intermediate Metabolizer;Abnormal/Priority/High Risk
*7/*10;0.25;Intermediate Metabolizer;Abnormal/Priority/High Risk
*7/*10x2;0.5;Intermediate Metabolizer;Abnormal/Priority/High Risk
*7/*11;0.0;Poor Metabolizer;Abnormal/Priority/High Risk
*7/*12;0.0;Poor Metabolizer;Abnormal/Priority/High Risk
*7/*13;0.0;Poor Metabolizer;Abnormal/Priority/High Risk
*7/*14;0.5;Intermediate Metabolizer;Abnormal/Priority/High Risk
*7/*15;0.0;Poor Metabolizer;Abnormal/Priority/High Risk
*7/*17;0.5;Intermediate Metabolizer;Abnormal/Priority/High Risk
*7/*17x2;1.0;Intermediate Metabolizer;Abnormal/Priority/High Risk
*7/*18;0.0;Poor Metabolizer;Abnormal/Priority/High Risk
*7/*19;0.0;Poor Metabolizer;Abnormal/Priority/High Risk
*7/*20;0.0;Poor Metabolizer;Abnormal/Priority/High Risk
*7/*21;0.0;Poor Metabolizer;Abnormal/Priority/High Risk
*7/*22;n/a;Indeterminate;none
*7/*23;n/a;Indeterminate;none
*7/*24;n/a;Indeterminate;none
*7/*25;n/a;Indeterminate;none
*7/*26;n/a;Indeterminate;none
*7/*27;1.0;Intermediate Metabolizer;Abnormal/Priority/High Risk
*7/*28;n/a;Indeterminate;none
*7/*29;0.5;Intermediate Metabolizer;Abnormal/Priority/High Risk
*7/*29x2;1.0;Intermediate Metabolizer;Abnormal/Priority/High Risk
*7/*30;n/a;Indeterminate;none
*7/*31;0.0;Poor Metabolizer;Abnormal/Priority/High Risk
*7/*32;0.25;Intermediate Metabolizer;Abnormal/Priority/High Risk
*7/*33;1.0;Intermediate Metabolizer;Abnormal/Priority/High Risk
*7/*34;1.0;Intermediate Metabolizer;Abnormal/Priority/High Risk
*7/*35;1.0;Intermediate Metabolizer;Abnormal/Priority/High Risk
*7/*35x2;2.0;Normal Metabolizer;Normal/Routine/ Low Risk
*7/*36;0.0;Poor Metabolizer;Abnormal/Priority/High Risk
*7/*36x2;0.0;Poor Metabolizer;Abnormal/Priority/High Risk
*7/*37;n/a;Indeterminate;none
*7/*38;0.0;Poor Metabolizer;Abnormal/Priority/High Risk
*7/*39;1.0;Intermediate Metabolizer;Abnormal/Priority/High Risk
*7/*40;0.0;Poor Metabolizer;Abnormal/Priority/High Risk
*7/*41;0.25;Intermediate Metabolizer;Abnormal/Priority/High Risk
*7/*41x2;0.5;Intermediate Metabolizer;Abnormal/Priority/High Risk
*7/*41x3;0.75;Intermediate Metabolizer;Abnormal/Priority/High Risk
*7/*42;0.0;Poor Metabolizer;Abnormal/Priority/High Risk
*7/*43;n/a;Indeterminate;none
*7/*43x2;n/a;Indeterminate;none
*7/*44;0.0;Poor Metabolizer;Abnormal/Priority/High Risk
*7/*45;1.0;Intermediate Metabolizer;Abnormal/Priority/High Risk
*7/*45x2;2.0;Normal Metabolizer;Normal/Routine/ Low Risk
*7/*46;1.0;Intermediate Metabolizer;Abnormal/Priority/High Risk
*7/*47;0.0;Poor Metabolizer;Abnormal/Priority/High Risk
*7/*48;1.0;Intermediate Metabolizer;Abnormal/Priority/High Risk
*7/*49;0.5;Intermediate Metabolizer;Abnormal/Priority/High Risk
*7/*50;0.5;Intermediate Metabolizer;Abnormal/Priority/High Risk
*7/*51;0.0;Poor Metabolizer;Abnormal/Priority/High Risk
*7/*52;0.25;Intermediate Metabolizer;Abnormal/Priority/High Risk
*7/*53;1.0;Intermediate Metabolizer;Abnormal/Priority/High Risk
*7/*54;0.5;Intermediate Metabolizer;Abnormal/Priority/High Risk
*7/*55;0.5;Intermediate Metabolizer;Abnormal/Priority/High Risk
*7/*56;0.0;Poor Metabolizer;Abnormal/Priority/High Risk
*7/*57;0.0;Poor Metabolizer;Abnormal/Priority/High Risk
*7/*58;n/a;Indeterminate;none
*7/*59;0.5;Intermediate Metabolizer;Abnormal/Priority/High Risk
*7/*60;0.0;Poor Metabolizer;Abnormal/Priority/High Risk
*7/*61;n/a;Indeterminate;none
*7/*62;0.0;Poor Metabolizer;Abnormal/Priority/High Risk
*7/*63;n/a;Indeterminate;none
*7/*64;n/a;Indeterminate;none
*7/*65;n/a;Indeterminate;none
*7/*68;0.0;Poor Metabolizer;Abnormal/Priority/High Risk
*7/*69;0.0;Poor Metabolizer;Abnormal/Priority/High Risk
*7/*70;n/a;Indeterminate;none
*7/*71;n/a;Indeterminate;none
*7/*72;n/a;Indeterminate;none
*7/*73;n/a;Indeterminate;none
*7/*74;n/a;Indeterminate;none
*7/*75;n/a;Indeterminate;none
*7/*81;0.0;Poor Metabolizer;Abnormal/Priority/High Risk
*7/*82;n/a;Indeterminate;none
*7/*83;n/a;Indeterminate;none
*7/*84;n/a;Indeterminate;none
*7/*85;n/a;Indeterminate;none
*7/*86;n/a;Indeterminate;none
*7/*87;n/a;Indeterminate;none
*7/*88;n/a;Indeterminate;none
*7/*89;n/a;Indeterminate;none
*7/*90;n/a;Indeterminate;none
*7/*91;0.25;Intermediate Metabolizer;Abnormal/Priority/High Risk
*7/*92;0.0;Poor Metabolizer;Abnormal/Priority/High Risk
*7/*93;n/a;Indeterminate;none
*7/*94;n/a;Indeterminate;none
*7/*95;n/a;Indeterminate;none
*7/*96;0.0;Poor Metabolizer;Abnormal/Priority/High Risk
*7/*97;n/a;Indeterminate;none
*7/*98;n/a;Indeterminate;none
*7/*99;0.0;Poor Metabolizer;Abnormal/Priority/High Risk
*7/*100;0.0;Poor Metabolizer;Abnormal/Priority/High Risk
*7/*101;0.0;Poor Metabolizer;Abnormal/Priority/High Risk
*7/*102;n/a;Indeterminate;none
*7/*103;n/a;Indeterminate;none
*7/*104;n/a;Indeterminate;none
*7/*105;n/a;Indeterminate;none
*7/*106;n/a;Indeterminate;none
*7/*107;n/a;Indeterminate;none
*7/*108;n/a;Indeterminate;none
*7/*109;0.25;Intermediate Metabolizer;Abnormal/Priority/High Risk
*7/*110;n/a;Indeterminate;none
*7/*111;n/a;Indeterminate;none
*7/*112;n/a;Indeterminate;none
*7/*113;n/a;Indeterminate;none
*7/*114;0.0;Poor Metabolizer;Abnormal/Priority/High Risk
*7/*115;n/a;Indeterminate;none
*7/*116;n/a;Indeterminate;none
*7/*117;n/a;Indeterminate;none
*7/*118;n/a;Indeterminate;none
*7/*119;0.25;Intermediate Metabolizer;Abnormal/Priority/High Risk
*7/*120;0.0;Poor Metabolizer;Abnormal/Priority/High Risk
*7/*121;n/a;Indeterminate;none
*7/*122;n/a;Indeterminate;none
*7/*123;n/a;Indeterminate;none
*7/*124;0.0;Poor Metabolizer;Abnormal/Priority/High Risk
*7/*125;n/a;Indeterminate;none
*7/*126;n/a;Indeterminate;none
*7/*127;n/a;Indeterminate;none
*7/*128;n/a;Indeterminate;none
*7/*129;0.0;Poor Metabolizer;Abnormal/Priority/High Risk
*7/*130;n/a;Indeterminate;none
*7/*131;n/a;Indeterminate;none
*7/*132;0.25;Intermediate Metabolizer;Abnormal/Priority/High Risk
*7/*133;n/a;Indeterminate;none
*7/*134;n/a;Indeterminate;none
*7/*135;n/a;Indeterminate;none
*7/*136;n/a;Indeterminate;none
*7/*137;n/a;Indeterminate;none
*7/*138;n/a;Indeterminate;none
*7/*139;n/a;Indeterminate;none
*7/*140;n/a;Indeterminate;none
*7/*141;n/a;Indeterminate;none
*7/*142;n/a;Indeterminate;none
*7/*143;0.0;Poor Metabolizer;Abnormal/Priority/High Risk
*7/*144;0.0;Poor Metabolizer;Abnormal/Priority/High Risk
*7/*145;n/a;Indeterminate;none
*7/*146;n/a;Indeterminate;none
*7/*146x2;n/a;Indeterminate;none
*7/*147;n/a;Indeterminate;none
*7/*148;n/a;Indeterminate;none
*7/*149;n/a;Indeterminate;none
*7/*152;n/a;Indeterminate;none
*7/*153;n/a;Indeterminate;none
*7/*154;n/a;Indeterminate;none
*7/*155;n/a;Indeterminate;none
*7/*156;0.0;Poor Metabolizer;Abnormal/Priority/High Risk
*7/*157;n/a;Indeterminate;none
*7/*158;n/a;Indeterminate;none
*7/*159;n/a;Indeterminate;none
*7/*160;n/a;Indeterminate;none
*7/*161;0.0;Poor Metabolizer;Abnormal/Priority/High Risk
*7/*162;n/a;Indeterminate;none
*7/*163;n/a;Indeterminate;none
*8/*8;0.0;Poor Metabolizer;Abnormal/Priority/High Risk
*8/*9;0.25;Intermediate Metabolizer;Abnormal/Priority/High Risk
*8/*9x2;0.5;Intermediate Metabolizer;Abnormal/Priority/High Risk
*8/*10;0.25;Intermediate Metabolizer;Abnormal/Priority/High Risk
*8/*10x2;0.5;Intermediate Metabolizer;Abnormal/Priority/High Risk
*8/*11;0.0;Poor Metabolizer;Abnormal/Priority/High Risk
*8/*12;0.0;Poor Metabolizer;Abnormal/Priority/High Risk
*8/*13;0.0;Poor Metabolizer;Abnormal/Priority/High Risk
*8/*14;0.5;Intermediate Metabolizer;Abnormal/Priority/High Risk
*8/*15;0.0;Poor Metabolizer;Abnormal/Priority/High Risk
*8/*17;0.5;Intermediate Metabolizer;Abnormal/Priority/High Risk
*8/*17x2;1.0;Intermediate Metabolizer;Abnormal/Priority/High Risk
*8/*18;0.0;Poor Metabolizer;Abnormal/Priority/High Risk
*8/*19;0.0;Poor Metabolizer;Abnormal/Priority/High Risk
*8/*20;0.0;Poor Metabolizer;Abnormal/Priority/High Risk
*8/*21;0.0;Poor Metabolizer;Abnormal/Priority/High Risk
*8/*22;n/a;Indeterminate;none
*8/*23;n/a;Indeterminate;none
*8/*24;n/a;Indeterminate;none
*8/*25;n/a;Indeterminate;none
*8/*26;n/a;Indeterminate;none
*8/*27;1.0;Intermediate Metabolizer;Abnormal/Priority/High Risk
*8/*28;n/a;Indeterminate;none
*8/*29;0.5;Intermediate Metabolizer;Abnormal/Priority/High Risk
*8/*29x2;1.0;Intermediate Metabolizer;Abnormal/Priority/High Risk
*8/*30;n/a;Indeterminate;none
*8/*31;0.0;Poor Metabolizer;Abnormal/Priority/High Risk
*8/*32;0.25;Intermediate Metabolizer;Abnormal/Priority/High Risk
*8/*33;1.0;Intermediate Metabolizer;Abnormal/Priority/High Risk
*8/*34;1.0;Intermediate Metabolizer;Abnormal/Priority/High Risk
*8/*35;1.0;Intermediate Metabolizer;Abnormal/Priority/High Risk
*8/*35x2;2.0;Normal Metabolizer;Normal/Routine/ Low Risk
*8/*36;0.0;Poor Metabolizer;Abnormal/Priority/High Risk
*8/*36x2;0.0;Poor Metabolizer;Abnormal/Priority/High Risk
*8/*37;n/a;Indeterminate;none
*8/*38;0.0;Poor Metabolizer;Abnormal/Priority/High Risk
*8/*39;1.0;Intermediate Metabolizer;Abnormal/Priority/High Risk
*8/*40;0.0;Poor Metabolizer;Abnormal/Priority/High Risk
*8/*41;0.25;Intermediate Metabolizer;Abnormal/Priority/High Risk
*8/*41x2;0.5;Intermediate Metabolizer;Abnormal/Priority/High Risk
*8/*41x3;0.75;Intermediate Metabolizer;Abnormal/Priority/High Risk
*8/*42;0.0;Poor Metabolizer;Abnormal/Priority/High Risk
*8/*43;n/a;Indeterminate;none
*8/*43x2;n/a;Indeterminate;none
*8/*44;0.0;Poor Metabolizer;Abnormal/Priority/High Risk
*8/*45;1.0;Intermediate Metabolizer;Abnormal/Priority/High Risk
*8/*45x2;2.0;Normal Metabolizer;Normal/Routine/ Low Risk
*8/*46;1.0;Intermediate Metabolizer;Abnormal/Priority/High Risk
*8/*47;0.0;Poor Metabolizer;Abnormal/Priority/High Risk
*8/*48;1.0;Intermediate Metabolizer;Abnormal/Priority/High Risk
*8/*49;0.5;Intermediate Metabolizer;Abnormal/Priority/High Risk
*8/*50;0.5;Intermediate Metabolizer;Abnormal/Priority/High Risk
*8/*51;0.0;Poor Metabolizer;Abnormal/Priority/High Risk
*8/*52;0.25;Intermediate Metabolizer;Abnormal/Priority/High Risk
*8/*53;1.0;Intermediate Metabolizer;Abnormal/Priority/High Risk
*8/*54;0.5;Intermediate Metabolizer;Abnormal/Priority/High Risk
*8/*55;0.5;Intermediate Metabolizer;Abnormal/Priority/High Risk
*8/*56;0.0;Poor Metabolizer;Abnormal/Priority/High Risk
*8/*57;0.0;Poor Metabolizer;Abnormal/Priority/High Risk
*8/*58;n/a;Indeterminate;none
*8/*59;0.5;Intermediate Metabolizer;Abnormal/Priority/High Risk
*8/*60;0.0;Poor Metabolizer;Abnormal/Priority/High Risk
*8/*61;n/a;Indeterminate;none
*8/*62;0.0;Poor Metabolizer;Abnormal/Priority/High Risk
*8/*63;n/a;Indeterminate;none
*8/*64;n/a;Indeterminate;none
*8/*65;n/a;Indeterminate;none
*8/*68;0.0;Poor Metabolizer;Abnormal/Priority/High Risk
*8/*69;0.0;Poor Metabolizer;Abnormal/Priority/High Risk
*8/*70;n/a;Indeterminate;none
*8/*71;n/a;Indeterminate;none
*8/*72;n/a;Indeterminate;none
*8/*73;n/a;Indeterminate;none
*8/*74;n/a;Indeterminate;none
*8/*75;n/a;Indeterminate;none
*8/*81;0.0;Poor Metabolizer;Abnormal/Priority/High Risk
*8/*82;n/a;Indeterminate;none
*8/*83;n/a;Indeterminate;none
*8/*84;n/a;Indeterminate;none
*8/*85;n/a;Indeterminate;none
*8/*86;n/a;Indeterminate;none
*8/*87;n/a;Indeterminate;none
*8/*88;n/a;Indeterminate;none
*8/*89;n/a;Indeterminate;none
*8/*90;n/a;Indeterminate;none
*8/*91;0.25;Intermediate Metabolizer;Abnormal/Priority/High Risk
*8/*92;0.0;Poor Metabolizer;Abnormal/Priority/High Risk
*8/*93;n/a;Indeterminate;none
*8/*94;n/a;Indeterminate;none
*8/*95;n/a;Indeterminate;none
*8/*96;0.0;Poor Metabolizer;Abnormal/Priority/High Risk
*8/*97;n/a;Indeterminate;none
*8/*98;n/a;Indeterminate;none
*8/*99;0.0;Poor Metabolizer;Abnormal/Priority/High Risk
*8/*100;0.0;Poor Metabolizer;Abnormal/Priority/High Risk
*8/*101;0.0;Poor Metabolizer;Abnormal/Priority/High Risk
*8/*102;n/a;Indeterminate;none
*8/*103;n/a;Indeterminate;none
*8/*104;n/a;Indeterminate;none
*8/*105;n/a;Indeterminate;none
*8/*106;n/a;Indeterminate;none
*8/*107;n/a;Indeterminate;none
*8/*108;n/a;Indeterminate;none
*8/*109;0.25;Intermediate Metabolizer;Abnormal/Priority/High Risk
*8/*110;n/a;Indeterminate;none
*8/*111;n/a;Indeterminate;none
*8/*112;n/a;Indeterminate;none
*8/*113;n/a;Indeterminate;none
*8/*114;0.0;Poor Metabolizer;Abnormal/Priority/High Risk
*8/*115;n/a;Indeterminate;none
*8/*116;n/a;Indeterminate;none
*8/*117;n/a;Indeterminate;none
*8/*118;n/a;Indeterminate;none
*8/*119;0.25;Intermediate Metabolizer;Abnormal/Priority/High Risk
*8/*120;0.0;Poor Metabolizer;Abnormal/Priority/High Risk
*8/*121;n/a;Indeterminate;none
*8/*122;n/a;Indeterminate;none
*8/*123;n/a;Indeterminate;none
*8/*124;0.0;Poor Metabolizer;Abnormal/Priority/High Risk
*8/*125;n/a;Indeterminate;none
*8/*126;n/a;Indeterminate;none
*8/*127;n/a;Indeterminate;none
*8/*128;n/a;Indeterminate;none
*8/*129;0.0;Poor Metabolizer;Abnormal/Priority/High Risk
*8/*130;n/a;Indeterminate;none
*8/*131;n/a;Indeterminate;none
*8/*132;0.25;Intermediate Metabolizer;Abnormal/Priority/High Risk
*8/*133;n/a;Indeterminate;none
*8/*134;n/a;Indeterminate;none
*8/*135;n/a;Indeterminate;none
*8/*136;n/a;Indeterminate;none
*8/*137;n/a;Indeterminate;none
*8/*138;n/a;Indeterminate;none
*8/*139;n/a;Indeterminate;none
*8/*140;n/a;Indeterminate;none
*8/*141;n/a;Indeterminate;none
*8/*142;n/a;Indeterminate;none
*8/*143;0.0;Poor Metabolizer;Abnormal/Priority/High Risk
*8/*144;0.0;Poor Metabolizer;Abnormal/Priority/High Risk
*8/*145;n/a;Indeterminate;none
*8/*146;n/a;Indeterminate;none
*8/*146x2;n/a;Indeterminate;none
*8/*147;n/a;Indeterminate;none
*8/*148;n/a;Indeterminate;none
*8/*149;n/a;Indeterminate;none
*8/*152;n/a;Indeterminate;none
*8/*153;n/a;Indeterminate;none
*8/*154;n/a;Indeterminate;none
*8/*155;n/a;Indeterminate;none
*8/*156;0.0;Poor Metabolizer;Abnormal/Priority/High Risk
*8/*157;n/a;Indeterminate;none
*8/*158;n/a;Indeterminate;none
*8/*159;n/a;Indeterminate;none
*8/*160;n/a;Indeterminate;none
*8/*161;0.0;Poor Metabolizer;Abnormal/Priority/High Risk
*8/*162;n/a;Indeterminate;none
*8/*163;n/a;Indeterminate;none
*9/*9;0.5;Intermediate Metabolizer;Abnormal/Priority/High Risk
*9/*9x2;0.75;Intermediate Metabolizer;Abnormal/Priority/High Risk
*9/*10;0.5;Intermediate Metabolizer;Abnormal/Priority/High Risk
*9/*10x2;0.75;Intermediate Metabolizer;Abnormal/Priority/High Risk
*9/*11;0.25;Intermediate Metabolizer;Abnormal/Priority/High Risk
*9/*12;0.25;Intermediate Metabolizer;Abnormal/Priority/High Risk
*9/*13;0.25;Intermediate Metabolizer;Abnormal/Priority/High Risk
*9/*14;0.75;Intermediate Metabolizer;Abnormal/Priority/High Risk
*9/*15;0.25;Intermediate Metabolizer;Abnormal/Priority/High Risk
*9/*17;0.75;Intermediate Metabolizer;Abnormal/Priority/High Risk
*9/*17x2;1.25;Normal Metabolizer;Normal/Routine/ Low Risk
*9/*18;0.25;Intermediate Metabolizer;Abnormal/Priority/High Risk
*9/*19;0.25;Intermediate Metabolizer;Abnormal/Priority/High Risk
*9/*20;0.25;Intermediate Metabolizer;Abnormal/Priority/High Risk
*9/*21;0.25;Intermediate Metabolizer;Abnormal/Priority/High Risk
*9/*22;n/a;Indeterminate;none
*9/*23;n/a;Indeterminate;none
*9/*24;n/a;Indeterminate;none
*9/*25;n/a;Indeterminate;none
*9/*26;n/a;Indeterminate;none
*9/*27;1.25;Normal Metabolizer;Normal/Routine/ Low Risk
*9/*28;n/a;Indeterminate;none
*9/*29;0.75;Intermediate Metabolizer;Abnormal/Priority/High Risk
*9/*29x2;1.25;Normal Metabolizer;Normal/Routine/ Low Risk
*9/*30;n/a;Indeterminate;none
*9/*31;0.25;Intermediate Metabolizer;Abnormal/Priority/High Risk
*9/*32;0.5;Intermediate Metabolizer;Abnormal/Priority/High Risk
*9/*33;1.25;Normal Metabolizer;Normal/Routine/ Low Risk
*9/*34;1.25;Normal Metabolizer;Normal/Routine/ Low Risk
*9/*35;1.25;Normal Metabolizer;Normal/Routine/ Low Risk
*9/*35x2;2.25;Normal Metabolizer;Normal/Routine/ Low Risk
*9/*36;0.25;Intermediate Metabolizer;Abnormal/Priority/High Risk
*9/*36x2;0.25;Intermediate Metabolizer;Abnormal/Priority/High Risk
*9/*37;n/a;Indeterminate;none
*9/*38;0.25;Intermediate Metabolizer;Abnormal/Priority/High Risk
*9/*39;1.25;Normal Metabolizer;Normal/Routine/ Low Risk
*9/*40;0.25;Intermediate Metabolizer;Abnormal/Priority/High Risk
*9/*41;0.5;Intermediate Metabolizer;Abnormal/Priority/High Risk
*9/*41x2;0.75;Intermediate Metabolizer;Abnormal/Priority/High Risk
*9/*41x3;1.0;Intermediate Metabolizer;Abnormal/Priority/High Risk
*9/*42;0.25;Intermediate Metabolizer;Abnormal/Priority/High Risk
*9/*43;n/a;Indeterminate;none
*9/*43x2;n/a;Indeterminate;none
*9/*44;0.25;Intermediate Metabolizer;Abnormal/Priority/High Risk
*9/*45;1.25;Normal Metabolizer;Normal/Routine/ Low Risk
*9/*45x2;2.25;Normal Metabolizer;Normal/Routine/ Low Risk
*9/*46;1.25;Normal Metabolizer;Normal/Routine/ Low Risk
*9/*47;0.25;Intermediate Metabolizer;Abnormal/Priority/High Risk
*9/*48;1.25;Normal Metabolizer;Normal/Routine/ Low Risk
*9/*49;0.75;Intermediate Metabolizer;Abnormal/Priority/High Risk
*9/*50;0.75;Intermediate Metabolizer;Abnormal/Priority/High Risk
*9/*51;0.25;Intermediate Metabolizer;Abnormal/Priority/High Risk
*9/*52;0.5;Intermediate Metabolizer;Abnormal/Priority/High Risk
*9/*53;1.25;Normal Metabolizer;Normal/Routine/ Low Risk
*9/*54;0.75;Intermediate Metabolizer;Abnormal/Priority/High Risk
*9/*55;0.75;Intermediate Metabolizer;Abnormal/Priority/High Risk
*9/*56;0.25;Intermediate Metabolizer;Abnormal/Priority/High Risk
*9/*57;0.25;Intermediate Metabolizer;Abnormal/Priority/High Risk
*9/*58;n/a;Indeterminate;none
*9/*59;0.75;Intermediate Metabolizer;Abnormal/Priority/High Risk
*9/*60;0.25;Intermediate Metabolizer;Abnormal/Priority/High Risk
*9/*61;n/a;Indeterminate;none
*9/*62;0.25;Intermediate Metabolizer;Abnormal/Priority/High Risk
*9/*63;n/a;Indeterminate;none
*9/*64;n/a;Indeterminate;none
*9/*65;n/a;Indeterminate;none
*9/*68;0.25;Intermediate Metabolizer;Abnormal/Priority/High Risk
*9/*69;0.25;Intermediate Metabolizer;Abnormal/Priority/High Risk
*9/*70;n/a;Indeterminate;none
*9/*71;n/a;Indeterminate;none
*9/*72;n/a;Indeterminate;none
*9/*73;n/a;Indeterminate;none
*9/*74;n/a;Indeterminate;none
*9/*75;n/a;Indeterminate;none
*9/*81;0.25;Intermediate Metabolizer;Abnormal/Priority/High Risk
*9/*82;n/a;Indeterminate;none
*9/*83;n/a;Indeterminate;none
*9/*84;n/a;Indeterminate;none
*9/*85;n/a;Indeterminate;none
*9/*86;n/a;Indeterminate;none
*9/*87;n/a;Indeterminate;none
*9/*88;n/a;Indeterminate;none
*9/*89;n/a;Indeterminate;none
*9/*90;n/a;Indeterminate;none
*9/*91;0.5;Intermediate Metabolizer;Abnormal/Priority/High Risk
*9/*92;0.25;Intermediate Metabolizer;Abnormal/Priority/High Risk
*9/*93;n/a;Indeterminate;none
*9/*94;n/a;Indeterminate;none
*9/*95;n/a;Indeterminate;none
*9/*96;0.25;Intermediate Metabolizer;Abnormal/Priority/High Risk
*9/*97;n/a;Indeterminate;none
*9/*98;n/a;Indeterminate;none
*9/*99;0.25;Intermediate Metabolizer;Abnormal/Priority/High Risk
*9/*100;0.25;Intermediate Metabolizer;Abnormal/Priority/High Risk
*9/*101;0.25;Intermediate Metabolizer;Abnormal/Priority/High Risk
*9/*102;n/a;Indeterminate;none
*9/*103;n/a;Indeterminate;none
*9/*104;n/a;Indeterminate;none
*9/*105;n/a;Indeterminate;none
*9/*106;n/a;Indeterminate;none
*9/*107;n/a;Indeterminate;none
*9/*108;n/a;Indeterminate;none
*9/*109;0.5;Intermediate Metabolizer;Abnormal/Priority/High Risk
*9/*110;n/a;Indeterminate;none
*9/*111;n/a;Indeterminate;none
*9/*112;n/a;Indeterminate;none
*9/*113;n/a;Indeterminate;none
*9/*114;0.25;Intermediate Metabolizer;Abnormal/Priority/High Risk
*9/*115;n/a;Indeterminate;none
*9/*116;n/a;Indeterminate;none
*9/*117;n/a;Indeterminate;none
*9/*118;n/a;Indeterminate;none
*9/*119;0.5;Intermediate Metabolizer;Abnormal/Priority/High Risk
*9/*120;0.25;Intermediate Metabolizer;Abnormal/Priority/High Risk
*9/*121;n/a;Indeterminate;none
*9/*122;n/a;Indeterminate;none
*9/*123;n/a;Indeterminate;none
*9/*124;0.25;Intermediate Metabolizer;Abnormal/Priority/High Risk
*9/*125;n/a;Indeterminate;none
*9/*126;n/a;Indeterminate;none
*9/*127;n/a;Indeterminate;none
*9/*128;n/a;Indeterminate;none
*9/*129;0.25;Intermediate Metabolizer;Abnormal/Priority/High Risk
*9/*130;n/a;Indeterminate;none
*9/*131;n/a;Indeterminate;none
*9/*132;0.5;Intermediate Metabolizer;Abnormal/Priority/High Risk
*9/*133;n/a;Indeterminate;none
*9/*134;n/a;Indeterminate;none
*9/*135;n/a;Indeterminate;none
*9/*136;n/a;Indeterminate;none
*9/*137;n/a;Indeterminate;none
*9/*138;n/a;Indeterminate;none
*9/*139;n/a;Indeterminate;none
*9/*140;n/a;Indeterminate;none
*9/*141;n/a;Indeterminate;none
*9/*142;n/a;Indeterminate;none
*9/*143;0.25;Intermediate Metabolizer;Abnormal/Priority/High Risk
*9/*144;0.25;Intermediate Metabolizer;Abnormal/Priority/High Risk
*9/*145;n/a;Indeterminate;none
*9/*146;n/a;Indeterminate;none
*9/*146x2;n/a;Indeterminate;none
*9/*147;n/a;Indeterminate;none
*9/*148;n/a;Indeterminate;none
*9/*149;n/a;Indeterminate;none
*9/*152;n/a;Indeterminate;none
*9/*153;n/a;Indeterminate;none
*9/*154;n/a;Indeterminate;none
*9/*155;n/a;Indeterminate;none
*9/*156;0.25;Intermediate Metabolizer;Abnormal/Priority/High Risk
*9/*157;n/a;Indeterminate;none
*9/*158;n/a;Indeterminate;none
*9/*159;n/a;Indeterminate;none
*9/*160;n/a;Indeterminate;none
*9/*161;0.25;Intermediate Metabolizer;Abnormal/Priority/High Risk
*9/*162;n/a;Indeterminate;none
*9/*163;n/a;Indeterminate;none
*9x2/*9x2;1.0;Intermediate Metabolizer;Abnormal/Priority/High Risk
*9x2/*10;0.75;Intermediate Metabolizer;Abnormal/Priority/High Risk
*9x2/*10x2;1.0;Intermediate Metabolizer;Abnormal/Priority/High Risk
*9x2/*11;0.5;Intermediate Metabolizer;Abnormal/Priority/High Risk
*9x2/*12;0.5;Intermediate Metabolizer;Abnormal/Priority/High Risk
*9x2/*13;0.5;Intermediate Metabolizer;Abnormal/Priority/High Risk
*9x2/*14;1.0;Intermediate Metabolizer;Abnormal/Priority/High Risk
*9x2/*15;0.5;Intermediate Metabolizer;Abnormal/Priority/High Risk
*9x2/*17;1.0;Intermediate Metabolizer;Abnormal/Priority/High Risk
*9x2/*17x2;1.5;Normal Metabolizer;Normal/Routine/ Low Risk
*9x2/*18;0.5;Intermediate Metabolizer;Abnormal/Priority/High Risk
*9x2/*19;0.5;Intermediate Metabolizer;Abnormal/Priority/High Risk
*9x2/*20;0.5;Intermediate Metabolizer;Abnormal/Priority/High Risk
*9x2/*21;0.5;Intermediate Metabolizer;Abnormal/Priority/High Risk
*9x2/*22;n/a;Indeterminate;none
*9x2/*23;n/a;Indeterminate;none
*9x2/*24;n/a;Indeterminate;none
*9x2/*25;n/a;Indeterminate;none
*9x2/*26;n/a;Indeterminate;none
*9x2/*27;1.5;Normal Metabolizer;Normal/Routine/ Low Risk
*9x2/*28;n/a;Indeterminate;none
*9x2/*29;1.0;Intermediate Metabolizer;Abnormal/Priority/High Risk
*9x2/*29x2;1.5;Normal Metabolizer;Normal/Routine/ Low Risk
*9x2/*30;n/a;Indeterminate;none
*9x2/*31;0.5;Intermediate Metabolizer;Abnormal/Priority/High Risk
*9x2/*32;0.75;Intermediate Metabolizer;Abnormal/Priority/High Risk
*9x2/*33;1.5;Normal Metabolizer;Normal/Routine/ Low Risk
*9x2/*34;1.5;Normal Metabolizer;Normal/Routine/ Low Risk
*9x2/*35;1.5;Normal Metabolizer;Normal/Routine/ Low Risk
*9x2/*35x2;2.5;Ultrarapid Metabolizer;Abnormal/Priority/High Risk
*9x2/*36;0.5;Intermediate Metabolizer;Abnormal/Priority/High Risk
*9x2/*36x2;0.5;Intermediate Metabolizer;Abnormal/Priority/High Risk
*9x2/*37;n/a;Indeterminate;none
*9x2/*38;0.5;Intermediate Metabolizer;Abnormal/Priority/High Risk
*9x2/*39;1.5;Normal Metabolizer;Normal/Routine/ Low Risk
*9x2/*40;0.5;Intermediate Metabolizer;Abnormal/Priority/High Risk
*9x2/*41;0.75;Intermediate Metabolizer;Abnormal/Priority/High Risk
*9x2/*41x2;1.0;Intermediate Metabolizer;Abnormal/Priority/High Risk
*9x2/*41x3;1.25;Normal Metabolizer;Normal/Routine/ Low Risk
*9x2/*42;0.5;Intermediate Metabolizer;Abnormal/Priority/High Risk
*9x2/*43;n/a;Indeterminate;none
*9x2/*43x2;n/a;Indeterminate;none
*9x2/*44;0.5;Intermediate Metabolizer;Abnormal/Priority/High Risk
*9x2/*45;1.5;Normal Metabolizer;Normal/Routine/ Low Risk
*9x2/*45x2;2.5;Ultrarapid Metabolizer;Abnormal/Priority/High Risk
*9x2/*46;1.5;Normal Metabolizer;Normal/Routine/ Low Risk
*9x2/*47;0.5;Intermediate Metabolizer;Abnormal/Priority/High Risk
*9x2/*48;1.5;Normal Metabolizer;Normal/Routine/ Low Risk
*9x2/*49;1.0;Intermediate Metabolizer;Abnormal/Priority/High Risk
*9x2/*50;1.0;Intermediate Metabolizer;Abnormal/Priority/High Risk
*9x2/*51;0.5;Intermediate Metabolizer;Abnormal/Priority/High Risk
*9x2/*52;0.75;Intermediate Metabolizer;Abnormal/Priority/High Risk
*9x2/*53;1.5;Normal Metabolizer;Normal/Routine/ Low Risk
*9x2/*54;1.0;Intermediate Metabolizer;Abnormal/Priority/High Risk
*9x2/*55;1.0;Intermediate Metabolizer;Abnormal/Priority/High Risk
*9x2/*56;0.5;Intermediate Metabolizer;Abnormal/Priority/High Risk
*9x2/*57;0.5;Intermediate Metabolizer;Abnormal/Priority/High Risk
*9x2/*58;n/a;Indeterminate;none
*9x2/*59;1.0;Intermediate Metabolizer;Abnormal/Priority/High Risk
*9x2/*60;0.5;Intermediate Metabolizer;Abnormal/Priority/High Risk
*9x2/*61;n/a;Indeterminate;none
*9x2/*62;0.5;Intermediate Metabolizer;Abnormal/Priority/High Risk
*9x2/*63;n/a;Indeterminate;none
*9x2/*64;n/a;Indeterminate;none
*9x2/*65;n/a;Indeterminate;none
*9x2/*68;0.5;Intermediate Metabolizer;Abnormal/Priority/High Risk
*9x2/*69;0.5;Intermediate Metabolizer;Abnormal/Priority/High Risk
*9x2/*70;n/a;Indeterminate;none
*9x2/*71;n/a;Indeterminate;none
*9x2/*72;n/a;Indeterminate;none
*9x2/*73;n/a;Indeterminate;none
*9x2/*74;n/a;Indeterminate;none
*9x2/*75;n/a;Indeterminate;none
*9x2/*81;0.5;Intermediate Metabolizer;Abnormal/Priority/High Risk
*9x2/*82;n/a;Indeterminate;none
*9x2/*83;n/a;Indeterminate;none
*9x2/*84;n/a;Indeterminate;none
*9x2/*85;n/a;Indeterminate;none
*9x2/*86;n/a;Indeterminate;none
*9x2/*87;n/a;Indeterminate;none
*9x2/*88;n/a;Indeterminate;none
*9x2/*89;n/a;Indeterminate;none
*9x2/*90;n/a;Indeterminate;none
*9x2/*91;0.75;Intermediate Metabolizer;Abnormal/Priority/High Risk
*9x2/*92;0.5;Intermediate Metabolizer;Abnormal/Priority/High Risk
*9x2/*93;n/a;Indeterminate;none
*9x2/*94;n/a;Indeterminate;none
*9x2/*95;n/a;Indeterminate;none
*9x2/*96;0.5;Intermediate Metabolizer;Abnormal/Priority/High Risk
*9x2/*97;n/a;Indeterminate;none
*9x2/*98;n/a;Indeterminate;none
*9x2/*99;0.5;Intermediate Metabolizer;Abnormal/Priority/High Risk
*9x2/*100;0.5;Intermediate Metabolizer;Abnormal/Priority/High Risk
*9x2/*101;0.5;Intermediate Metabolizer;Abnormal/Priority/High Risk
*9x2/*102;n/a;Indeterminate;none
*9x2/*103;n/a;Indeterminate;none
*9x2/*104;n/a;Indeterminate;none
*9x2/*105;n/a;Indeterminate;none
*9x2/*106;n/a;Indeterminate;none
*9x2/*107;n/a;Indeterminate;none
*9x2/*108;n/a;Indeterminate;none
*9x2/*109;0.75;Intermediate Metabolizer;Abnormal/Priority/High Risk
*9x2/*110;n/a;Indeterminate;none
*9x2/*111;n/a;Indeterminate;none
*9x2/*112;n/a;Indeterminate;none
*9x2/*113;n/a;Indeterminate;none
*9x2/*114;0.5;Intermediate Metabolizer;Abnormal/Priority/High Risk
*9x2/*115;n/a;Indeterminate;none
*9x2/*116;n/a;Indeterminate;none
*9x2/*117;n/a;Indeterminate;none
*9x2/*118;n/a;Indeterminate;none
*9x2/*119;0.75;Intermediate Metabolizer;Abnormal/Priority/High Risk
*9x2/*120;0.5;Intermediate Metabolizer;Abnormal/Priority/High Risk
*9x2/*121;n/a;Indeterminate;none
*9x2/*122;n/a;Indeterminate;none
*9x2/*123;n/a;Indeterminate;none
*9x2/*124;0.5;Intermediate Metabolizer;Abnormal/Priority/High Risk
*9x2/*125;n/a;Indeterminate;none
*9x2/*126;n/a;Indeterminate;none
*9x2/*127;n/a;Indeterminate;none
*9x2/*128;n/a;Indeterminate;none
*9x2/*129;0.5;Intermediate Metabolizer;Abnormal/Priority/High Risk
*9x2/*130;n/a;Indeterminate;none
*9x2/*131;n/a;Indeterminate;none
*9x2/*132;0.75;Intermediate Metabolizer;Abnormal/Priority/High Risk
*9x2/*133;n/a;Indeterminate;none
*9x2/*134;n/a;Indeterminate;none
*9x2/*135;n/a;Indeterminate;none
*9x2/*136;n/a;Indeterminate;none
*9x2/*137;n/a;Indeterminate;none
*9x2/*138;n/a;Indeterminate;none
*9x2/*139;n/a;Indeterminate;none
*9x2/*140;n/a;Indeterminate;none
*9x2/*141;n/a;Indeterminate;none
*9x2/*142;n/a;Indeterminate;none
*9x2/*143;0.5;Intermediate Metabolizer;Abnormal/Priority/High Risk
*9x2/*144;0.5;Intermediate Metabolizer;Abnormal/Priority/High Risk
*9x2/*145;n/a;Indeterminate;none
*9x2/*146;n/a;Indeterminate;none
*9x2/*146x2;n/a;Indeterminate;none
*9x2/*147;n/a;Indeterminate;none
*9x2/*148;n/a;Indeterminate;none
*9x2/*149;n/a;Indeterminate;none
*9x2/*152;n/a;Indeterminate;none
*9x2/*153;n/a;Indeterminate;none
*9x2/*154;n/a;Indeterminate;none
*9x2/*155;n/a;Indeterminate;none
*9x2/*156;0.5;Intermediate Metabolizer;Abnormal/Priority/High Risk
*9x2/*157;n/a;Indeterminate;none
*9x2/*158;n/a;Indeterminate;none
*9x2/*159;n/a;Indeterminate;none
*9x2/*160;n/a;Indeterminate;none
*9x2/*161;0.5;Intermediate Metabolizer;Abnormal/Priority/High Risk
*9x2/*162;n/a;Indeterminate;none
*9x2/*163;n/a;Indeterminate;none
*10/*10;0.5;Intermediate Metabolizer;Abnormal/Priority/High Risk
*10/*10x2;0.75;Intermediate Metabolizer;Abnormal/Priority/High Risk
*10/*11;0.25;Intermediate Metabolizer;Abnormal/Priority/High Risk
*10/*12;0.25;Intermediate Metabolizer;Abnormal/Priority/High Risk
*10/*13;0.25;Intermediate Metabolizer;Abnormal/Priority/High Risk
*10/*14;0.75;Intermediate Metabolizer;Abnormal/Priority/High Risk
*10/*15;0.25;Intermediate Metabolizer;Abnormal/Priority/High Risk
*10/*17;0.75;Intermediate Metabolizer;Abnormal/Priority/High Risk
*10/*17x2;1.25;Normal Metabolizer;Normal/Routine/ Low Risk
*10/*18;0.25;Intermediate Metabolizer;Abnormal/Priority/High Risk
*10/*19;0.25;Intermediate Metabolizer;Abnormal/Priority/High Risk
*10/*20;0.25;Intermediate Metabolizer;Abnormal/Priority/High Risk
*10/*21;0.25;Intermediate Metabolizer;Abnormal/Priority/High Risk
*10/*22;n/a;Indeterminate;none
*10/*23;n/a;Indeterminate;none
*10/*24;n/a;Indeterminate;none
*10/*25;n/a;Indeterminate;none
*10/*26;n/a;Indeterminate;none
*10/*27;1.25;Normal Metabolizer;Normal/Routine/ Low Risk
*10/*28;n/a;Indeterminate;none
*10/*29;0.75;Intermediate Metabolizer;Abnormal/Priority/High Risk
*10/*29x2;1.25;Normal Metabolizer;Normal/Routine/ Low Risk
*10/*30;n/a;Indeterminate;none
*10/*31;0.25;Intermediate Metabolizer;Abnormal/Priority/High Risk
*10/*32;0.5;Intermediate Metabolizer;Abnormal/Priority/High Risk
*10/*33;1.25;Normal Metabolizer;Normal/Routine/ Low Risk
*10/*34;1.25;Normal Metabolizer;Normal/Routine/ Low Risk
*10/*35;1.25;Normal Metabolizer;Normal/Routine/ Low Risk
*10/*35x2;2.25;Normal Metabolizer;Normal/Routine/ Low Risk
*10/*36;0.25;Intermediate Metabolizer;Abnormal/Priority/High Risk
*10/*36x2;0.25;Intermediate Metabolizer;Abnormal/Priority/High Risk
*10/*37;n/a;Indeterminate;none
*10/*38;0.25;Intermediate Metabolizer;Abnormal/Priority/High Risk
*10/*39;1.25;Normal Metabolizer;Normal/Routine/ Low Risk
*10/*40;0.25;Intermediate Metabolizer;Abnormal/Priority/High Risk
*10/*41;0.5;Intermediate Metabolizer;Abnormal/Priority/High Risk
*10/*41x2;0.75;Intermediate Metabolizer;Abnormal/Priority/High Risk
*10/*41x3;1.0;Intermediate Metabolizer;Abnormal/Priority/High Risk
*10/*42;0.25;Intermediate Metabolizer;Abnormal/Priority/High Risk
*10/*43;n/a;Indeterminate;none
*10/*43x2;n/a;Indeterminate;none
*10/*44;0.25;Intermediate Metabolizer;Abnormal/Priority/High Risk
*10/*45;1.25;Normal Metabolizer;Normal/Routine/ Low Risk
*10/*45x2;2.25;Normal Metabolizer;Normal/Routine/ Low Risk
*10/*46;1.25;Normal Metabolizer;Normal/Routine/ Low Risk
*10/*47;0.25;Intermediate Metabolizer;Abnormal/Priority/High Risk
*10/*48;1.25;Normal Metabolizer;Normal/Routine/ Low Risk
*10/*49;0.75;Intermediate Metabolizer;Abnormal/Priority/High Risk
*10/*50;0.75;Intermediate Metabolizer;Abnormal/Priority/High Risk
*10/*51;0.25;Intermediate Metabolizer;Abnormal/Priority/High Risk
*10/*52;0.5;Intermediate Metabolizer;Abnormal/Priority/High Risk
*10/*53;1.25;Normal Metabolizer;Normal/Routine/ Low Risk
*10/*54;0.75;Intermediate Metabolizer;Abnormal/Priority/High Risk
*10/*55;0.75;Intermediate Metabolizer;Abnormal/Priority/High Risk
*10/*56;0.25;Intermediate Metabolizer;Abnormal/Priority/High Risk
*10/*57;0.25;Intermediate Metabolizer;Abnormal/Priority/High Risk
*10/*58;n/a;Indeterminate;none
*10/*59;0.75;Intermediate Metabolizer;Abnormal/Priority/High Risk
*10/*60;0.25;Intermediate Metabolizer;Abnormal/Priority/High Risk
*10/*61;n/a;Indeterminate;none
*10/*62;0.25;Intermediate Metabolizer;Abnormal/Priority/High Risk
*10/*63;n/a;Indeterminate;none
*10/*64;n/a;Indeterminate;none
*10/*65;n/a;Indeterminate;none
*10/*68;0.25;Intermediate Metabolizer;Abnormal/Priority/High Risk
*10/*69;0.25;Intermediate Metabolizer;Abnormal/Priority/High Risk
*10/*70;n/a;Indeterminate;none
*10/*71;n/a;Indeterminate;none
*10/*72;n/a;Indeterminate;none
*10/*73;n/a;Indeterminate;none
*10/*74;n/a;Indeterminate;none
*10/*75;n/a;Indeterminate;none
*10/*81;0.25;Intermediate Metabolizer;Abnormal/Priority/High Risk
*10/*82;n/a;Indeterminate;none
*10/*83;n/a;Indeterminate;none
*10/*84;n/a;Indeterminate;none
*10/*85;n/a;Indeterminate;none
*10/*86;n/a;Indeterminate;none
*10/*87;n/a;Indeterminate;none
*10/*88;n/a;Indeterminate;none
*10/*89;n/a;Indeterminate;none
*10/*90;n/a;Indeterminate;none
*10/*91;0.5;Intermediate Metabolizer;Abnormal/Priority/High Risk
*10/*92;0.25;Intermediate Metabolizer;Abnormal/Priority/High Risk
*10/*93;n/a;Indeterminate;none
*10/*94;n/a;Indeterminate;none
*10/*95;n/a;Indeterminate;none
*10/*96;0.25;Intermediate Metabolizer;Abnormal/Priority/High Risk
*10/*97;n/a;Indeterminate;none
*10/*98;n/a;Indeterminate;none
*10/*99;0.25;Intermediate Metabolizer;Abnormal/Priority/High Risk
*10/*100;0.25;Intermediate Metabolizer;Abnormal/Priority/High Risk
*10/*101;0.25;Intermediate Metabolizer;Abnormal/Priority/High Risk
*10/*102;n/a;Indeterminate;none
*10/*103;n/a;Indeterminate;none
*10/*104;n/a;Indeterminate;none
*10/*105;n/a;Indeterminate;none
*10/*106;n/a;Indeterminate;none
*10/*107;n/a;Indeterminate;none
*10/*108;n/a;Indeterminate;none
*10/*109;0.5;Intermediate Metabolizer;Abnormal/Priority/High Risk
*10/*110;n/a;Indeterminate;none
*10/*111;n/a;Indeterminate;none
*10/*112;n/a;Indeterminate;none
*10/*113;n/a;Indeterminate;none
*10/*114;0.25;Intermediate Metabolizer;Abnormal/Priority/High Risk
*10/*115;n/a;Indeterminate;none
*10/*116;n/a;Indeterminate;none
*10/*117;n/a;Indeterminate;none
*10/*118;n/a;Indeterminate;none
*10/*119;0.5;Intermediate Metabolizer;Abnormal/Priority/High Risk
*10/*120;0.25;Intermediate Metabolizer;Abnormal/Priority/High Risk
*10/*121;n/a;Indeterminate;none
*10/*122;n/a;Indeterminate;none
*10/*123;n/a;Indeterminate;none
*10/*124;0.25;Intermediate Metabolizer;Abnormal/Priority/High Risk
*10/*125;n/a;Indeterminate;none
*10/*126;n/a;Indeterminate;none
*10/*127;n/a;Indeterminate;none
*10/*128;n/a;Indeterminate;none
*10/*129;0.25;Intermediate Metabolizer;Abnormal/Priority/High Risk
*10/*130;n/a;Indeterminate;none
*10/*131;n/a;Indeterminate;none
*10/*132;0.5;Intermediate Metabolizer;Abnormal/Priority/High Risk
*10/*133;n/a;Indeterminate;none
*10/*134;n/a;Indeterminate;none
*10/*135;n/a;Indeterminate;none
*10/*136;n/a;Indeterminate;none
*10/*137;n/a;Indeterminate;none
*10/*138;n/a;Indeterminate;none
*10/*139;n/a;Indeterminate;none
*10/*140;n/a;Indeterminate;none
*10/*141;n/a;Indeterminate;none
*10/*142;n/a;Indeterminate;none
*10/*143;0.25;Intermediate Metabolizer;Abnormal/Priority/High Risk
*10/*144;0.25;Intermediate Metabolizer;Abnormal/Priority/High Risk
*10/*145;n/a;Indeterminate;none
*10/*146;n/a;Indeterminate;none
*10/*146x2;n/a;Indeterminate;none
*10/*147;n/a;Indeterminate;none
*10/*148;n/a;Indeterminate;none
*10/*149;n/a;Indeterminate;none
*10/*152;n/a;Indeterminate;none
*10/*153;n/a;Indeterminate;none
*10/*154;n/a;Indeterminate;none
*10/*155;n/a;Indeterminate;none
*10/*156;0.25;Intermediate Metabolizer;Abnormal/Priority/High Risk
*10/*157;n/a;Indeterminate;none
*10/*158;n/a;Indeterminate;none
*10/*159;n/a;Indeterminate;none
*10/*160;n/a;Indeterminate;none
*10/*161;0.25;Intermediate Metabolizer;Abnormal/Priority/High Risk
*10/*162;n/a;Indeterminate;none
*10/*163;n/a;Indeterminate;none
*10x2/*10x2;1.0;Intermediate Metabolizer;Abnormal/Priority/High Risk
*10x2/*11;0.5;Intermediate Metabolizer;Abnormal/Priority/High Risk
*10x2/*12;0.5;Intermediate Metabolizer;Abnormal/Priority/High Risk
*10x2/*13;0.5;Intermediate Metabolizer;Abnormal/Priority/High Risk
*10x2/*14;1.0;Intermediate Metabolizer;Abnormal/Priority/High Risk
*10x2/*15;0.5;Intermediate Metabolizer;Abnormal/Priority/High Risk
*10x2/*17;1.0;Intermediate Metabolizer;Abnormal/Priority/High Risk
*10x2/*17x2;1.5;Normal Metabolizer;Normal/Routine/ Low Risk
*10x2/*18;0.5;Intermediate Metabolizer;Abnormal/Priority/High Risk
*10x2/*19;0.5;Intermediate Metabolizer;Abnormal/Priority/High Risk
*10x2/*20;0.5;Intermediate Metabolizer;Abnormal/Priority/High Risk
*10x2/*21;0.5;Intermediate Metabolizer;Abnormal/Priority/High Risk
*10x2/*22;n/a;Indeterminate;none
*10x2/*23;n/a;Indeterminate;none
*10x2/*24;n/a;Indeterminate;none
*10x2/*25;n/a;Indeterminate;none
*10x2/*26;n/a;Indeterminate;none
*10x2/*27;1.5;Normal Metabolizer;Normal/Routine/ Low Risk
*10x2/*28;n/a;Indeterminate;none
*10x2/*29;1.0;Intermediate Metabolizer;Abnormal/Priority/High Risk
*10x2/*29x2;1.5;Normal Metabolizer;Normal/Routine/ Low Risk
*10x2/*30;n/a;Indeterminate;none
*10x2/*31;0.5;Intermediate Metabolizer;Abnormal/Priority/High Risk
*10x2/*32;0.75;Intermediate Metabolizer;Abnormal/Priority/High Risk
*10x2/*33;1.5;Normal Metabolizer;Normal/Routine/ Low Risk
*10x2/*34;1.5;Normal Metabolizer;Normal/Routine/ Low Risk
*10x2/*35;1.5;Normal Metabolizer;Normal/Routine/ Low Risk
*10x2/*35x2;2.5;Ultrarapid Metabolizer;Abnormal/Priority/High Risk
*10x2/*36;0.5;Intermediate Metabolizer;Abnormal/Priority/High Risk
*10x2/*36x2;0.5;Intermediate Metabolizer;Abnormal/Priority/High Risk
*10x2/*37;n/a;Indeterminate;none
*10x2/*38;0.5;Intermediate Metabolizer;Abnormal/Priority/High Risk
*10x2/*39;1.5;Normal Metabolizer;Normal/Routine/ Low Risk
*10x2/*40;0.5;Intermediate Metabolizer;Abnormal/Priority/High Risk
*10x2/*41;0.75;Intermediate Metabolizer;Abnormal/Priority/High Risk
*10x2/*41x2;1.0;Intermediate Metabolizer;Abnormal/Priority/High Risk
*10x2/*41x3;1.25;Normal Metabolizer;Normal/Routine/ Low Risk
*10x2/*42;0.5;Intermediate Metabolizer;Abnormal/Priority/High Risk
*10x2/*43;n/a;Indeterminate;none
*10x2/*43x2;n/a;Indeterminate;none
*10x2/*44;0.5;Intermediate Metabolizer;Abnormal/Priority/High Risk
*10x2/*45;1.5;Normal Metabolizer;Normal/Routine/ Low Risk
*10x2/*45x2;2.5;Ultrarapid Metabolizer;Abnormal/Priority/High Risk
*10x2/*46;1.5;Normal Metabolizer;Normal/Routine/ Low Risk
*10x2/*47;0.5;Intermediate Metabolizer;Abnormal/Priority/High Risk
*10x2/*48;1.5;Normal Metabolizer;Normal/Routine/ Low Risk
*10x2/*49;1.0;Intermediate Metabolizer;Abnormal/Priority/High Risk
*10x2/*50;1.0;Intermediate Metabolizer;Abnormal/Priority/High Risk
*10x2/*51;0.5;Intermediate Metabolizer;Abnormal/Priority/High Risk
*10x2/*52;0.75;Intermediate Metabolizer;Abnormal/Priority/High Risk
*10x2/*53;1.5;Normal Metabolizer;Normal/Routine/ Low Risk
*10x2/*54;1.0;Intermediate Metabolizer;Abnormal/Priority/High Risk
*10x2/*55;1.0;Intermediate Metabolizer;Abnormal/Priority/High Risk
*10x2/*56;0.5;Intermediate Metabolizer;Abnormal/Priority/High Risk
*10x2/*57;0.5;Intermediate Metabolizer;Abnormal/Priority/High Risk
*10x2/*58;n/a;Indeterminate;none
*10x2/*59;1.0;Intermediate Metabolizer;Abnormal/Priority/High Risk
*10x2/*60;0.5;Intermediate Metabolizer;Abnormal/Priority/High Risk
*10x2/*61;n/a;Indeterminate;none
*10x2/*62;0.5;Intermediate Metabolizer;Abnormal/Priority/High Risk
*10x2/*63;n/a;Indeterminate;none
*10x2/*64;n/a;Indeterminate;none
*10x2/*65;n/a;Indeterminate;none
*10x2/*68;0.5;Intermediate Metabolizer;Abnormal/Priority/High Risk
*10x2/*69;0.5;Intermediate Metabolizer;Abnormal/Priority/High Risk
*10x2/*70;n/a;Indeterminate;none
*10x2/*71;n/a;Indeterminate;none
*10x2/*72;n/a;Indeterminate;none
*10x2/*73;n/a;Indeterminate;none
*10x2/*74;n/a;Indeterminate;none
*10x2/*75;n/a;Indeterminate;none
*10x2/*81;0.5;Intermediate Metabolizer;Abnormal/Priority/High Risk
*10x2/*82;n/a;Indeterminate;none
*10x2/*83;n/a;Indeterminate;none
*10x2/*84;n/a;Indeterminate;none
*10x2/*85;n/a;Indeterminate;none
*10x2/*86;n/a;Indeterminate;none
*10x2/*87;n/a;Indeterminate;none
*10x2/*88;n/a;Indeterminate;none
*10x2/*89;n/a;Indeterminate;none
*10x2/*90;n/a;Indeterminate;none
*10x2/*91;0.75;Intermediate Metabolizer;Abnormal/Priority/High Risk
*10x2/*92;0.5;Intermediate Metabolizer;Abnormal/Priority/High Risk
*10x2/*93;n/a;Indeterminate;none
*10x2/*94;n/a;Indeterminate;none
*10x2/*95;n/a;Indeterminate;none
*10x2/*96;0.5;Intermediate Metabolizer;Abnormal/Priority/High Risk
*10x2/*97;n/a;Indeterminate;none
*10x2/*98;n/a;Indeterminate;none
*10x2/*99;0.5;Intermediate Metabolizer;Abnormal/Priority/High Risk
*10x2/*100;0.5;Intermediate Metabolizer;Abnormal/Priority/High Risk
*10x2/*101;0.5;Intermediate Metabolizer;Abnormal/Priority/High Risk
*10x2/*102;n/a;Indeterminate;none
*10x2/*103;n/a;Indeterminate;none
*10x2/*104;n/a;Indeterminate;none
*10x2/*105;n/a;Indeterminate;none
*10x2/*106;n/a;Indeterminate;none
*10x2/*107;n/a;Indeterminate;none
*10x2/*108;n/a;Indeterminate;none
*10x2/*109;0.75;Intermediate Metabolizer;Abnormal/Priority/High Risk
*10x2/*110;n/a;Indeterminate;none
*10x2/*111;n/a;Indeterminate;none
*10x2/*112;n/a;Indeterminate;none
*10x2/*113;n/a;Indeterminate;none
*10x2/*114;0.5;Intermediate Metabolizer;Abnormal/Priority/High Risk
*10x2/*115;n/a;Indeterminate;none
*10x2/*116;n/a;Indeterminate;none
*10x2/*117;n/a;Indeterminate;none
*10x2/*118;n/a;Indeterminate;none
*10x2/*119;0.75;Intermediate Metabolizer;Abnormal/Priority/High Risk
*10x2/*120;0.5;Intermediate Metabolizer;Abnormal/Priority/High Risk
*10x2/*121;n/a;Indeterminate;none
*10x2/*122;n/a;Indeterminate;none
*10x2/*123;n/a;Indeterminate;none
*10x2/*124;0.5;Intermediate Metabolizer;Abnormal/Priority/High Risk
*10x2/*125;n/a;Indeterminate;none
*10x2/*126;n/a;Indeterminate;none
*10x2/*127;n/a;Indeterminate;none
*10x2/*128;n/a;Indeterminate;none
*10x2/*129;0.5;Intermediate Metabolizer;Abnormal/Priority/High Risk
*10x2/*130;n/a;Indeterminate;none
*10x2/*131;n/a;Indeterminate;none
*10x2/*132;0.75;Intermediate Metabolizer;Abnormal/Priority/High Risk
*10x2/*133;n/a;Indeterminate;none
*10x2/*134;n/a;Indeterminate;none
*10x2/*135;n/a;Indeterminate;none
*10x2/*136;n/a;Indeterminate;none
*10x2/*137;n/a;Indeterminate;none
*10x2/*138;n/a;Indeterminate;none
*10x2/*139;n/a;Indeterminate;none
*10x2/*140;n/a;Indeterminate;none
*10x2/*141;n/a;Indeterminate;none
*10x2/*142;n/a;Indeterminate;none
*10x2/*143;0.5;Intermediate Metabolizer;Abnormal/Priority/High Risk
*10x2/*144;0.5;Intermediate Metabolizer;Abnormal/Priority/High Risk
*10x2/*145;n/a;Indeterminate;none
*10x2/*146;n/a;Indeterminate;none
*10x2/*146x2;n/a;Indeterminate;none
*10x2/*147;n/a;Indeterminate;none
*10x2/*148;n/a;Indeterminate;none
*10x2/*149;n/a;Indeterminate;none
*10x2/*152;n/a;Indeterminate;none
*10x2/*153;n/a;Indeterminate;none
*10x2/*154;n/a;Indeterminate;none
*10x2/*155;n/a;Indeterminate;none
*10x2/*156;0.5;Intermediate Metabolizer;Abnormal/Priority/High Risk
*10x2/*157;n/a;Indeterminate;none
*10x2/*158;n/a;Indeterminate;none
*10x2/*159;n/a;Indeterminate;none
*10x2/*160;n/a;Indeterminate;none
*10x2/*161;0.5;Intermediate Metabolizer;Abnormal/Priority/High Risk
*10x2/*162;n/a;Indeterminate;none
*10x2/*163;n/a;Indeterminate;none
*11/*11;0.0;Poor Metabolizer;Abnormal/Priority/High Risk
*11/*12;0.0;Poor Metabolizer;Abnormal/Priority/High Risk
*11/*13;0.0;Poor Metabolizer;Abnormal/Priority/High Risk
*11/*14;0.5;Intermediate Metabolizer;Abnormal/Priority/High Risk
*11/*15;0.0;Poor Metabolizer;Abnormal/Priority/High Risk
*11/*17;0.5;Intermediate Metabolizer;Abnormal/Priority/High Risk
*11/*17x2;1.0;Intermediate Metabolizer;Abnormal/Priority/High Risk
*11/*18;0.0;Poor Metabolizer;Abnormal/Priority/High Risk
*11/*19;0.0;Poor Metabolizer;Abnormal/Priority/High Risk
*11/*20;0.0;Poor Metabolizer;Abnormal/Priority/High Risk
*11/*21;0.0;Poor Metabolizer;Abnormal/Priority/High Risk
*11/*22;n/a;Indeterminate;none
*11/*23;n/a;Indeterminate;none
*11/*24;n/a;Indeterminate;none
*11/*25;n/a;Indeterminate;none
*11/*26;n/a;Indeterminate;none
*11/*27;1.0;Intermediate Metabolizer;Abnormal/Priority/High Risk
*11/*28;n/a;Indeterminate;none
*11/*29;0.5;Intermediate Metabolizer;Abnormal/Priority/High Risk
*11/*29x2;1.0;Intermediate Metabolizer;Abnormal/Priority/High Risk
*11/*30;n/a;Indeterminate;none
*11/*31;0.0;Poor Metabolizer;Abnormal/Priority/High Risk
*11/*32;0.25;Intermediate Metabolizer;Abnormal/Priority/High Risk
*11/*33;1.0;Intermediate Metabolizer;Abnormal/Priority/High Risk
*11/*34;1.0;Intermediate Metabolizer;Abnormal/Priority/High Risk
*11/*35;1.0;Intermediate Metabolizer;Abnormal/Priority/High Risk
*11/*35x2;2.0;Normal Metabolizer;Normal/Routine/ Low Risk
*11/*36;0.0;Poor Metabolizer;Abnormal/Priority/High Risk
*11/*36x2;0.0;Poor Metabolizer;Abnormal/Priority/High Risk
*11/*37;n/a;Indeterminate;none
*11/*38;0.0;Poor Metabolizer;Abnormal/Priority/High Risk
*11/*39;1.0;Intermediate Metabolizer;Abnormal/Priority/High Risk
*11/*40;0.0;Poor Metabolizer;Abnormal/Priority/High Risk
*11/*41;0.25;Intermediate Metabolizer;Abnormal/Priority/High Risk
*11/*41x2;0.5;Intermediate Metabolizer;Abnormal/Priority/High Risk
*11/*41x3;0.75;Intermediate Metabolizer;Abnormal/Priority/High Risk
*11/*42;0.0;Poor Metabolizer;Abnormal/Priority/High Risk
*11/*43;n/a;Indeterminate;none
*11/*43x2;n/a;Indeterminate;none
*11/*44;0.0;Poor Metabolizer;Abnormal/Priority/High Risk
*11/*45;1.0;Intermediate Metabolizer;Abnormal/Priority/High Risk
*11/*45x2;2.0;Normal Metabolizer;Normal/Routine/ Low Risk
*11/*46;1.0;Intermediate Metabolizer;Abnormal/Priority/High Risk
*11/*47;0.0;Poor Metabolizer;Abnormal/Priority/High Risk
*11/*48;1.0;Intermediate Metabolizer;Abnormal/Priority/High Risk
*11/*49;0.5;Intermediate Metabolizer;Abnormal/Priority/High Risk
*11/*50;0.5;Intermediate Metabolizer;Abnormal/Priority/High Risk
*11/*51;0.0;Poor Metabolizer;Abnormal/Priority/High Risk
*11/*52;0.25;Intermediate Metabolizer;Abnormal/Priority/High Risk
*11/*53;1.0;Intermediate Metabolizer;Abnormal/Priority/High Risk
*11/*54;0.5;Intermediate Metabolizer;Abnormal/Priority/High Risk
*11/*55;0.5;Intermediate Metabolizer;Abnormal/Priority/High Risk
*11/*56;0.0;Poor Metabolizer;Abnormal/Priority/High Risk
*11/*57;0.0;Poor Metabolizer;Abnormal/Priority/High Risk
*11/*58;n/a;Indeterminate;none
*11/*59;0.5;Intermediate Metabolizer;Abnormal/Priority/High Risk
*11/*60;0.0;Poor Metabolizer;Abnormal/Priority/High Risk
*11/*61;n/a;Indeterminate;none
*11/*62;0.0;Poor Metabolizer;Abnormal/Priority/High Risk
*11/*63;n/a;Indeterminate;none
*11/*64;n/a;Indeterminate;none
*11/*65;n/a;Indeterminate;none
*11/*68;0.0;Poor Metabolizer;Abnormal/Priority/High Risk
*11/*69;0.0;Poor Metabolizer;Abnormal/Priority/High Risk
*11/*70;n/a;Indeterminate;none
*11/*71;n/a;Indeterminate;none
*11/*72;n/a;Indeterminate;none
*11/*73;n/a;Indeterminate;none
*11/*74;n/a;Indeterminate;none
*11/*75;n/a;Indeterminate;none
*11/*81;0.0;Poor Metabolizer;Abnormal/Priority/High Risk
*11/*82;n/a;Indeterminate;none
*11/*83;n/a;Indeterminate;none
*11/*84;n/a;Indeterminate;none
*11/*85;n/a;Indeterminate;none
*11/*86;n/a;Indeterminate;none
*11/*87;n/a;Indeterminate;none
*11/*88;n/a;Indeterminate;none
*11/*89;n/a;Indeterminate;none
*11/*90;n/a;Indeterminate;none
*11/*91;0.25;Intermediate Metabolizer;Abnormal/Priority/High Risk
*11/*92;0.0;Poor Metabolizer;Abnormal/Priority/High Risk
*11/*93;n/a;Indeterminate;none
*11/*94;n/a;Indeterminate;none
*11/*95;n/a;Indeterminate;none
*11/*96;0.0;Poor Metabolizer;Abnormal/Priority/High Risk
*11/*97;n/a;Indeterminate;none
*11/*98;n/a;Indeterminate;none
*11/*99;0.0;Poor Metabolizer;Abnormal/Priority/High Risk
*11/*100;0.0;Poor Metabolizer;Abnormal/Priority/High Risk
*11/*101;0.0;Poor Metabolizer;Abnormal/Priority/High Risk
*11/*102;n/a;Indeterminate;none
*11/*103;n/a;Indeterminate;none
*11/*104;n/a;Indeterminate;none
*11/*105;n/a;Indeterminate;none
*11/*106;n/a;Indeterminate;none
*11/*107;n/a;Indeterminate;none
*11/*108;n/a;Indeterminate;none
*11/*109;0.25;Intermediate Metabolizer;Abnormal/Priority/High Risk
*11/*110;n/a;Indeterminate;none
*11/*111;n/a;Indeterminate;none
*11/*112;n/a;Indeterminate;none
*11/*113;n/a;Indeterminate;none
*11/*114;0.0;Poor Metabolizer;Abnormal/Priority/High Risk
*11/*115;n/a;Indeterminate;none
*11/*116;n/a;Indeterminate;none
*11/*117;n/a;Indeterminate;none
*11/*118;n/a;Indeterminate;none
*11/*119;0.25;Intermediate Metabolizer;Abnormal/Priority/High Risk
*11/*120;0.0;Poor Metabolizer;Abnormal/Priority/High Risk
*11/*121;n/a;Indeterminate;none
*11/*122;n/a;Indeterminate;none
*11/*123;n/a;Indeterminate;none
*11/*124;0.0;Poor Metabolizer;Abnormal/Priority/High Risk
*11/*125;n/a;Indeterminate;none
*11/*126;n/a;Indeterminate;none
*11/*127;n/a;Indeterminate;none
*11/*128;n/a;Indeterminate;none
*11/*129;0.0;Poor Metabolizer;Abnormal/Priority/High Risk
*11/*130;n/a;Indeterminate;none
*11/*131;n/a;Indeterminate;none
*11/*132;0.25;Intermediate Metabolizer;Abnormal/Priority/High Risk
*11/*133;n/a;Indeterminate;none
*11/*134;n/a;Indeterminate;none
*11/*135;n/a;Indeterminate;none
*11/*136;n/a;Indeterminate;none
*11/*137;n/a;Indeterminate;none
*11/*138;n/a;Indeterminate;none
*11/*139;n/a;Indeterminate;none
*11/*140;n/a;Indeterminate;none
*11/*141;n/a;Indeterminate;none
*11/*142;n/a;Indeterminate;none
*11/*143;0.0;Poor Metabolizer;Abnormal/Priority/High Risk
*11/*144;0.0;Poor Metabolizer;Abnormal/Priority/High Risk
*11/*145;n/a;Indeterminate;none
*11/*146;n/a;Indeterminate;none
*11/*146x2;n/a;Indeterminate;none
*11/*147;n/a;Indeterminate;none
*11/*148;n/a;Indeterminate;none
*11/*149;n/a;Indeterminate;none
*11/*152;n/a;Indeterminate;none
*11/*153;n/a;Indeterminate;none
*11/*154;n/a;Indeterminate;none
*11/*155;n/a;Indeterminate;none
*11/*156;0.0;Poor Metabolizer;Abnormal/Priority/High Risk
*11/*157;n/a;Indeterminate;none
*11/*158;n/a;Indeterminate;none
*11/*159;n/a;Indeterminate;none
*11/*160;n/a;Indeterminate;none
*11/*161;0.0;Poor Metabolizer;Abnormal/Priority/High Risk
*11/*162;n/a;Indeterminate;none
*11/*163;n/a;Indeterminate;none
*12/*12;0.0;Poor Metabolizer;Abnormal/Priority/High Risk
*12/*13;0.0;Poor Metabolizer;Abnormal/Priority/High Risk
*12/*14;0.5;Intermediate Metabolizer;Abnormal/Priority/High Risk
*12/*15;0.0;Poor Metabolizer;Abnormal/Priority/High Risk
*12/*17;0.5;Intermediate Metabolizer;Abnormal/Priority/High Risk
*12/*17x2;1.0;Intermediate Metabolizer;Abnormal/Priority/High Risk
*12/*18;0.0;Poor Metabolizer;Abnormal/Priority/High Risk
*12/*19;0.0;Poor Metabolizer;Abnormal/Priority/High Risk
*12/*20;0.0;Poor Metabolizer;Abnormal/Priority/High Risk
*12/*21;0.0;Poor Metabolizer;Abnormal/Priority/High Risk
*12/*22;n/a;Indeterminate;none
*12/*23;n/a;Indeterminate;none
*12/*24;n/a;Indeterminate;none
*12/*25;n/a;Indeterminate;none
*12/*26;n/a;Indeterminate;none
*12/*27;1.0;Intermediate Metabolizer;Abnormal/Priority/High Risk
*12/*28;n/a;Indeterminate;none
*12/*29;0.5;Intermediate Metabolizer;Abnormal/Priority/High Risk
*12/*29x2;1.0;Intermediate Metabolizer;Abnormal/Priority/High Risk
*12/*30;n/a;Indeterminate;none
*12/*31;0.0;Poor Metabolizer;Abnormal/Priority/High Risk
*12/*32;0.25;Intermediate Metabolizer;Abnormal/Priority/High Risk
*12/*33;1.0;Intermediate Metabolizer;Abnormal/Priority/High Risk
*12/*34;1.0;Intermediate Metabolizer;Abnormal/Priority/High Risk
*12/*35;1.0;Intermediate Metabolizer;Abnormal/Priority/High Risk
*12/*35x2;2.0;Normal Metabolizer;Normal/Routine/ Low Risk
*12/*36;0.0;Poor Metabolizer;Abnormal/Priority/High Risk
*12/*36x2;0.0;Poor Metabolizer;Abnormal/Priority/High Risk
*12/*37;n/a;Indeterminate;none
*12/*38;0.0;Poor Metabolizer;Abnormal/Priority/High Risk
*12/*39;1.0;Intermediate Metabolizer;Abnormal/Priority/High Risk
*12/*40;0.0;Poor Metabolizer;Abnormal/Priority/High Risk
*12/*41;0.25;Intermediate Metabolizer;Abnormal/Priority/High Risk
*12/*41x2;0.5;Intermediate Metabolizer;Abnormal/Priority/High Risk
*12/*41x3;0.75;Intermediate Metabolizer;Abnormal/Priority/High Risk
*12/*42;0.0;Poor Metabolizer;Abnormal/Priority/High Risk
*12/*43;n/a;Indeterminate;none
*12/*43x2;n/a;Indeterminate;none
*12/*44;0.0;Poor Metabolizer;Abnormal/Priority/High Risk
*12/*45;1.0;Intermediate Metabolizer;Abnormal/Priority/High Risk
*12/*45x2;2.0;Normal Metabolizer;Normal/Routine/ Low Risk
*12/*46;1.0;Intermediate Metabolizer;Abnormal/Priority/High Risk
*12/*47;0.0;Poor Metabolizer;Abnormal/Priority/High Risk
*12/*48;1.0;Intermediate Metabolizer;Abnormal/Priority/High Risk
*12/*49;0.5;Intermediate Metabolizer;Abnormal/Priority/High Risk
*12/*50;0.5;Intermediate Metabolizer;Abnormal/Priority/High Risk
*12/*51;0.0;Poor Metabolizer;Abnormal/Priority/High Risk
*12/*52;0.25;Intermediate Metabolizer;Abnormal/Priority/High Risk
*12/*53;1.0;Intermediate Metabolizer;Abnormal/Priority/High Risk
*12/*54;0.5;Intermediate Metabolizer;Abnormal/Priority/High Risk
*12/*55;0.5;Intermediate Metabolizer;Abnormal/Priority/High Risk
*12/*56;0.0;Poor Metabolizer;Abnormal/Priority/High Risk
*12/*57;0.0;Poor Metabolizer;Abnormal/Priority/High Risk
*12/*58;n/a;Indeterminate;none
*12/*59;0.5;Intermediate Metabolizer;Abnormal/Priority/High Risk
*12/*60;0.0;Poor Metabolizer;Abnormal/Priority/High Risk
*12/*61;n/a;Indeterminate;none
*12/*62;0.0;Poor Metabolizer;Abnormal/Priority/High Risk
*12/*63;n/a;Indeterminate;none
*12/*64;n/a;Indeterminate;none
*12/*65;n/a;Indeterminate;none
*12/*68;0.0;Poor Metabolizer;Abnormal/Priority/High Risk
*12/*69;0.0;Poor Metabolizer;Abnormal/Priority/High Risk
*12/*70;n/a;Indeterminate;none
*12/*71;n/a;Indeterminate;none
*12/*72;n/a;Indeterminate;none
*12/*73;n/a;Indeterminate;none
*12/*74;n/a;Indeterminate;none
*12/*75;n/a;Indeterminate;none
*12/*81;0.0;Poor Metabolizer;Abnormal/Priority/High Risk
*12/*82;n/a;Indeterminate;none
*12/*83;n/a;Indeterminate;none
*12/*84;n/a;Indeterminate;none
*12/*85;n/a;Indeterminate;none
*12/*86;n/a;Indeterminate;none
*12/*87;n/a;Indeterminate;none
*12/*88;n/a;Indeterminate;none
*12/*89;n/a;Indeterminate;none
*12/*90;n/a;Indeterminate;none
*12/*91;0.25;Intermediate Metabolizer;Abnormal/Priority/High Risk
*12/*92;0.0;Poor Metabolizer;Abnormal/Priority/High Risk
*12/*93;n/a;Indeterminate;none
*12/*94;n/a;Indeterminate;none
*12/*95;n/a;Indeterminate;none
*12/*96;0.0;Poor Metabolizer;Abnormal/Priority/High Risk
*12/*97;n/a;Indeterminate;none
*12/*98;n/a;Indeterminate;none
*12/*99;0.0;Poor Metabolizer;Abnormal/Priority/High Risk
*12/*100;0.0;Poor Metabolizer;Abnormal/Priority/High Risk
*12/*101;0.0;Poor Metabolizer;Abnormal/Priority/High Risk
*12/*102;n/a;Indeterminate;none
*12/*103;n/a;Indeterminate;none
*12/*104;n/a;Indeterminate;none
*12/*105;n/a;Indeterminate;none
*12/*106;n/a;Indeterminate;none
*12/*107;n/a;Indeterminate;none
*12/*108;n/a;Indeterminate;none
*12/*109;0.25;Intermediate Metabolizer;Abnormal/Priority/High Risk
*12/*110;n/a;Indeterminate;none
*12/*111;n/a;Indeterminate;none
*12/*112;n/a;Indeterminate;none
*12/*113;n/a;Indeterminate;none
*12/*114;0.0;Poor Metabolizer;Abnormal/Priority/High Risk
*12/*115;n/a;Indeterminate;none
*12/*116;n/a;Indeterminate;none
*12/*117;n/a;Indeterminate;none
*12/*118;n/a;Indeterminate;none
*12/*119;0.25;Intermediate Metabolizer;Abnormal/Priority/High Risk
*12/*120;0.0;Poor Metabolizer;Abnormal/Priority/High Risk
*12/*121;n/a;Indeterminate;none
*12/*122;n/a;Indeterminate;none
*12/*123;n/a;Indeterminate;none
*12/*124;0.0;Poor Metabolizer;Abnormal/Priority/High Risk
*12/*125;n/a;Indeterminate;none
*12/*126;n/a;Indeterminate;none
*12/*127;n/a;Indeterminate;none
*12/*128;n/a;Indeterminate;none
*12/*129;0.0;Poor Metabolizer;Abnormal/Priority/High Risk
*12/*130;n/a;Indeterminate;none
*12/*131;n/a;Indeterminate;none
*12/*132;0.25;Intermediate Metabolizer;Abnormal/Priority/High Risk
*12/*133;n/a;Indeterminate;none
*12/*134;n/a;Indeterminate;none
*12/*135;n/a;Indeterminate;none
*12/*136;n/a;Indeterminate;none
*12/*137;n/a;Indeterminate;none
*12/*138;n/a;Indeterminate;none
*12/*139;n/a;Indeterminate;none
*12/*140;n/a;Indeterminate;none
*12/*141;n/a;Indeterminate;none
*12/*142;n/a;Indeterminate;none
*12/*143;0.0;Poor Metabolizer;Abnormal/Priority/High Risk
*12/*144;0.0;Poor Metabolizer;Abnormal/Priority/High Risk
*12/*145;n/a;Indeterminate;none
*12/*146;n/a;Indeterminate;none
*12/*146x2;n/a;Indeterminate;none
*12/*147;n/a;Indeterminate;none
*12/*148;n/a;Indeterminate;none
*12/*149;n/a;Indeterminate;none
*12/*152;n/a;Indeterminate;none
*12/*153;n/a;Indeterminate;none
*12/*154;n/a;Indeterminate;none
*12/*155;n/a;Indeterminate;none
*12/*156;0.0;Poor Metabolizer;Abnormal/Priority/High Risk
*12/*157;n/a;Indeterminate;none
*12/*158;n/a;Indeterminate;none
*12/*159;n/a;Indeterminate;none
*12/*160;n/a;Indeterminate;none
*12/*161;0.0;Poor Metabolizer;Abnormal/Priority/High Risk
*12/*162;n/a;Indeterminate;none
*12/*163;n/a;Indeterminate;none
*13/*13;0.0;Poor Metabolizer;Abnormal/Priority/High Risk
*13/*14;0.5;Intermediate Metabolizer;Abnormal/Priority/High Risk
*13/*15;0.0;Poor Metabolizer;Abnormal/Priority/High Risk
*13/*17;0.5;Intermediate Metabolizer;Abnormal/Priority/High Risk
*13/*17x2;1.0;Intermediate Metabolizer;Abnormal/Priority/High Risk
*13/*18;0.0;Poor Metabolizer;Abnormal/Priority/High Risk
*13/*19;0.0;Poor Metabolizer;Abnormal/Priority/High Risk
*13/*20;0.0;Poor Metabolizer;Abnormal/Priority/High Risk
*13/*21;0.0;Poor Metabolizer;Abnormal/Priority/High Risk
*13/*22;n/a;Indeterminate;none
*13/*23;n/a;Indeterminate;none
*13/*24;n/a;Indeterminate;none
*13/*25;n/a;Indeterminate;none
*13/*26;n/a;Indeterminate;none
*13/*27;1.0;Intermediate Metabolizer;Abnormal/Priority/High Risk
*13/*28;n/a;Indeterminate;none
*13/*29;0.5;Intermediate Metabolizer;Abnormal/Priority/High Risk
*13/*29x2;1.0;Intermediate Metabolizer;Abnormal/Priority/High Risk
*13/*30;n/a;Indeterminate;none
*13/*31;0.0;Poor Metabolizer;Abnormal/Priority/High Risk
*13/*32;0.25;Intermediate Metabolizer;Abnormal/Priority/High Risk
*13/*33;1.0;Intermediate Metabolizer;Abnormal/Priority/High Risk
*13/*34;1.0;Intermediate Metabolizer;Abnormal/Priority/High Risk
*13/*35;1.0;Intermediate Metabolizer;Abnormal/Priority/High Risk
*13/*35x2;2.0;Normal Metabolizer;Normal/Routine/ Low Risk
*13/*36;0.0;Poor Metabolizer;Abnormal/Priority/High Risk
*13/*36x2;0.0;Poor Metabolizer;Abnormal/Priority/High Risk
*13/*37;n/a;Indeterminate;none
*13/*38;0.0;Poor Metabolizer;Abnormal/Priority/High Risk
*13/*39;1.0;Intermediate Metabolizer;Abnormal/Priority/High Risk
*13/*40;0.0;Poor Metabolizer;Abnormal/Priority/High Risk
*13/*41;0.25;Intermediate Metabolizer;Abnormal/Priority/High Risk
*13/*41x2;0.5;Intermediate Metabolizer;Abnormal/Priority/High Risk
*13/*41x3;0.75;Intermediate Metabolizer;Abnormal/Priority/High Risk
*13/*42;0.0;Poor Metabolizer;Abnormal/Priority/High Risk
*13/*43;n/a;Indeterminate;none
*13/*43x2;n/a;Indeterminate;none
*13/*44;0.0;Poor Metabolizer;Abnormal/Priority/High Risk
*13/*45;1.0;Intermediate Metabolizer;Abnormal/Priority/High Risk
*13/*45x2;2.0;Normal Metabolizer;Normal/Routine/ Low Risk
*13/*46;1.0;Intermediate Metabolizer;Abnormal/Priority/High Risk
*13/*47;0.0;Poor Metabolizer;Abnormal/Priority/High Risk
*13/*48;1.0;Intermediate Metabolizer;Abnormal/Priority/High Risk
*13/*49;0.5;Intermediate Metabolizer;Abnormal/Priority/High Risk
*13/*50;0.5;Intermediate Metabolizer;Abnormal/Priority/High Risk
*13/*51;0.0;Poor Metabolizer;Abnormal/Priority/High Risk
*13/*52;0.25;Intermediate Metabolizer;Abnormal/Priority/High Risk
*13/*53;1.0;Intermediate Metabolizer;Abnormal/Priority/High Risk
*13/*54;0.5;Intermediate Metabolizer;Abnormal/Priority/High Risk
*13/*55;0.5;Intermediate Metabolizer;Abnormal/Priority/High Risk
*13/*56;0.0;Poor Metabolizer;Abnormal/Priority/High Risk
*13/*57;0.0;Poor Metabolizer;Abnormal/Priority/High Risk
*13/*58;n/a;Indeterminate;none
*13/*59;0.5;Intermediate Metabolizer;Abnormal/Priority/High Risk
*13/*60;0.0;Poor Metabolizer;Abnormal/Priority/High Risk
*13/*61;n/a;Indeterminate;none
*13/*62;0.0;Poor Metabolizer;Abnormal/Priority/High Risk
*13/*63;n/a;Indeterminate;none
*13/*64;n/a;Indeterminate;none
*13/*65;n/a;Indeterminate;none
*13/*68;0.0;Poor Metabolizer;Abnormal/Priority/High Risk
*13/*69;0.0;Poor Metabolizer;Abnormal/Priority/High Risk
*13/*70;n/a;Indeterminate;none
*13/*71;n/a;Indeterminate;none
*13/*72;n/a;Indeterminate;none
*13/*73;n/a;Indeterminate;none
*13/*74;n/a;Indeterminate;none
*13/*75;n/a;Indeterminate;none
*13/*81;0.0;Poor Metabolizer;Abnormal/Priority/High Risk
*13/*82;n/a;Indeterminate;none
*13/*83;n/a;Indeterminate;none
*13/*84;n/a;Indeterminate;none
*13/*85;n/a;Indeterminate;none
*13/*86;n/a;Indeterminate;none
*13/*87;n/a;Indeterminate;none
*13/*88;n/a;Indeterminate;none
*13/*89;n/a;Indeterminate;none
*13/*90;n/a;Indeterminate;none
*13/*91;0.25;Intermediate Metabolizer;Abnormal/Priority/High Risk
*13/*92;0.0;Poor Metabolizer;Abnormal/Priority/High Risk
*13/*93;n/a;Indeterminate;none
*13/*94;n/a;Indeterminate;none
*13/*95;n/a;Indeterminate;none
*13/*96;0.0;Poor Metabolizer;Abnormal/Priority/High Risk
*13/*97;n/a;Indeterminate;none
*13/*98;n/a;Indeterminate;none
*13/*99;0.0;Poor Metabolizer;Abnormal/Priority/High Risk
*13/*100;0.0;Poor Metabolizer;Abnormal/Priority/High Risk
*13/*101;0.0;Poor Metabolizer;Abnormal/Priority/High Risk
*13/*102;n/a;Indeterminate;none
*13/*103;n/a;Indeterminate;none
*13/*104;n/a;Indeterminate;none
*13/*105;n/a;Indeterminate;none
*13/*106;n/a;Indeterminate;none
*13/*107;n/a;Indeterminate;none
*13/*108;n/a;Indeterminate;none
*13/*109;0.25;Intermediate Metabolizer;Abnormal/Priority/High Risk
*13/*110;n/a;Indeterminate;none
*13/*111;n/a;Indeterminate;none
*13/*112;n/a;Indeterminate;none
*13/*113;n/a;Indeterminate;none
*13/*114;0.0;Poor Metabolizer;Abnormal/Priority/High Risk
*13/*115;n/a;Indeterminate;none
*13/*116;n/a;Indeterminate;none
*13/*117;n/a;Indeterminate;none
*13/*118;n/a;Indeterminate;none
*13/*119;0.25;Intermediate Metabolizer;Abnormal/Priority/High Risk
*13/*120;0.0;Poor Metabolizer;Abnormal/Priority/High Risk
*13/*121;n/a;Indeterminate;none
*13/*122;n/a;Indeterminate;none
*13/*123;n/a;Indeterminate;none
*13/*124;0.0;Poor Metabolizer;Abnormal/Priority/High Risk
*13/*125;n/a;Indeterminate;none
*13/*126;n/a;Indeterminate;none
*13/*127;n/a;Indeterminate;none
*13/*128;n/a;Indeterminate;none
*13/*129;0.0;Poor Metabolizer;Abnormal/Priority/High Risk
*13/*130;n/a;Indeterminate;none
*13/*131;n/a;Indeterminate;none
*13/*132;0.25;Intermediate Metabolizer;Abnormal/Priority/High Risk
*13/*133;n/a;Indeterminate;none
*13/*134;n/a;Indeterminate;none
*13/*135;n/a;Indeterminate;none
*13/*136;n/a;Indeterminate;none
*13/*137;n/a;Indeterminate;none
*13/*138;n/a;Indeterminate;none
*13/*139;n/a;Indeterminate;none
*13/*140;n/a;Indeterminate;none
*13/*141;n/a;Indeterminate;none
*13/*142;n/a;Indeterminate;none
*13/*143;0.0;Poor Metabolizer;Abnormal/Priority/High Risk
*13/*144;0.0;Poor Metabolizer;Abnormal/Priority/High Risk
*13/*145;n/a;Indeterminate;none
*13/*146;n/a;Indeterminate;none
*13/*146x2;n/a;Indeterminate;none
*13/*147;n/a;Indeterminate;none
*13/*148;n/a;Indeterminate;none
*13/*149;n/a;Indeterminate;none
*13/*152;n/a;Indeterminate;none
*13/*153;n/a;Indeterminate;none
*13/*154;n/a;Indeterminate;none
*13/*155;n/a;Indeterminate;none
*13/*156;0.0;Poor Metabolizer;Abnormal/Priority/High Risk
*13/*157;n/a;Indeterminate;none
*13/*158;n/a;Indeterminate;none
*13/*159;n/a;Indeterminate;none
*13/*160;n/a;Indeterminate;none
*13/*161;0.0;Poor Metabolizer;Abnormal/Priority/High Risk
*13/*162;n/a;Indeterminate;none
*13/*163;n/a;Indeterminate;none
*14/*14;1.0;Intermediate Metabolizer;Abnormal/Priority/High Risk
*14/*15;0.5;Intermediate Metabolizer;Abnormal/Priority/High Risk
*14/*17;1.0;Intermediate Metabolizer;Abnormal/Priority/High Risk
*14/*17x2;1.5;Normal Metabolizer;Normal/Routine/ Low Risk
*14/*18;0.5;Intermediate Metabolizer;Abnormal/Priority/High Risk
*14/*19;0.5;Intermediate Metabolizer;Abnormal/Priority/High Risk
*14/*20;0.5;Intermediate Metabolizer;Abnormal/Priority/High Risk
*14/*21;0.5;Intermediate Metabolizer;Abnormal/Priority/High Risk
*14/*22;n/a;Indeterminate;none
*14/*23;n/a;Indeterminate;none
*14/*24;n/a;Indeterminate;none
*14/*25;n/a;Indeterminate;none
*14/*26;n/a;Indeterminate;none
*14/*27;1.5;Normal Metabolizer;Normal/Routine/ Low Risk
*14/*28;n/a;Indeterminate;none
*14/*29;1.0;Intermediate Metabolizer;Abnormal/Priority/High Risk
*14/*29x2;1.5;Normal Metabolizer;Normal/Routine/ Low Risk
*14/*30;n/a;Indeterminate;none
*14/*31;0.5;Intermediate Metabolizer;Abnormal/Priority/High Risk
*14/*32;0.75;Intermediate Metabolizer;Abnormal/Priority/High Risk
*14/*33;1.5;Normal Metabolizer;Normal/Routine/ Low Risk
*14/*34;1.5;Normal Metabolizer;Normal/Routine/ Low Risk
*14/*35;1.5;Normal Metabolizer;Normal/Routine/ Low Risk
*14/*35x2;2.5;Ultrarapid Metabolizer;Abnormal/Priority/High Risk
*14/*36;0.5;Intermediate Metabolizer;Abnormal/Priority/High Risk
*14/*36x2;0.5;Intermediate Metabolizer;Abnormal/Priority/High Risk
*14/*37;n/a;Indeterminate;none
*14/*38;0.5;Intermediate Metabolizer;Abnormal/Priority/High Risk
*14/*39;1.5;Normal Metabolizer;Normal/Routine/ Low Risk
*14/*40;0.5;Intermediate Metabolizer;Abnormal/Priority/High Risk
*14/*41;0.75;Intermediate Metabolizer;Abnormal/Priority/High Risk
*14/*41x2;1.0;Intermediate Metabolizer;Abnormal/Priority/High Risk
*14/*41x3;1.25;Normal Metabolizer;Normal/Routine/ Low Risk
*14/*42;0.5;Intermediate Metabolizer;Abnormal/Priority/High Risk
*14/*43;n/a;Indeterminate;none
*14/*43x2;n/a;Indeterminate;none
*14/*44;0.5;Intermediate Metabolizer;Abnormal/Priority/High Risk
*14/*45;1.5;Normal Metabolizer;Normal/Routine/ Low Risk
*14/*45x2;2.5;Ultrarapid Metabolizer;Abnormal/Priority/High Risk
*14/*46;1.5;Normal Metabolizer;Normal/Routine/ Low Risk
*14/*47;0.5;Intermediate Metabolizer;Abnormal/Priority/High Risk
*14/*48;1.5;Normal Metabolizer;Normal/Routine/ Low Risk
*14/*49;1.0;Intermediate Metabolizer;Abnormal/Priority/High Risk
*14/*50;1.0;Intermediate Metabolizer;Abnormal/Priority/High Risk
*14/*51;0.5;Intermediate Metabolizer;Abnormal/Priority/High Risk
*14/*52;0.75;Intermediate Metabolizer;Abnormal/Priority/High Risk
*14/*53;1.5;Normal Metabolizer;Normal/Routine/ Low Risk
*14/*54;1.0;Intermediate Metabolizer;Abnormal/Priority/High Risk
*14/*55;1.0;Intermediate Metabolizer;Abnormal/Priority/High Risk
*14/*56;0.5;Intermediate Metabolizer;Abnormal/Priority/High Risk
*14/*57;0.5;Intermediate Metabolizer;Abnormal/Priority/High Risk
*14/*58;n/a;Indeterminate;none
*14/*59;1.0;Intermediate Metabolizer;Abnormal/Priority/High Risk
*14/*60;0.5;Intermediate Metabolizer;Abnormal/Priority/High Risk
*14/*61;n/a;Indeterminate;none
*14/*62;0.5;Intermediate Metabolizer;Abnormal/Priority/High Risk
*14/*63;n/a;Indeterminate;none
*14/*64;n/a;Indeterminate;none
*14/*65;n/a;Indeterminate;none
*14/*68;0.5;Intermediate Metabolizer;Abnormal/Priority/High Risk
*14/*69;0.5;Intermediate Metabolizer;Abnormal/Priority/High Risk
*14/*70;n/a;Indeterminate;none
*14/*71;n/a;Indeterminate;none
*14/*72;n/a;Indeterminate;none
*14/*73;n/a;Indeterminate;none
*14/*74;n/a;Indeterminate;none
*14/*75;n/a;Indeterminate;none
*14/*81;0.5;Intermediate Metabolizer;Abnormal/Priority/High Risk
*14/*82;n/a;Indeterminate;none
*14/*83;n/a;Indeterminate;none
*14/*84;n/a;Indeterminate;none
*14/*85;n/a;Indeterminate;none
*14/*86;n/a;Indeterminate;none
*14/*87;n/a;Indeterminate;none
*14/*88;n/a;Indeterminate;none
*14/*89;n/a;Indeterminate;none
*14/*90;n/a;Indeterminate;none
*14/*91;0.75;Intermediate Metabolizer;Abnormal/Priority/High Risk
*14/*92;0.5;Intermediate Metabolizer;Abnormal/Priority/High Risk
*14/*93;n/a;Indeterminate;none
*14/*94;n/a;Indeterminate;none
*14/*95;n/a;Indeterminate;none
*14/*96;0.5;Intermediate Metabolizer;Abnormal/Priority/High Risk
*14/*97;n/a;Indeterminate;none
*14/*98;n/a;Indeterminate;none
*14/*99;0.5;Intermediate Metabolizer;Abnormal/Priority/High Risk
*14/*100;0.5;Intermediate Metabolizer;Abnormal/Priority/High Risk
*14/*101;0.5;Intermediate Metabolizer;Abnormal/Priority/High Risk
*14/*102;n/a;Indeterminate;none
*14/*103;n/a;Indeterminate;none
*14/*104;n/a;Indeterminate;none
*14/*105;n/a;Indeterminate;none
*14/*106;n/a;Indeterminate;none
*14/*107;n/a;Indeterminate;none
*14/*108;n/a;Indeterminate;none
*14/*109;0.75;Intermediate Metabolizer;Abnormal/Priority/High Risk
*14/*110;n/a;Indeterminate;none
*14/*111;n/a;Indeterminate;none
*14/*112;n/a;Indeterminate;none
*14/*113;n/a;Indeterminate;none
*14/*114;0.5;Intermediate Metabolizer;Abnormal/Priority/High Risk
*14/*115;n/a;Indeterminate;none
*14/*116;n/a;Indeterminate;none
*14/*117;n/a;Indeterminate;none
*14/*118;n/a;Indeterminate;none
*14/*119;0.75;Intermediate Metabolizer;Abnormal/Priority/High Risk
*14/*120;0.5;Intermediate Metabolizer;Abnormal/Priority/High Risk
*14/*121;n/a;Indeterminate;none
*14/*122;n/a;Indeterminate;none
*14/*123;n/a;Indeterminate;none
*14/*124;0.5;Intermediate Metabolizer;Abnormal/Priority/High Risk
*14/*125;n/a;Indeterminate;none
*14/*126;n/a;Indeterminate;none
*14/*127;n/a;Indeterminate;none
*14/*128;n/a;Indeterminate;none
*14/*129;0.5;Intermediate Metabolizer;Abnormal/Priority/High Risk
*14/*130;n/a;Indeterminate;none
*14/*131;n/a;Indeterminate;none
*14/*132;0.75;Intermediate Metabolizer;Abnormal/Priority/High Risk
*14/*133;n/a;Indeterminate;none
*14/*134;n/a;Indeterminate;none
*14/*135;n/a;Indeterminate;none
*14/*136;n/a;Indeterminate;none
*14/*137;n/a;Indeterminate;none
*14/*138;n/a;Indeterminate;none
*14/*139;n/a;Indeterminate;none
*14/*140;n/a;Indeterminate;none
*14/*141;n/a;Indeterminate;none
*14/*142;n/a;Indeterminate;none
*14/*143;0.5;Intermediate Metabolizer;Abnormal/Priority/High Risk
*14/*144;0.5;Intermediate Metabolizer;Abnormal/Priority/High Risk
*14/*145;n/a;Indeterminate;none
*14/*146;n/a;Indeterminate;none
*14/*146x2;n/a;Indeterminate;none
*14/*147;n/a;Indeterminate;none
*14/*148;n/a;Indeterminate;none
*14/*149;n/a;Indeterminate;none
*14/*152;n/a;Indeterminate;none
*14/*153;n/a;Indeterminate;none
*14/*154;n/a;Indeterminate;none
*14/*155;n/a;Indeterminate;none
*14/*156;0.5;Intermediate Metabolizer;Abnormal/Priority/High Risk
*14/*157;n/a;Indeterminate;none
*14/*158;n/a;Indeterminate;none
*14/*159;n/a;Indeterminate;none
*14/*160;n/a;Indeterminate;none
*14/*161;0.5;Intermediate Metabolizer;Abnormal/Priority/High Risk
*14/*162;n/a;Indeterminate;none
*14/*163;n/a;Indeterminate;none
*15/*15;0.0;Poor Metabolizer;Abnormal/Priority/High Risk
*15/*17;0.5;Intermediate Metabolizer;Abnormal/Priority/High Risk
*15/*17x2;1.0;Intermediate Metabolizer;Abnormal/Priority/High Risk
*15/*18;0.0;Poor Metabolizer;Abnormal/Priority/High Risk
*15/*19;0.0;Poor Metabolizer;Abnormal/Priority/High Risk
*15/*20;0.0;Poor Metabolizer;Abnormal/Priority/High Risk
*15/*21;0.0;Poor Metabolizer;Abnormal/Priority/High Risk
*15/*22;n/a;Indeterminate;none
*15/*23;n/a;Indeterminate;none
*15/*24;n/a;Indeterminate;none
*15/*25;n/a;Indeterminate;none
*15/*26;n/a;Indeterminate;none
*15/*27;1.0;Intermediate Metabolizer;Abnormal/Priority/High Risk
*15/*28;n/a;Indeterminate;none
*15/*29;0.5;Intermediate Metabolizer;Abnormal/Priority/High Risk
*15/*29x2;1.0;Intermediate Metabolizer;Abnormal/Priority/High Risk
*15/*30;n/a;Indeterminate;none
*15/*31;0.0;Poor Metabolizer;Abnormal/Priority/High Risk
*15/*32;0.25;Intermediate Metabolizer;Abnormal/Priority/High Risk
*15/*33;1.0;Intermediate Metabolizer;Abnormal/Priority/High Risk
*15/*34;1.0;Intermediate Metabolizer;Abnormal/Priority/High Risk
*15/*35;1.0;Intermediate Metabolizer;Abnormal/Priority/High Risk
*15/*35x2;2.0;Normal Metabolizer;Normal/Routine/ Low Risk
*15/*36;0.0;Poor Metabolizer;Abnormal/Priority/High Risk
*15/*36x2;0.0;Poor Metabolizer;Abnormal/Priority/High Risk
*15/*37;n/a;Indeterminate;none
*15/*38;0.0;Poor Metabolizer;Abnormal/Priority/High Risk
*15/*39;1.0;Intermediate Metabolizer;Abnormal/Priority/High Risk
*15/*40;0.0;Poor Metabolizer;Abnormal/Priority/High Risk
*15/*41;0.25;Intermediate Metabolizer;Abnormal/Priority/High Risk
*15/*41x2;0.5;Intermediate Metabolizer;Abnormal/Priority/High Risk
*15/*41x3;0.75;Intermediate Metabolizer;Abnormal/Priority/High Risk
*15/*42;0.0;Poor Metabolizer;Abnormal/Priority/High Risk
*15/*43;n/a;Indeterminate;none
*15/*43x2;n/a;Indeterminate;none
*15/*44;0.0;Poor Metabolizer;Abnormal/Priority/High Risk
*15/*45;1.0;Intermediate Metabolizer;Abnormal/Priority/High Risk
*15/*45x2;2.0;Normal Metabolizer;Normal/Routine/ Low Risk
*15/*46;1.0;Intermediate Metabolizer;Abnormal/Priority/High Risk
*15/*47;0.0;Poor Metabolizer;Abnormal/Priority/High Risk
*15/*48;1.0;Intermediate Metabolizer;Abnormal/Priority/High Risk
*15/*49;0.5;Intermediate Metabolizer;Abnormal/Priority/High Risk
*15/*50;0.5;Intermediate Metabolizer;Abnormal/Priority/High Risk
*15/*51;0.0;Poor Metabolizer;Abnormal/Priority/High Risk
*15/*52;0.25;Intermediate Metabolizer;Abnormal/Priority/High Risk
*15/*53;1.0;Intermediate Metabolizer;Abnormal/Priority/High Risk
*15/*54;0.5;Intermediate Metabolizer;Abnormal/Priority/High Risk
*15/*55;0.5;Intermediate Metabolizer;Abnormal/Priority/High Risk
*15/*56;0.0;Poor Metabolizer;Abnormal/Priority/High Risk
*15/*57;0.0;Poor Metabolizer;Abnormal/Priority/High Risk
*15/*58;n/a;Indeterminate;none
*15/*59;0.5;Intermediate Metabolizer;Abnormal/Priority/High Risk
*15/*60;0.0;Poor Metabolizer;Abnormal/Priority/High Risk
*15/*61;n/a;Indeterminate;none
*15/*62;0.0;Poor Metabolizer;Abnormal/Priority/High Risk
*15/*63;n/a;Indeterminate;none
*15/*64;n/a;Indeterminate;none
*15/*65;n/a;Indeterminate;none
*15/*68;0.0;Poor Metabolizer;Abnormal/Priority/High Risk
*15/*69;0.0;Poor Metabolizer;Abnormal/Priority/High Risk
*15/*70;n/a;Indeterminate;none
*15/*71;n/a;Indeterminate;none
*15/*72;n/a;Indeterminate;none
*15/*73;n/a;Indeterminate;none
*15/*74;n/a;Indeterminate;none
*15/*75;n/a;Indeterminate;none
*15/*81;0.0;Poor Metabolizer;Abnormal/Priority/High Risk
*15/*82;n/a;Indeterminate;none
*15/*83;n/a;Indeterminate;none
*15/*84;n/a;Indeterminate;none
*15/*85;n/a;Indeterminate;none
*15/*86;n/a;Indeterminate;none
*15/*87;n/a;Indeterminate;none
*15/*88;n/a;Indeterminate;none
*15/*89;n/a;Indeterminate;none
*15/*90;n/a;Indeterminate;none
*15/*91;0.25;Intermediate Metabolizer;Abnormal/Priority/High Risk
*15/*92;0.0;Poor Metabolizer;Abnormal/Priority/High Risk
*15/*93;n/a;Indeterminate;none
*15/*94;n/a;Indeterminate;none
*15/*95;n/a;Indeterminate;none
*15/*96;0.0;Poor Metabolizer;Abnormal/Priority/High Risk
*15/*97;n/a;Indeterminate;none
*15/*98;n/a;Indeterminate;none
*15/*99;0.0;Poor Metabolizer;Abnormal/Priority/High Risk
*15/*100;0.0;Poor Metabolizer;Abnormal/Priority/High Risk
*15/*101;0.0;Poor Metabolizer;Abnormal/Priority/High Risk
*15/*102;n/a;Indeterminate;none
*15/*103;n/a;Indeterminate;none
*15/*104;n/a;Indeterminate;none
*15/*105;n/a;Indeterminate;none
*15/*106;n/a;Indeterminate;none
*15/*107;n/a;Indeterminate;none
*15/*108;n/a;Indeterminate;none
*15/*109;0.25;Intermediate Metabolizer;Abnormal/Priority/High Risk
*15/*110;n/a;Indeterminate;none
*15/*111;n/a;Indeterminate;none
*15/*112;n/a;Indeterminate;none
*15/*113;n/a;Indeterminate;none
*15/*114;0.0;Poor Metabolizer;Abnormal/Priority/High Risk
*15/*115;n/a;Indeterminate;none
*15/*116;n/a;Indeterminate;none
*15/*117;n/a;Indeterminate;none
*15/*118;n/a;Indeterminate;none
*15/*119;0.25;Intermediate Metabolizer;Abnormal/Priority/High Risk
*15/*120;0.0;Poor Metabolizer;Abnormal/Priority/High Risk
*15/*121;n/a;Indeterminate;none
*15/*122;n/a;Indeterminate;none
*15/*123;n/a;Indeterminate;none
*15/*124;0.0;Poor Metabolizer;Abnormal/Priority/High Risk
*15/*125;n/a;Indeterminate;none
*15/*126;n/a;Indeterminate;none
*15/*127;n/a;Indeterminate;none
*15/*128;n/a;Indeterminate;none
*15/*129;0.0;Poor Metabolizer;Abnormal/Priority/High Risk
*15/*130;n/a;Indeterminate;none
*15/*131;n/a;Indeterminate;none
*15/*132;0.25;Intermediate Metabolizer;Abnormal/Priority/High Risk
*15/*133;n/a;Indeterminate;none
*15/*134;n/a;Indeterminate;none
*15/*135;n/a;Indeterminate;none
*15/*136;n/a;Indeterminate;none
*15/*137;n/a;Indeterminate;none
*15/*138;n/a;Indeterminate;none
*15/*139;n/a;Indeterminate;none
*15/*140;n/a;Indeterminate;none
*15/*141;n/a;Indeterminate;none
*15/*142;n/a;Indeterminate;none
*15/*143;0.0;Poor Metabolizer;Abnormal/Priority/High Risk
*15/*144;0.0;Poor Metabolizer;Abnormal/Priority/High Risk
*15/*145;n/a;Indeterminate;none
*15/*146;n/a;Indeterminate;none
*15/*146x2;n/a;Indeterminate;none
*15/*147;n/a;Indeterminate;none
*15/*148;n/a;Indeterminate;none
*15/*149;n/a;Indeterminate;none
*15/*152;n/a;Indeterminate;none
*15/*153;n/a;Indeterminate;none
*15/*154;n/a;Indeterminate;none
*15/*155;n/a;Indeterminate;none
*15/*156;0.0;Poor Metabolizer;Abnormal/Priority/High Risk
*15/*157;n/a;Indeterminate;none
*15/*158;n/a;Indeterminate;none
*15/*159;n/a;Indeterminate;none
*15/*160;n/a;Indeterminate;none
*15/*161;0.0;Poor Metabolizer;Abnormal/Priority/High Risk
*15/*162;n/a;Indeterminate;none
*15/*163;n/a;Indeterminate;none
*17/*17;1.0;Intermediate Metabolizer;Abnormal/Priority/High Risk
*17/*17x2;1.5;Normal Metabolizer;Normal/Routine/ Low Risk
*17/*18;0.5;Intermediate Metabolizer;Abnormal/Priority/High Risk
*17/*19;0.5;Intermediate Metabolizer;Abnormal/Priority/High Risk
*17/*20;0.5;Intermediate Metabolizer;Abnormal/Priority/High Risk
*17/*21;0.5;Intermediate Metabolizer;Abnormal/Priority/High Risk
*17/*22;n/a;Indeterminate;none
*17/*23;n/a;Indeterminate;none
*17/*24;n/a;Indeterminate;none
*17/*25;n/a;Indeterminate;none
*17/*26;n/a;Indeterminate;none
*17/*27;1.5;Normal Metabolizer;Normal/Routine/ Low Risk
*17/*28;n/a;Indeterminate;none
*17/*29;1.0;Intermediate Metabolizer;Abnormal/Priority/High Risk
*17/*29x2;1.5;Normal Metabolizer;Normal/Routine/ Low Risk
*17/*30;n/a;Indeterminate;none
*17/*31;0.5;Intermediate Metabolizer;Abnormal/Priority/High Risk
*17/*32;0.75;Intermediate Metabolizer;Abnormal/Priority/High Risk
*17/*33;1.5;Normal Metabolizer;Normal/Routine/ Low Risk
*17/*34;1.5;Normal Metabolizer;Normal/Routine/ Low Risk
*17/*35;1.5;Normal Metabolizer;Normal/Routine/ Low Risk
*17/*35x2;2.5;Ultrarapid Metabolizer;Abnormal/Priority/High Risk
*17/*36;0.5;Intermediate Metabolizer;Abnormal/Priority/High Risk
*17/*36x2;0.5;Intermediate Metabolizer;Abnormal/Priority/High Risk
*17/*37;n/a;Indeterminate;none
*17/*38;0.5;Intermediate Metabolizer;Abnormal/Priority/High Risk
*17/*39;1.5;Normal Metabolizer;Normal/Routine/ Low Risk
*17/*40;0.5;Intermediate Metabolizer;Abnormal/Priority/High Risk
*17/*41;0.75;Intermediate Metabolizer;Abnormal/Priority/High Risk
*17/*41x2;1.0;Intermediate Metabolizer;Abnormal/Priority/High Risk
*17/*41x3;1.25;Normal Metabolizer;Normal/Routine/ Low Risk
*17/*42;0.5;Intermediate Metabolizer;Abnormal/Priority/High Risk
*17/*43;n/a;Indeterminate;none
*17/*43x2;n/a;Indeterminate;none
*17/*44;0.5;Intermediate Metabolizer;Abnormal/Priority/High Risk
*17/*45;1.5;Normal Metabolizer;Normal/Routine/ Low Risk
*17/*45x2;2.5;Ultrarapid Metabolizer;Abnormal/Priority/High Risk
*17/*46;1.5;Normal Metabolizer;Normal/Routine/ Low Risk
*17/*47;0.5;Intermediate Metabolizer;Abnormal/Priority/High Risk
*17/*48;1.5;Normal Metabolizer;Normal/Routine/ Low Risk
*17/*49;1.0;Intermediate Metabolizer;Abnormal/Priority/High Risk
*17/*50;1.0;Intermediate Metabolizer;Abnormal/Priority/High Risk
*17/*51;0.5;Intermediate Metabolizer;Abnormal/Priority/High Risk
*17/*52;0.75;Intermediate Metabolizer;Abnormal/Priority/High Risk
*17/*53;1.5;Normal Metabolizer;Normal/Routine/ Low Risk
*17/*54;1.0;Intermediate Metabolizer;Abnormal/Priority/High Risk
*17/*55;1.0;Intermediate Metabolizer;Abnormal/Priority/High Risk
*17/*56;0.5;Intermediate Metabolizer;Abnormal/Priority/High Risk
*17/*57;0.5;Intermediate Metabolizer;Abnormal/Priority/High Risk
*17/*58;n/a;Indeterminate;none
*17/*59;1.0;Intermediate Metabolizer;Abnormal/Priority/High Risk
*17/*60;0.5;Intermediate Metabolizer;Abnormal/Priority/High Risk
*17/*61;n/a;Indeterminate;none
*17/*62;0.5;Intermediate Metabolizer;Abnormal/Priority/High Risk
*17/*63;n/a;Indeterminate;none
*17/*64;n/a;Indeterminate;none
*17/*65;n/a;Indeterminate;none
*17/*68;0.5;Intermediate Metabolizer;Abnormal/Priority/High Risk
*17/*69;0.5;Intermediate Metabolizer;Abnormal/Priority/High Risk
*17/*70;n/a;Indeterminate;none
*17/*71;n/a;Indeterminate;none
*17/*72;n/a;Indeterminate;none
*17/*73;n/a;Indeterminate;none
*17/*74;n/a;Indeterminate;none
*17/*75;n/a;Indeterminate;none
*17/*81;0.5;Intermediate Metabolizer;Abnormal/Priority/High Risk
*17/*82;n/a;Indeterminate;none
*17/*83;n/a;Indeterminate;none
*17/*84;n/a;Indeterminate;none
*17/*85;n/a;Indeterminate;none
*17/*86;n/a;Indeterminate;none
*17/*87;n/a;Indeterminate;none
*17/*88;n/a;Indeterminate;none
*17/*89;n/a;Indeterminate;none
*17/*90;n/a;Indeterminate;none
*17/*91;0.75;Intermediate Metabolizer;Abnormal/Priority/High Risk
*17/*92;0.5;Intermediate Metabolizer;Abnormal/Priority/High Risk
*17/*93;n/a;Indeterminate;none
*17/*94;n/a;Indeterminate;none
*17/*95;n/a;Indeterminate;none
*17/*96;0.5;Intermediate Metabolizer;Abnormal/Priority/High Risk
*17/*97;n/a;Indeterminate;none
*17/*98;n/a;Indeterminate;none
*17/*99;0.5;Intermediate Metabolizer;Abnormal/Priority/High Risk
*17/*100;0.5;Intermediate Metabolizer;Abnormal/Priority/High Risk
*17/*101;0.5;Intermediate Metabolizer;Abnormal/Priority/High Risk
*17/*102;n/a;Indeterminate;none
*17/*103;n/a;Indeterminate;none
*17/*104;n/a;Indeterminate;none
*17/*105;n/a;Indeterminate;none
*17/*106;n/a;Indeterminate;none
*17/*107;n/a;Indeterminate;none
*17/*108;n/a;Indeterminate;none
*17/*109;0.75;Intermediate Metabolizer;Abnormal/Priority/High Risk
*17/*110;n/a;Indeterminate;none
*17/*111;n/a;Indeterminate;none
*17/*112;n/a;Indeterminate;none
*17/*113;n/a;Indeterminate;none
*17/*114;0.5;Intermediate Metabolizer;Abnormal/Priority/High Risk
*17/*115;n/a;Indeterminate;none
*17/*116;n/a;Indeterminate;none
*17/*117;n/a;Indeterminate;none
*17/*118;n/a;Indeterminate;none
*17/*119;0.75;Intermediate Metabolizer;Abnormal/Priority/High Risk
*17/*120;0.5;Intermediate Metabolizer;Abnormal/Priority/High Risk
*17/*121;n/a;Indeterminate;none
*17/*122;n/a;Indeterminate;none
*17/*123;n/a;Indeterminate;none
*17/*124;0.5;Intermediate Metabolizer;Abnormal/Priority/High Risk
*17/*125;n/a;Indeterminate;none
*17/*126;n/a;Indeterminate;none
*17/*127;n/a;Indeterminate;none
*17/*128;n/a;Indeterminate;none
*17/*129;0.5;Intermediate Metabolizer;Abnormal/Priority/High Risk
*17/*130;n/a;Indeterminate;none
*17/*131;n/a;Indeterminate;none
*17/*132;0.75;Intermediate Metabolizer;Abnormal/Priority/High Risk
*17/*133;n/a;Indeterminate;none
*17/*134;n/a;Indeterminate;none
*17/*135;n/a;Indeterminate;none
*17/*136;n/a;Indeterminate;none
*17/*137;n/a;Indeterminate;none
*17/*138;n/a;Indeterminate;none
*17/*139;n/a;Indeterminate;none
*17/*140;n/a;Indeterminate;none
*17/*141;n/a;Indeterminate;none
*17/*142;n/a;Indeterminate;none
*17/*143;0.5;Intermediate Metabolizer;Abnormal/Priority/High Risk
*17/*144;0.5;Intermediate Metabolizer;Abnormal/Priority/High Risk
*17/*145;n/a;Indeterminate;none
*17/*146;n/a;Indeterminate;none
*17/*146x2;n/a;Indeterminate;none
*17/*147;n/a;Indeterminate;none
*17/*148;n/a;Indeterminate;none
*17/*149;n/a;Indeterminate;none
*17/*152;n/a;Indeterminate;none
*17/*153;n/a;Indeterminate;none
*17/*154;n/a;Indeterminate;none
*17/*155;n/a;Indeterminate;none
*17/*156;0.5;Intermediate Metabolizer;Abnormal/Priority/High Risk
*17/*157;n/a;Indeterminate;none
*17/*158;n/a;Indeterminate;none
*17/*159;n/a;Indeterminate;none
*17/*160;n/a;Indeterminate;none
*17/*161;0.5;Intermediate Metabolizer;Abnormal/Priority/High Risk
*17/*162;n/a;Indeterminate;none
*17/*163;n/a;Indeterminate;none
*17x2/*17x2;2.0;Normal Metabolizer;Normal/Routine/ Low Risk
*17x2/*18;1.0;Intermediate Metabolizer;Abnormal/Priority/High Risk
*17x2/*19;1.0;Intermediate Metabolizer;Abnormal/Priority/High Risk
*17x2/*20;1.0;Intermediate Metabolizer;Abnormal/Priority/High Risk
*17x2/*21;1.0;Intermediate Metabolizer;Abnormal/Priority/High Risk
*17x2/*22;n/a;Indeterminate;none
*17x2/*23;n/a;Indeterminate;none
*17x2/*24;n/a;Indeterminate;none
*17x2/*25;n/a;Indeterminate;none
*17x2/*26;n/a;Indeterminate;none
*17x2/*27;2.0;Normal Metabolizer;Normal/Routine/ Low Risk
*17x2/*28;n/a;Indeterminate;none
*17x2/*29;1.5;Normal Metabolizer;Normal/Routine/ Low Risk
*17x2/*29x2;2.0;Normal Metabolizer;Normal/Routine/ Low Risk
*17x2/*30;n/a;Indeterminate;none
*17x2/*31;1.0;Intermediate Metabolizer;Abnormal/Priority/High Risk
*17x2/*32;1.25;Normal Metabolizer;Normal/Routine/ Low Risk
*17x2/*33;2.0;Normal Metabolizer;Normal/Routine/ Low Risk
*17x2/*34;2.0;Normal Metabolizer;Normal/Routine/ Low Risk
*17x2/*35;2.0;Normal Metabolizer;Normal/Routine/ Low Risk
*17x2/*35x2;3.0;Ultrarapid Metabolizer;Abnormal/Priority/High Risk
*17x2/*36;1.0;Intermediate Metabolizer;Abnormal/Priority/High Risk
*17x2/*36x2;1.0;Intermediate Metabolizer;Abnormal/Priority/High Risk
*17x2/*37;n/a;Indeterminate;none
*17x2/*38;1.0;Intermediate Metabolizer;Abnormal/Priority/High Risk
*17x2/*39;2.0;Normal Metabolizer;Normal/Routine/ Low Risk
*17x2/*40;1.0;Intermediate Metabolizer;Abnormal/Priority/High Risk
*17x2/*41;1.25;Normal Metabolizer;Normal/Routine/ Low Risk
*17x2/*41x2;1.5;Normal Metabolizer;Normal/Routine/ Low Risk
*17x2/*41x3;1.75;Normal Metabolizer;Normal/Routine/ Low Risk
*17x2/*42;1.0;Intermediate Metabolizer;Abnormal/Priority/High Risk
*17x2/*43;n/a;Indeterminate;none
*17x2/*43x2;n/a;Indeterminate;none
*17x2/*44;1.0;Intermediate Metabolizer;Abnormal/Priority/High Risk
*17x2/*45;2.0;Normal Metabolizer;Normal/Routine/ Low Risk
*17x2/*45x2;3.0;Ultrarapid Metabolizer;Abnormal/Priority/High Risk
*17x2/*46;2.0;Normal Metabolizer;Normal/Routine/ Low Risk
*17x2/*47;1.0;Intermediate Metabolizer;Abnormal/Priority/High Risk
*17x2/*48;2.0;Normal Metabolizer;Normal/Routine/ Low Risk
*17x2/*49;1.5;Normal Metabolizer;Normal/Routine/ Low Risk
*17x2/*50;1.5;Normal Metabolizer;Normal/Routine/ Low Risk
*17x2/*51;1.0;Intermediate Metabolizer;Abnormal/Priority/High Risk
*17x2/*52;1.25;Normal Metabolizer;Normal/Routine/ Low Risk
*17x2/*53;2.0;Normal Metabolizer;Normal/Routine/ Low Risk
*17x2/*54;1.5;Normal Metabolizer;Normal/Routine/ Low Risk
*17x2/*55;1.5;Normal Metabolizer;Normal/Routine/ Low Risk
*17x2/*56;1.0;Intermediate Metabolizer;Abnormal/Priority/High Risk
*17x2/*57;1.0;Intermediate Metabolizer;Abnormal/Priority/High Risk
*17x2/*58;n/a;Indeterminate;none
*17x2/*59;1.5;Normal Metabolizer;Normal/Routine/ Low Risk
*17x2/*60;1.0;Intermediate Metabolizer;Abnormal/Priority/High Risk
*17x2/*61;n/a;Indeterminate;none
*17x2/*62;1.0;Intermediate Metabolizer;Abnormal/Priority/High Risk
*17x2/*63;n/a;Indeterminate;none
*17x2/*64;n/a;Indeterminate;none
*17x2/*65;n/a;Indeterminate;none
*17x2/*68;1.0;Intermediate Metabolizer;Abnormal/Priority/High Risk
*17x2/*69;1.0;Intermediate Metabolizer;Abnormal/Priority/High Risk
*17x2/*70;n/a;Indeterminate;none
*17x2/*71;n/a;Indeterminate;none
*17x2/*72;n/a;Indeterminate;none
*17x2/*73;n/a;Indeterminate;none
*17x2/*74;n/a;Indeterminate;none
*17x2/*75;n/a;Indeterminate;none
*17x2/*81;1.0;Intermediate Metabolizer;Abnormal/Priority/High Risk
*17x2/*82;n/a;Indeterminate;none
*17x2/*83;n/a;Indeterminate;none
*17x2/*84;n/a;Indeterminate;none
*17x2/*85;n/a;Indeterminate;none
*17x2/*86;n/a;Indeterminate;none
*17x2/*87;n/a;Indeterminate;none
*17x2/*88;n/a;Indeterminate;none
*17x2/*89;n/a;Indeterminate;none
*17x2/*90;n/a;Indeterminate;none
*17x2/*91;1.25;Normal Metabolizer;Normal/Routine/ Low Risk
*17x2/*92;1.0;Intermediate Metabolizer;Abnormal/Priority/High Risk
*17x2/*93;n/a;Indeterminate;none
*17x2/*94;n/a;Indeterminate;none
*17x2/*95;n/a;Indeterminate;none
*17x2/*96;1.0;Intermediate Metabolizer;Abnormal/Priority/High Risk
*17x2/*97;n/a;Indeterminate;none
*17x2/*98;n/a;Indeterminate;none
*17x2/*99;1.0;Intermediate Metabolizer;Abnormal/Priority/High Risk
*17x2/*100;1.0;Intermediate Metabolizer;Abnormal/Priority/High Risk
*17x2/*101;1.0;Intermediate Metabolizer;Abnormal/Priority/High Risk
*17x2/*102;n/a;Indeterminate;none
*17x2/*103;n/a;Indeterminate;none
*17x2/*104;n/a;Indeterminate;none
*17x2/*105;n/a;Indeterminate;none
*17x2/*106;n/a;Indeterminate;none
*17x2/*107;n/a;Indeterminate;none
*17x2/*108;n/a;Indeterminate;none
*17x2/*109;1.25;Normal Metabolizer;Normal/Routine/ Low Risk
*17x2/*110;n/a;Indeterminate;none
*17x2/*111;n/a;Indeterminate;none
*17x2/*112;n/a;Indeterminate;none
*17x2/*113;n/a;Indeterminate;none
*17x2/*114;1.0;Intermediate Metabolizer;Abnormal/Priority/High Risk
*17x2/*115;n/a;Indeterminate;none
*17x2/*116;n/a;Indeterminate;none
*17x2/*117;n/a;Indeterminate;none
*17x2/*118;n/a;Indeterminate;none
*17x2/*119;1.25;Normal Metabolizer;Normal/Routine/ Low Risk
*17x2/*120;1.0;Intermediate Metabolizer;Abnormal/Priority/High Risk
*17x2/*121;n/a;Indeterminate;none
*17x2/*122;n/a;Indeterminate;none
*17x2/*123;n/a;Indeterminate;none
*17x2/*124;1.0;Intermediate Metabolizer;Abnormal/Priority/High Risk
*17x2/*125;n/a;Indeterminate;none
*17x2/*126;n/a;Indeterminate;none
*17x2/*127;n/a;Indeterminate;none
*17x2/*128;n/a;Indeterminate;none
*17x2/*129;1.0;Intermediate Metabolizer;Abnormal/Priority/High Risk
*17x2/*130;n/a;Indeterminate;none
*17x2/*131;n/a;Indeterminate;none
*17x2/*132;1.25;Normal Metabolizer;Normal/Routine/ Low Risk
*17x2/*133;n/a;Indeterminate;none
*17x2/*134;n/a;Indeterminate;none
*17x2/*135;n/a;Indeterminate;none
*17x2/*136;n/a;Indeterminate;none
*17x2/*137;n/a;Indeterminate;none
*17x2/*138;n/a;Indeterminate;none
*17x2/*139;n/a;Indeterminate;none
*17x2/*140;n/a;Indeterminate;none
*17x2/*141;n/a;Indeterminate;none
*17x2/*142;n/a;Indeterminate;none
*17x2/*143;1.0;Intermediate Metabolizer;Abnormal/Priority/High Risk
*17x2/*144;1.0;Intermediate Metabolizer;Abnormal/Priority/High Risk
*17x2/*145;n/a;Indeterminate;none
*17x2/*146;n/a;Indeterminate;none
*17x2/*146x2;n/a;Indeterminate;none
*17x2/*147;n/a;Indeterminate;none
*17x2/*148;n/a;Indeterminate;none
*17x2/*149;n/a;Indeterminate;none
*17x2/*152;n/a;Indeterminate;none
*17x2/*153;n/a;Indeterminate;none
*17x2/*154;n/a;Indeterminate;none
*17x2/*155;n/a;Indeterminate;none
*17x2/*156;1.0;Intermediate Metabolizer;Abnormal/Priority/High Risk
*17x2/*157;n/a;Indeterminate;none
*17x2/*158;n/a;Indeterminate;none
*17x2/*159;n/a;Indeterminate;none
*17x2/*160;n/a;Indeterminate;none
*17x2/*161;1.0;Intermediate Metabolizer;Abnormal/Priority/High Risk
*17x2/*162;n/a;Indeterminate;none
*17x2/*163;n/a;Indeterminate;none
*18/*18;0.0;Poor Metabolizer;Abnormal/Priority/High Risk
*18/*19;0.0;Poor Metabolizer;Abnormal/Priority/High Risk
*18/*20;0.0;Poor Metabolizer;Abnormal/Priority/High Risk
*18/*21;0.0;Poor Metabolizer;Abnormal/Priority/High Risk
*18/*22;n/a;Indeterminate;none
*18/*23;n/a;Indeterminate;none
*18/*24;n/a;Indeterminate;none
*18/*25;n/a;Indeterminate;none
*18/*26;n/a;Indeterminate;none
*18/*27;1.0;Intermediate Metabolizer;Abnormal/Priority/High Risk
*18/*28;n/a;Indeterminate;none
*18/*29;0.5;Intermediate Metabolizer;Abnormal/Priority/High Risk
*18/*29x2;1.0;Intermediate Metabolizer;Abnormal/Priority/High Risk
*18/*30;n/a;Indeterminate;none
*18/*31;0.0;Poor Metabolizer;Abnormal/Priority/High Risk
*18/*32;0.25;Intermediate Metabolizer;Abnormal/Priority/High Risk
*18/*33;1.0;Intermediate Metabolizer;Abnormal/Priority/High Risk
*18/*34;1.0;Intermediate Metabolizer;Abnormal/Priority/High Risk
*18/*35;1.0;Intermediate Metabolizer;Abnormal/Priority/High Risk
*18/*35x2;2.0;Normal Metabolizer;Normal/Routine/ Low Risk
*18/*36;0.0;Poor Metabolizer;Abnormal/Priority/High Risk
*18/*36x2;0.0;Poor Metabolizer;Abnormal/Priority/High Risk
*18/*37;n/a;Indeterminate;none
*18/*38;0.0;Poor Metabolizer;Abnormal/Priority/High Risk
*18/*39;1.0;Intermediate Metabolizer;Abnormal/Priority/High Risk
*18/*40;0.0;Poor Metabolizer;Abnormal/Priority/High Risk
*18/*41;0.25;Intermediate Metabolizer;Abnormal/Priority/High Risk
*18/*41x2;0.5;Intermediate Metabolizer;Abnormal/Priority/High Risk
*18/*41x3;0.75;Intermediate Metabolizer;Abnormal/Priority/High Risk
*18/*42;0.0;Poor Metabolizer;Abnormal/Priority/High Risk
*18/*43;n/a;Indeterminate;none
*18/*43x2;n/a;Indeterminate;none
*18/*44;0.0;Poor Metabolizer;Abnormal/Priority/High Risk
*18/*45;1.0;Intermediate Metabolizer;Abnormal/Priority/High Risk
*18/*45x2;2.0;Normal Metabolizer;Normal/Routine/ Low Risk
*18/*46;1.0;Intermediate Metabolizer;Abnormal/Priority/High Risk
*18/*47;0.0;Poor Metabolizer;Abnormal/Priority/High Risk
*18/*48;1.0;Intermediate Metabolizer;Abnormal/Priority/High Risk
*18/*49;0.5;Intermediate Metabolizer;Abnormal/Priority/High Risk
*18/*50;0.5;Intermediate Metabolizer;Abnormal/Priority/High Risk
*18/*51;0.0;Poor Metabolizer;Abnormal/Priority/High Risk
*18/*52;0.25;Intermediate Metabolizer;Abnormal/Priority/High Risk
*18/*53;1.0;Intermediate Metabolizer;Abnormal/Priority/High Risk
*18/*54;0.5;Intermediate Metabolizer;Abnormal/Priority/High Risk
*18/*55;0.5;Intermediate Metabolizer;Abnormal/Priority/High Risk
*18/*56;0.0;Poor Metabolizer;Abnormal/Priority/High Risk
*18/*57;0.0;Poor Metabolizer;Abnormal/Priority/High Risk
*18/*58;n/a;Indeterminate;none
*18/*59;0.5;Intermediate Metabolizer;Abnormal/Priority/High Risk
*18/*60;0.0;Poor Metabolizer;Abnormal/Priority/High Risk
*18/*61;n/a;Indeterminate;none
*18/*62;0.0;Poor Metabolizer;Abnormal/Priority/High Risk
*18/*63;n/a;Indeterminate;none
*18/*64;n/a;Indeterminate;none
*18/*65;n/a;Indeterminate;none
*18/*68;0.0;Poor Metabolizer;Abnormal/Priority/High Risk
*18/*69;0.0;Poor Metabolizer;Abnormal/Priority/High Risk
*18/*70;n/a;Indeterminate;none
*18/*71;n/a;Indeterminate;none
*18/*72;n/a;Indeterminate;none
*18/*73;n/a;Indeterminate;none
*18/*74;n/a;Indeterminate;none
*18/*75;n/a;Indeterminate;none
*18/*81;0.0;Poor Metabolizer;Abnormal/Priority/High Risk
*18/*82;n/a;Indeterminate;none
*18/*83;n/a;Indeterminate;none
*18/*84;n/a;Indeterminate;none
*18/*85;n/a;Indeterminate;none
*18/*86;n/a;Indeterminate;none
*18/*87;n/a;Indeterminate;none
*18/*88;n/a;Indeterminate;none
*18/*89;n/a;Indeterminate;none
*18/*90;n/a;Indeterminate;none
*18/*91;0.25;Intermediate Metabolizer;Abnormal/Priority/High Risk
*18/*92;0.0;Poor Metabolizer;Abnormal/Priority/High Risk
*18/*93;n/a;Indeterminate;none
*18/*94;n/a;Indeterminate;none
*18/*95;n/a;Indeterminate;none
*18/*96;0.0;Poor Metabolizer;Abnormal/Priority/High Risk
*18/*97;n/a;Indeterminate;none
*18/*98;n/a;Indeterminate;none
*18/*99;0.0;Poor Metabolizer;Abnormal/Priority/High Risk
*18/*100;0.0;Poor Metabolizer;Abnormal/Priority/High Risk
*18/*101;0.0;Poor Metabolizer;Abnormal/Priority/High Risk
*18/*102;n/a;Indeterminate;none
*18/*103;n/a;Indeterminate;none
*18/*104;n/a;Indeterminate;none
*18/*105;n/a;Indeterminate;none
*18/*106;n/a;Indeterminate;none
*18/*107;n/a;Indeterminate;none
*18/*108;n/a;Indeterminate;none
*18/*109;0.25;Intermediate Metabolizer;Abnormal/Priority/High Risk
*18/*110;n/a;Indeterminate;none
*18/*111;n/a;Indeterminate;none
*18/*112;n/a;Indeterminate;none
*18/*113;n/a;Indeterminate;none
*18/*114;0.0;Poor Metabolizer;Abnormal/Priority/High Risk
*18/*115;n/a;Indeterminate;none
*18/*116;n/a;Indeterminate;none
*18/*117;n/a;Indeterminate;none
*18/*118;n/a;Indeterminate;none
*18/*119;0.25;Intermediate Metabolizer;Abnormal/Priority/High Risk
*18/*120;0.0;Poor Metabolizer;Abnormal/Priority/High Risk
*18/*121;n/a;Indeterminate;none
*18/*122;n/a;Indeterminate;none
*18/*123;n/a;Indeterminate;none
*18/*124;0.0;Poor Metabolizer;Abnormal/Priority/High Risk
*18/*125;n/a;Indeterminate;none
*18/*126;n/a;Indeterminate;none
*18/*127;n/a;Indeterminate;none
*18/*128;n/a;Indeterminate;none
*18/*129;0.0;Poor Metabolizer;Abnormal/Priority/High Risk
*18/*130;n/a;Indeterminate;none
*18/*131;n/a;Indeterminate;none
*18/*132;0.25;Intermediate Metabolizer;Abnormal/Priority/High Risk
*18/*133;n/a;Indeterminate;none
*18/*134;n/a;Indeterminate;none
*18/*135;n/a;Indeterminate;none
*18/*136;n/a;Indeterminate;none
*18/*137;n/a;Indeterminate;none
*18/*138;n/a;Indeterminate;none
*18/*139;n/a;Indeterminate;none
*18/*140;n/a;Indeterminate;none
*18/*141;n/a;Indeterminate;none
*18/*142;n/a;Indeterminate;none
*18/*143;0.0;Poor Metabolizer;Abnormal/Priority/High Risk
*18/*144;0.0;Poor Metabolizer;Abnormal/Priority/High Risk
*18/*145;n/a;Indeterminate;none
*18/*146;n/a;Indeterminate;none
*18/*146x2;n/a;Indeterminate;none
*18/*147;n/a;Indeterminate;none
*18/*148;n/a;Indeterminate;none
*18/*149;n/a;Indeterminate;none
*18/*152;n/a;Indeterminate;none
*18/*153;n/a;Indeterminate;none
*18/*154;n/a;Indeterminate;none
*18/*155;n/a;Indeterminate;none
*18/*156;0.0;Poor Metabolizer;Abnormal/Priority/High Risk
*18/*157;n/a;Indeterminate;none
*18/*158;n/a;Indeterminate;none
*18/*159;n/a;Indeterminate;none
*18/*160;n/a;Indeterminate;none
*18/*161;0.0;Poor Metabolizer;Abnormal/Priority/High Risk
*18/*162;n/a;Indeterminate;none
*18/*163;n/a;Indeterminate;none
*19/*19;0.0;Poor Metabolizer;Abnormal/Priority/High Risk
*19/*20;0.0;Poor Metabolizer;Abnormal/Priority/High Risk
*19/*21;0.0;Poor Metabolizer;Abnormal/Priority/High Risk
*19/*22;n/a;Indeterminate;none
*19/*23;n/a;Indeterminate;none
*19/*24;n/a;Indeterminate;none
*19/*25;n/a;Indeterminate;none
*19/*26;n/a;Indeterminate;none
*19/*27;1.0;Intermediate Metabolizer;Abnormal/Priority/High Risk
*19/*28;n/a;Indeterminate;none
*19/*29;0.5;Intermediate Metabolizer;Abnormal/Priority/High Risk
*19/*29x2;1.0;Intermediate Metabolizer;Abnormal/Priority/High Risk
*19/*30;n/a;Indeterminate;none
*19/*31;0.0;Poor Metabolizer;Abnormal/Priority/High Risk
*19/*32;0.25;Intermediate Metabolizer;Abnormal/Priority/High Risk
*19/*33;1.0;Intermediate Metabolizer;Abnormal/Priority/High Risk
*19/*34;1.0;Intermediate Metabolizer;Abnormal/Priority/High Risk
*19/*35;1.0;Intermediate Metabolizer;Abnormal/Priority/High Risk
*19/*35x2;2.0;Normal Metabolizer;Normal/Routine/ Low Risk
*19/*36;0.0;Poor Metabolizer;Abnormal/Priority/High Risk
*19/*36x2;0.0;Poor Metabolizer;Abnormal/Priority/High Risk
*19/*37;n/a;Indeterminate;none
*19/*38;0.0;Poor Metabolizer;Abnormal/Priority/High Risk
*19/*39;1.0;Intermediate Metabolizer;Abnormal/Priority/High Risk
*19/*40;0.0;Poor Metabolizer;Abnormal/Priority/High Risk
*19/*41;0.25;Intermediate Metabolizer;Abnormal/Priority/High Risk
*19/*41x2;0.5;Intermediate Metabolizer;Abnormal/Priority/High Risk
*19/*41x3;0.75;Intermediate Metabolizer;Abnormal/Priority/High Risk
*19/*42;0.0;Poor Metabolizer;Abnormal/Priority/High Risk
*19/*43;n/a;Indeterminate;none
*19/*43x2;n/a;Indeterminate;none
*19/*44;0.0;Poor Metabolizer;Abnormal/Priority/High Risk
*19/*45;1.0;Intermediate Metabolizer;Abnormal/Priority/High Risk
*19/*45x2;2.0;Normal Metabolizer;Normal/Routine/ Low Risk
*19/*46;1.0;Intermediate Metabolizer;Abnormal/Priority/High Risk
*19/*47;0.0;Poor Metabolizer;Abnormal/Priority/High Risk
*19/*48;1.0;Intermediate Metabolizer;Abnormal/Priority/High Risk
*19/*49;0.5;Intermediate Metabolizer;Abnormal/Priority/High Risk
*19/*50;0.5;Intermediate Metabolizer;Abnormal/Priority/High Risk
*19/*51;0.0;Poor Metabolizer;Abnormal/Priority/High Risk
*19/*52;0.25;Intermediate Metabolizer;Abnormal/Priority/High Risk
*19/*53;1.0;Intermediate Metabolizer;Abnormal/Priority/High Risk
*19/*54;0.5;Intermediate Metabolizer;Abnormal/Priority/High Risk
*19/*55;0.5;Intermediate Metabolizer;Abnormal/Priority/High Risk
*19/*56;0.0;Poor Metabolizer;Abnormal/Priority/High Risk
*19/*57;0.0;Poor Metabolizer;Abnormal/Priority/High Risk
*19/*58;n/a;Indeterminate;none
*19/*59;0.5;Intermediate Metabolizer;Abnormal/Priority/High Risk
*19/*60;0.0;Poor Metabolizer;Abnormal/Priority/High Risk
*19/*61;n/a;Indeterminate;none
*19/*62;0.0;Poor Metabolizer;Abnormal/Priority/High Risk
*19/*63;n/a;Indeterminate;none
*19/*64;n/a;Indeterminate;none
*19/*65;n/a;Indeterminate;none
*19/*68;0.0;Poor Metabolizer;Abnormal/Priority/High Risk
*19/*69;0.0;Poor Metabolizer;Abnormal/Priority/High Risk
*19/*70;n/a;Indeterminate;none
*19/*71;n/a;Indeterminate;none
*19/*72;n/a;Indeterminate;none
*19/*73;n/a;Indeterminate;none
*19/*74;n/a;Indeterminate;none
*19/*75;n/a;Indeterminate;none
*19/*81;0.0;Poor Metabolizer;Abnormal/Priority/High Risk
*19/*82;n/a;Indeterminate;none
*19/*83;n/a;Indeterminate;none
*19/*84;n/a;Indeterminate;none
*19/*85;n/a;Indeterminate;none
*19/*86;n/a;Indeterminate;none
*19/*87;n/a;Indeterminate;none
*19/*88;n/a;Indeterminate;none
*19/*89;n/a;Indeterminate;none
*19/*90;n/a;Indeterminate;none
*19/*91;0.25;Intermediate Metabolizer;Abnormal/Priority/High Risk
*19/*92;0.0;Poor Metabolizer;Abnormal/Priority/High Risk
*19/*93;n/a;Indeterminate;none
*19/*94;n/a;Indeterminate;none
*19/*95;n/a;Indeterminate;none
*19/*96;0.0;Poor Metabolizer;Abnormal/Priority/High Risk
*19/*97;n/a;Indeterminate;none
*19/*98;n/a;Indeterminate;none
*19/*99;0.0;Poor Metabolizer;Abnormal/Priority/High Risk
*19/*100;0.0;Poor Metabolizer;Abnormal/Priority/High Risk
*19/*101;0.0;Poor Metabolizer;Abnormal/Priority/High Risk
*19/*102;n/a;Indeterminate;none
*19/*103;n/a;Indeterminate;none
*19/*104;n/a;Indeterminate;none
*19/*105;n/a;Indeterminate;none
*19/*106;n/a;Indeterminate;none
*19/*107;n/a;Indeterminate;none
*19/*108;n/a;Indeterminate;none
*19/*109;0.25;Intermediate Metabolizer;Abnormal/Priority/High Risk
*19/*110;n/a;Indeterminate;none
*19/*111;n/a;Indeterminate;none
*19/*112;n/a;Indeterminate;none
*19/*113;n/a;Indeterminate;none
*19/*114;0.0;Poor Metabolizer;Abnormal/Priority/High Risk
*19/*115;n/a;Indeterminate;none
*19/*116;n/a;Indeterminate;none
*19/*117;n/a;Indeterminate;none
*19/*118;n/a;Indeterminate;none
*19/*119;0.25;Intermediate Metabolizer;Abnormal/Priority/High Risk
*19/*120;0.0;Poor Metabolizer;Abnormal/Priority/High Risk
*19/*121;n/a;Indeterminate;none
*19/*122;n/a;Indeterminate;none
*19/*123;n/a;Indeterminate;none
*19/*124;0.0;Poor Metabolizer;Abnormal/Priority/High Risk
*19/*125;n/a;Indeterminate;none
*19/*126;n/a;Indeterminate;none
*19/*127;n/a;Indeterminate;none
*19/*128;n/a;Indeterminate;none
*19/*129;0.0;Poor Metabolizer;Abnormal/Priority/High Risk
*19/*130;n/a;Indeterminate;none
*19/*131;n/a;Indeterminate;none
*19/*132;0.25;Intermediate Metabolizer;Abnormal/Priority/High Risk
*19/*133;n/a;Indeterminate;none
*19/*134;n/a;Indeterminate;none
*19/*135;n/a;Indeterminate;none
*19/*136;n/a;Indeterminate;none
*19/*137;n/a;Indeterminate;none
*19/*138;n/a;Indeterminate;none
*19/*139;n/a;Indeterminate;none
*19/*140;n/a;Indeterminate;none
*19/*141;n/a;Indeterminate;none
*19/*142;n/a;Indeterminate;none
*19/*143;0.0;Poor Metabolizer;Abnormal/Priority/High Risk
*19/*144;0.0;Poor Metabolizer;Abnormal/Priority/High Risk
*19/*145;n/a;Indeterminate;none
*19/*146;n/a;Indeterminate;none
*19/*146x2;n/a;Indeterminate;none
*19/*147;n/a;Indeterminate;none
*19/*148;n/a;Indeterminate;none
*19/*149;n/a;Indeterminate;none
*19/*152;n/a;Indeterminate;none
*19/*153;n/a;Indeterminate;none
*19/*154;n/a;Indeterminate;none
*19/*155;n/a;Indeterminate;none
*19/*156;0.0;Poor Metabolizer;Abnormal/Priority/High Risk
*19/*157;n/a;Indeterminate;none
*19/*158;n/a;Indeterminate;none
*19/*159;n/a;Indeterminate;none
*19/*160;n/a;Indeterminate;none
*19/*161;0.0;Poor Metabolizer;Abnormal/Priority/High Risk
*19/*162;n/a;Indeterminate;none
*19/*163;n/a;Indeterminate;none
*20/*20;0.0;Poor Metabolizer;Abnormal/Priority/High Risk
*20/*21;0.0;Poor Metabolizer;Abnormal/Priority/High Risk
*20/*22;n/a;Indeterminate;none
*20/*23;n/a;Indeterminate;none
*20/*24;n/a;Indeterminate;none
*20/*25;n/a;Indeterminate;none
*20/*26;n/a;Indeterminate;none
*20/*27;1.0;Intermediate Metabolizer;Abnormal/Priority/High Risk
*20/*28;n/a;Indeterminate;none
*20/*29;0.5;Intermediate Metabolizer;Abnormal/Priority/High Risk
*20/*29x2;1.0;Intermediate Metabolizer;Abnormal/Priority/High Risk
*20/*30;n/a;Indeterminate;none
*20/*31;0.0;Poor Metabolizer;Abnormal/Priority/High Risk
*20/*32;0.25;Intermediate Metabolizer;Abnormal/Priority/High Risk
*20/*33;1.0;Intermediate Metabolizer;Abnormal/Priority/High Risk
*20/*34;1.0;Intermediate Metabolizer;Abnormal/Priority/High Risk
*20/*35;1.0;Intermediate Metabolizer;Abnormal/Priority/High Risk
*20/*35x2;2.0;Normal Metabolizer;Normal/Routine/ Low Risk
*20/*36;0.0;Poor Metabolizer;Abnormal/Priority/High Risk
*20/*36x2;0.0;Poor Metabolizer;Abnormal/Priority/High Risk
*20/*37;n/a;Indeterminate;none
*20/*38;0.0;Poor Metabolizer;Abnormal/Priority/High Risk
*20/*39;1.0;Intermediate Metabolizer;Abnormal/Priority/High Risk
*20/*40;0.0;Poor Metabolizer;Abnormal/Priority/High Risk
*20/*41;0.25;Intermediate Metabolizer;Abnormal/Priority/High Risk
*20/*41x2;0.5;Intermediate Metabolizer;Abnormal/Priority/High Risk
*20/*41x3;0.75;Intermediate Metabolizer;Abnormal/Priority/High Risk
*20/*42;0.0;Poor Metabolizer;Abnormal/Priority/High Risk
*20/*43;n/a;Indeterminate;none
*20/*43x2;n/a;Indeterminate;none
*20/*44;0.0;Poor Metabolizer;Abnormal/Priority/High Risk
*20/*45;1.0;Intermediate Metabolizer;Abnormal/Priority/High Risk
*20/*45x2;2.0;Normal Metabolizer;Normal/Routine/ Low Risk
*20/*46;1.0;Intermediate Metabolizer;Abnormal/Priority/High Risk
*20/*47;0.0;Poor Metabolizer;Abnormal/Priority/High Risk
*20/*48;1.0;Intermediate Metabolizer;Abnormal/Priority/High Risk
*20/*49;0.5;Intermediate Metabolizer;Abnormal/Priority/High Risk
*20/*50;0.5;Intermediate Metabolizer;Abnormal/Priority/High Risk
*20/*51;0.0;Poor Metabolizer;Abnormal/Priority/High Risk
*20/*52;0.25;Intermediate Metabolizer;Abnormal/Priority/High Risk
*20/*53;1.0;Intermediate Metabolizer;Abnormal/Priority/High Risk
*20/*54;0.5;Intermediate Metabolizer;Abnormal/Priority/High Risk
*20/*55;0.5;Intermediate Metabolizer;Abnormal/Priority/High Risk
*20/*56;0.0;Poor Metabolizer;Abnormal/Priority/High Risk
*20/*57;0.0;Poor Metabolizer;Abnormal/Priority/High Risk
*20/*58;n/a;Indeterminate;none
*20/*59;0.5;Intermediate Metabolizer;Abnormal/Priority/High Risk
*20/*60;0.0;Poor Metabolizer;Abnormal/Priority/High Risk
*20/*61;n/a;Indeterminate;none
*20/*62;0.0;Poor Metabolizer;Abnormal/Priority/High Risk
*20/*63;n/a;Indeterminate;none
*20/*64;n/a;Indeterminate;none
*20/*65;n/a;Indeterminate;none
*20/*68;0.0;Poor Metabolizer;Abnormal/Priority/High Risk
*20/*69;0.0;Poor Metabolizer;Abnormal/Priority/High Risk
*20/*70;n/a;Indeterminate;none
*20/*71;n/a;Indeterminate;none
*20/*72;n/a;Indeterminate;none
*20/*73;n/a;Indeterminate;none
*20/*74;n/a;Indeterminate;none
*20/*75;n/a;Indeterminate;none
*20/*81;0.0;Poor Metabolizer;Abnormal/Priority/High Risk
*20/*82;n/a;Indeterminate;none
*20/*83;n/a;Indeterminate;none
*20/*84;n/a;Indeterminate;none
*20/*85;n/a;Indeterminate;none
*20/*86;n/a;Indeterminate;none
*20/*87;n/a;Indeterminate;none
*20/*88;n/a;Indeterminate;none
*20/*89;n/a;Indeterminate;none
*20/*90;n/a;Indeterminate;none
*20/*91;0.25;Intermediate Metabolizer;Abnormal/Priority/High Risk
*20/*92;0.0;Poor Metabolizer;Abnormal/Priority/High Risk
*20/*93;n/a;Indeterminate;none
*20/*94;n/a;Indeterminate;none
*20/*95;n/a;Indeterminate;none
*20/*96;0.0;Poor Metabolizer;Abnormal/Priority/High Risk
*20/*97;n/a;Indeterminate;none
*20/*98;n/a;Indeterminate;none
*20/*99;0.0;Poor Metabolizer;Abnormal/Priority/High Risk
*20/*100;0.0;Poor Metabolizer;Abnormal/Priority/High Risk
*20/*101;0.0;Poor Metabolizer;Abnormal/Priority/High Risk
*20/*102;n/a;Indeterminate;none
*20/*103;n/a;Indeterminate;none
*20/*104;n/a;Indeterminate;none
*20/*105;n/a;Indeterminate;none
*20/*106;n/a;Indeterminate;none
*20/*107;n/a;Indeterminate;none
*20/*108;n/a;Indeterminate;none
*20/*109;0.25;Intermediate Metabolizer;Abnormal/Priority/High Risk
*20/*110;n/a;Indeterminate;none
*20/*111;n/a;Indeterminate;none
*20/*112;n/a;Indeterminate;none
*20/*113;n/a;Indeterminate;none
*20/*114;0.0;Poor Metabolizer;Abnormal/Priority/High Risk
*20/*115;n/a;Indeterminate;none
*20/*116;n/a;Indeterminate;none
*20/*117;n/a;Indeterminate;none
*20/*118;n/a;Indeterminate;none
*20/*119;0.25;Intermediate Metabolizer;Abnormal/Priority/High Risk
*20/*120;0.0;Poor Metabolizer;Abnormal/Priority/High Risk
*20/*121;n/a;Indeterminate;none
*20/*122;n/a;Indeterminate;none
*20/*123;n/a;Indeterminate;none
*20/*124;0.0;Poor Metabolizer;Abnormal/Priority/High Risk
*20/*125;n/a;Indeterminate;none
*20/*126;n/a;Indeterminate;none
*20/*127;n/a;Indeterminate;none
*20/*128;n/a;Indeterminate;none
*20/*129;0.0;Poor Metabolizer;Abnormal/Priority/High Risk
*20/*130;n/a;Indeterminate;none
*20/*131;n/a;Indeterminate;none
*20/*132;0.25;Intermediate Metabolizer;Abnormal/Priority/High Risk
*20/*133;n/a;Indeterminate;none
*20/*134;n/a;Indeterminate;none
*20/*135;n/a;Indeterminate;none
*20/*136;n/a;Indeterminate;none
*20/*137;n/a;Indeterminate;none
*20/*138;n/a;Indeterminate;none
*20/*139;n/a;Indeterminate;none
*20/*140;n/a;Indeterminate;none
*20/*141;n/a;Indeterminate;none
*20/*142;n/a;Indeterminate;none
*20/*143;0.0;Poor Metabolizer;Abnormal/Priority/High Risk
*20/*144;0.0;Poor Metabolizer;Abnormal/Priority/High Risk
*20/*145;n/a;Indeterminate;none
*20/*146;n/a;Indeterminate;none
*20/*146x2;n/a;Indeterminate;none
*20/*147;n/a;Indeterminate;none
*20/*148;n/a;Indeterminate;none
*20/*149;n/a;Indeterminate;none
*20/*152;n/a;Indeterminate;none
*20/*153;n/a;Indeterminate;none
*20/*154;n/a;Indeterminate;none
*20/*155;n/a;Indeterminate;none
*20/*156;0.0;Poor Metabolizer;Abnormal/Priority/High Risk
*20/*157;n/a;Indeterminate;none
*20/*158;n/a;Indeterminate;none
*20/*159;n/a;Indeterminate;none
*20/*160;n/a;Indeterminate;none
*20/*161;0.0;Poor Metabolizer;Abnormal/Priority/High Risk
*20/*162;n/a;Indeterminate;none
*20/*163;n/a;Indeterminate;none
*21/*21;0.0;Poor Metabolizer;Abnormal/Priority/High Risk
*21/*22;n/a;Indeterminate;none
*21/*23;n/a;Indeterminate;none
*21/*24;n/a;Indeterminate;none
*21/*25;n/a;Indeterminate;none
*21/*26;n/a;Indeterminate;none
*21/*27;1.0;Intermediate Metabolizer;Abnormal/Priority/High Risk
*21/*28;n/a;Indeterminate;none
*21/*29;0.5;Intermediate Metabolizer;Abnormal/Priority/High Risk
*21/*29x2;1.0;Intermediate Metabolizer;Abnormal/Priority/High Risk
*21/*30;n/a;Indeterminate;none
*21/*31;0.0;Poor Metabolizer;Abnormal/Priority/High Risk
*21/*32;0.25;Intermediate Metabolizer;Abnormal/Priority/High Risk
*21/*33;1.0;Intermediate Metabolizer;Abnormal/Priority/High Risk
*21/*34;1.0;Intermediate Metabolizer;Abnormal/Priority/High Risk
*21/*35;1.0;Intermediate Metabolizer;Abnormal/Priority/High Risk
*21/*35x2;2.0;Normal Metabolizer;Normal/Routine/ Low Risk
*21/*36;0.0;Poor Metabolizer;Abnormal/Priority/High Risk
*21/*36x2;0.0;Poor Metabolizer;Abnormal/Priority/High Risk
*21/*37;n/a;Indeterminate;none
*21/*38;0.0;Poor Metabolizer;Abnormal/Priority/High Risk
*21/*39;1.0;Intermediate Metabolizer;Abnormal/Priority/High Risk
*21/*40;0.0;Poor Metabolizer;Abnormal/Priority/High Risk
*21/*41;0.25;Intermediate Metabolizer;Abnormal/Priority/High Risk
*21/*41x2;0.5;Intermediate Metabolizer;Abnormal/Priority/High Risk
*21/*41x3;0.75;Intermediate Metabolizer;Abnormal/Priority/High Risk
*21/*42;0.0;Poor Metabolizer;Abnormal/Priority/High Risk
*21/*43;n/a;Indeterminate;none
*21/*43x2;n/a;Indeterminate;none
*21/*44;0.0;Poor Metabolizer;Abnormal/Priority/High Risk
*21/*45;1.0;Intermediate Metabolizer;Abnormal/Priority/High Risk
*21/*45x2;2.0;Normal Metabolizer;Normal/Routine/ Low Risk
*21/*46;1.0;Intermediate Metabolizer;Abnormal/Priority/High Risk
*21/*47;0.0;Poor Metabolizer;Abnormal/Priority/High Risk
*21/*48;1.0;Intermediate Metabolizer;Abnormal/Priority/High Risk
*21/*49;0.5;Intermediate Metabolizer;Abnormal/Priority/High Risk
*21/*50;0.5;Intermediate Metabolizer;Abnormal/Priority/High Risk
*21/*51;0.0;Poor Metabolizer;Abnormal/Priority/High Risk
*21/*52;0.25;Intermediate Metabolizer;Abnormal/Priority/High Risk
*21/*53;1.0;Intermediate Metabolizer;Abnormal/Priority/High Risk
*21/*54;0.5;Intermediate Metabolizer;Abnormal/Priority/High Risk
*21/*55;0.5;Intermediate Metabolizer;Abnormal/Priority/High Risk
*21/*56;0.0;Poor Metabolizer;Abnormal/Priority/High Risk
*21/*57;0.0;Poor Metabolizer;Abnormal/Priority/High Risk
*21/*58;n/a;Indeterminate;none
*21/*59;0.5;Intermediate Metabolizer;Abnormal/Priority/High Risk
*21/*60;0.0;Poor Metabolizer;Abnormal/Priority/High Risk
*21/*61;n/a;Indeterminate;none
*21/*62;0.0;Poor Metabolizer;Abnormal/Priority/High Risk
*21/*63;n/a;Indeterminate;none
*21/*64;n/a;Indeterminate;none
*21/*65;n/a;Indeterminate;none
*21/*68;0.0;Poor Metabolizer;Abnormal/Priority/High Risk
*21/*69;0.0;Poor Metabolizer;Abnormal/Priority/High Risk
*21/*70;n/a;Indeterminate;none
*21/*71;n/a;Indeterminate;none
*21/*72;n/a;Indeterminate;none
*21/*73;n/a;Indeterminate;none
*21/*74;n/a;Indeterminate;none
*21/*75;n/a;Indeterminate;none
*21/*81;0.0;Poor Metabolizer;Abnormal/Priority/High Risk
*21/*82;n/a;Indeterminate;none
*21/*83;n/a;Indeterminate;none
*21/*84;n/a;Indeterminate;none
*21/*85;n/a;Indeterminate;none
*21/*86;n/a;Indeterminate;none
*21/*87;n/a;Indeterminate;none
*21/*88;n/a;Indeterminate;none
*21/*89;n/a;Indeterminate;none
*21/*90;n/a;Indeterminate;none
*21/*91;0.25;Intermediate Metabolizer;Abnormal/Priority/High Risk
*21/*92;0.0;Poor Metabolizer;Abnormal/Priority/High Risk
*21/*93;n/a;Indeterminate;none
*21/*94;n/a;Indeterminate;none
*21/*95;n/a;Indeterminate;none
*21/*96;0.0;Poor Metabolizer;Abnormal/Priority/High Risk
*21/*97;n/a;Indeterminate;none
*21/*98;n/a;Indeterminate;none
*21/*99;0.0;Poor Metabolizer;Abnormal/Priority/High Risk
*21/*100;0.0;Poor Metabolizer;Abnormal/Priority/High Risk
*21/*101;0.0;Poor Metabolizer;Abnormal/Priority/High Risk
*21/*102;n/a;Indeterminate;none
*21/*103;n/a;Indeterminate;none
*21/*104;n/a;Indeterminate;none
*21/*105;n/a;Indeterminate;none
*21/*106;n/a;Indeterminate;none
*21/*107;n/a;Indeterminate;none
*21/*108;n/a;Indeterminate;none
*21/*109;0.25;Intermediate Metabolizer;Abnormal/Priority/High Risk
*21/*110;n/a;Indeterminate;none
*21/*111;n/a;Indeterminate;none
*21/*112;n/a;Indeterminate;none
*21/*113;n/a;Indeterminate;none
*21/*114;0.0;Poor Metabolizer;Abnormal/Priority/High Risk
*21/*115;n/a;Indeterminate;none
*21/*116;n/a;Indeterminate;none
*21/*117;n/a;Indeterminate;none
*21/*118;n/a;Indeterminate;none
*21/*119;0.25;Intermediate Metabolizer;Abnormal/Priority/High Risk
*21/*120;0.0;Poor Metabolizer;Abnormal/Priority/High Risk
*21/*121;n/a;Indeterminate;none
*21/*122;n/a;Indeterminate;none
*21/*123;n/a;Indeterminate;none
*21/*124;0.0;Poor Metabolizer;Abnormal/Priority/High Risk
*21/*125;n/a;Indeterminate;none
*21/*126;n/a;Indeterminate;none
*21/*127;n/a;Indeterminate;none
*21/*128;n/a;Indeterminate;none
*21/*129;0.0;Poor Metabolizer;Abnormal/Priority/High Risk
*21/*130;n/a;Indeterminate;none
*21/*131;n/a;Indeterminate;none
*21/*132;0.25;Intermediate Metabolizer;Abnormal/Priority/High Risk
*21/*133;n/a;Indeterminate;none
*21/*134;n/a;Indeterminate;none
*21/*135;n/a;Indeterminate;none
*21/*136;n/a;Indeterminate;none
*21/*137;n/a;Indeterminate;none
*21/*138;n/a;Indeterminate;none
*21/*139;n/a;Indeterminate;none
*21/*140;n/a;Indeterminate;none
*21/*141;n/a;Indeterminate;none
*21/*142;n/a;Indeterminate;none
*21/*143;0.0;Poor Metabolizer;Abnormal/Priority/High Risk
*21/*144;0.0;Poor Metabolizer;Abnormal/Priority/High Risk
*21/*145;n/a;Indeterminate;none
*21/*146;n/a;Indeterminate;none
*21/*146x2;n/a;Indeterminate;none
*21/*147;n/a;Indeterminate;none
*21/*148;n/a;Indeterminate;none
*21/*149;n/a;Indeterminate;none
*21/*152;n/a;Indeterminate;none
*21/*153;n/a;Indeterminate;none
*21/*154;n/a;Indeterminate;none
*21/*155;n/a;Indeterminate;none
*21/*156;0.0;Poor Metabolizer;Abnormal/Priority/High Risk
*21/*157;n/a;Indeterminate;none
*21/*158;n/a;Indeterminate;none
*21/*159;n/a;Indeterminate;none
*21/*160;n/a;Indeterminate;none
*21/*161;0.0;Poor Metabolizer;Abnormal/Priority/High Risk
*21/*162;n/a;Indeterminate;none
*21/*163;n/a;Indeterminate;none
*22/*22;n/a;Indeterminate;none
*22/*23;n/a;Indeterminate;none
*22/*24;n/a;Indeterminate;none
*22/*25;n/a;Indeterminate;none
*22/*26;n/a;Indeterminate;none
*22/*27;n/a;Indeterminate;none
*22/*28;n/a;Indeterminate;none
*22/*29;n/a;Indeterminate;none
*22/*29x2;n/a;Indeterminate;none
*22/*30;n/a;Indeterminate;none
*22/*31;n/a;Indeterminate;none
*22/*32;n/a;Indeterminate;none
*22/*33;n/a;Indeterminate;none
*22/*34;n/a;Indeterminate;none
*22/*35;n/a;Indeterminate;none
*22/*35x2;n/a;Indeterminate;none
*22/*36;n/a;Indeterminate;none
*22/*36x2;n/a;Indeterminate;none
*22/*37;n/a;Indeterminate;none
*22/*38;n/a;Indeterminate;none
*22/*39;n/a;Indeterminate;none
*22/*40;n/a;Indeterminate;none
*22/*41;n/a;Indeterminate;none
*22/*41x2;n/a;Indeterminate;none
*22/*41x3;n/a;Indeterminate;none
*22/*42;n/a;Indeterminate;none
*22/*43;n/a;Indeterminate;none
*22/*43x2;n/a;Indeterminate;none
*22/*44;n/a;Indeterminate;none
*22/*45;n/a;Indeterminate;none
*22/*45x2;n/a;Indeterminate;none
*22/*46;n/a;Indeterminate;none
*22/*47;n/a;Indeterminate;none
*22/*48;n/a;Indeterminate;none
*22/*49;n/a;Indeterminate;none
*22/*50;n/a;Indeterminate;none
*22/*51;n/a;Indeterminate;none
*22/*52;n/a;Indeterminate;none
*22/*53;n/a;Indeterminate;none
*22/*54;n/a;Indeterminate;none
*22/*55;n/a;Indeterminate;none
*22/*56;n/a;Indeterminate;none
*22/*57;n/a;Indeterminate;none
*22/*58;n/a;Indeterminate;none
*22/*59;n/a;Indeterminate;none
*22/*60;n/a;Indeterminate;none
*22/*61;n/a;Indeterminate;none
*22/*62;n/a;Indeterminate;none
*22/*63;n/a;Indeterminate;none
*22/*64;n/a;Indeterminate;none
*22/*65;n/a;Indeterminate;none
*22/*68;n/a;Indeterminate;none
*22/*69;n/a;Indeterminate;none
*22/*70;n/a;Indeterminate;none
*22/*71;n/a;Indeterminate;none
*22/*72;n/a;Indeterminate;none
*22/*73;n/a;Indeterminate;none
*22/*74;n/a;Indeterminate;none
*22/*75;n/a;Indeterminate;none
*22/*81;n/a;Indeterminate;none
*22/*82;n/a;Indeterminate;none
*22/*83;n/a;Indeterminate;none
*22/*84;n/a;Indeterminate;none
*22/*85;n/a;Indeterminate;none
*22/*86;n/a;Indeterminate;none
*22/*87;n/a;Indeterminate;none
*22/*88;n/a;Indeterminate;none
*22/*89;n/a;Indeterminate;none
*22/*90;n/a;Indeterminate;none
*22/*91;n/a;Indeterminate;none
*22/*92;n/a;Indeterminate;none
*22/*93;n/a;Indeterminate;none
*22/*94;n/a;Indeterminate;none
*22/*95;n/a;Indeterminate;none
*22/*96;n/a;Indeterminate;none
*22/*97;n/a;Indeterminate;none
*22/*98;n/a;Indeterminate;none
*22/*99;n/a;Indeterminate;none
*22/*100;n/a;Indeterminate;none
*22/*101;n/a;Indeterminate;none
*22/*102;n/a;Indeterminate;none
*22/*103;n/a;Indeterminate;none
*22/*104;n/a;Indeterminate;none
*22/*105;n/a;Indeterminate;none
*22/*106;n/a;Indeterminate;none
*22/*107;n/a;Indeterminate;none
*22/*108;n/a;Indeterminate;none
*22/*109;n/a;Indeterminate;none
*22/*110;n/a;Indeterminate;none
*22/*111;n/a;Indeterminate;none
*22/*112;n/a;Indeterminate;none
*22/*113;n/a;Indeterminate;none
*22/*114;n/a;Indeterminate;none
*22/*115;n/a;Indeterminate;none
*22/*116;n/a;Indeterminate;none
*22/*117;n/a;Indeterminate;none
*22/*118;n/a;Indeterminate;none
*22/*119;n/a;Indeterminate;none
*22/*120;n/a;Indeterminate;none
*22/*121;n/a;Indeterminate;none
*22/*122;n/a;Indeterminate;none
*22/*123;n/a;Indeterminate;none
*22/*124;n/a;Indeterminate;none
*22/*125;n/a;Indeterminate;none
*22/*126;n/a;Indeterminate;none
*22/*127;n/a;Indeterminate;none
*22/*128;n/a;Indeterminate;none
*22/*129;n/a;Indeterminate;none
*22/*130;n/a;Indeterminate;none
*22/*131;n/a;Indeterminate;none
*22/*132;n/a;Indeterminate;none
*22/*133;n/a;Indeterminate;none
*22/*134;n/a;Indeterminate;none
*22/*135;n/a;Indeterminate;none
*22/*136;n/a;Indeterminate;none
*22/*137;n/a;Indeterminate;none
*22/*138;n/a;Indeterminate;none
*22/*139;n/a;Indeterminate;none
*22/*140;n/a;Indeterminate;none
*22/*141;n/a;Indeterminate;none
*22/*142;n/a;Indeterminate;none
*22/*143;n/a;Indeterminate;none
*22/*144;n/a;Indeterminate;none
*22/*145;n/a;Indeterminate;none
*22/*146;n/a;Indeterminate;none
*22/*146x2;n/a;Indeterminate;none
*22/*147;n/a;Indeterminate;none
*22/*148;n/a;Indeterminate;none
*22/*149;n/a;Indeterminate;none
*22/*152;n/a;Indeterminate;none
*22/*153;n/a;Indeterminate;none
*22/*154;n/a;Indeterminate;none
*22/*155;n/a;Indeterminate;none
*22/*156;n/a;Indeterminate;none
*22/*157;n/a;Indeterminate;none
*22/*158;n/a;Indeterminate;none
*22/*159;n/a;Indeterminate;none
*22/*160;n/a;Indeterminate;none
*22/*161;n/a;Indeterminate;none
*22/*162;n/a;Indeterminate;none
*22/*163;n/a;Indeterminate;none
*23/*23;n/a;Indeterminate;none
*23/*24;n/a;Indeterminate;none
*23/*25;n/a;Indeterminate;none
*23/*26;n/a;Indeterminate;none
*23/*27;n/a;Indeterminate;none
*23/*28;n/a;Indeterminate;none
*23/*29;n/a;Indeterminate;none
*23/*29x2;n/a;Indeterminate;none
*23/*30;n/a;Indeterminate;none
*23/*31;n/a;Indeterminate;none
*23/*32;n/a;Indeterminate;none
*23/*33;n/a;Indeterminate;none
*23/*34;n/a;Indeterminate;none
*23/*35;n/a;Indeterminate;none
*23/*35x2;n/a;Indeterminate;none
*23/*36;n/a;Indeterminate;none
*23/*36x2;n/a;Indeterminate;none
*23/*37;n/a;Indeterminate;none
*23/*38;n/a;Indeterminate;none
*23/*39;n/a;Indeterminate;none
*23/*40;n/a;Indeterminate;none
*23/*41;n/a;Indeterminate;none
*23/*41x2;n/a;Indeterminate;none
*23/*41x3;n/a;Indeterminate;none
*23/*42;n/a;Indeterminate;none
*23/*43;n/a;Indeterminate;none
*23/*43x2;n/a;Indeterminate;none
*23/*44;n/a;Indeterminate;none
*23/*45;n/a;Indeterminate;none
*23/*45x2;n/a;Indeterminate;none
*23/*46;n/a;Indeterminate;none
*23/*47;n/a;Indeterminate;none
*23/*48;n/a;Indeterminate;none
*23/*49;n/a;Indeterminate;none
*23/*50;n/a;Indeterminate;none
*23/*51;n/a;Indeterminate;none
*23/*52;n/a;Indeterminate;none
*23/*53;n/a;Indeterminate;none
*23/*54;n/a;Indeterminate;none
*23/*55;n/a;Indeterminate;none
*23/*56;n/a;Indeterminate;none
*23/*57;n/a;Indeterminate;none
*23/*58;n/a;Indeterminate;none
*23/*59;n/a;Indeterminate;none
*23/*60;n/a;Indeterminate;none
*23/*61;n/a;Indeterminate;none
*23/*62;n/a;Indeterminate;none
*23/*63;n/a;Indeterminate;none
*23/*64;n/a;Indeterminate;none
*23/*65;n/a;Indeterminate;none
*23/*68;n/a;Indeterminate;none
*23/*69;n/a;Indeterminate;none
*23/*70;n/a;Indeterminate;none
*23/*71;n/a;Indeterminate;none
*23/*72;n/a;Indeterminate;none
*23/*73;n/a;Indeterminate;none
*23/*74;n/a;Indeterminate;none
*23/*75;n/a;Indeterminate;none
*23/*81;n/a;Indeterminate;none
*23/*82;n/a;Indeterminate;none
*23/*83;n/a;Indeterminate;none
*23/*84;n/a;Indeterminate;none
*23/*85;n/a;Indeterminate;none
*23/*86;n/a;Indeterminate;none
*23/*87;n/a;Indeterminate;none
*23/*88;n/a;Indeterminate;none
*23/*89;n/a;Indeterminate;none
*23/*90;n/a;Indeterminate;none
*23/*91;n/a;Indeterminate;none
*23/*92;n/a;Indeterminate;none
*23/*93;n/a;Indeterminate;none
*23/*94;n/a;Indeterminate;none
*23/*95;n/a;Indeterminate;none
*23/*96;n/a;Indeterminate;none
*23/*97;n/a;Indeterminate;none
*23/*98;n/a;Indeterminate;none
*23/*99;n/a;Indeterminate;none
*23/*100;n/a;Indeterminate;none
*23/*101;n/a;Indeterminate;none
*23/*102;n/a;Indeterminate;none
*23/*103;n/a;Indeterminate;none
*23/*104;n/a;Indeterminate;none
*23/*105;n/a;Indeterminate;none
*23/*106;n/a;Indeterminate;none
*23/*107;n/a;Indeterminate;none
*23/*108;n/a;Indeterminate;none
*23/*109;n/a;Indeterminate;none
*23/*110;n/a;Indeterminate;none
*23/*111;n/a;Indeterminate;none
*23/*112;n/a;Indeterminate;none
*23/*113;n/a;Indeterminate;none
*23/*114;n/a;Indeterminate;none
*23/*115;n/a;Indeterminate;none
*23/*116;n/a;Indeterminate;none
*23/*117;n/a;Indeterminate;none
*23/*118;n/a;Indeterminate;none
*23/*119;n/a;Indeterminate;none
*23/*120;n/a;Indeterminate;none
*23/*121;n/a;Indeterminate;none
*23/*122;n/a;Indeterminate;none
*23/*123;n/a;Indeterminate;none
*23/*124;n/a;Indeterminate;none
*23/*125;n/a;Indeterminate;none
*23/*126;n/a;Indeterminate;none
*23/*127;n/a;Indeterminate;none
*23/*128;n/a;Indeterminate;none
*23/*129;n/a;Indeterminate;none
*23/*130;n/a;Indeterminate;none
*23/*131;n/a;Indeterminate;none
*23/*132;n/a;Indeterminate;none
*23/*133;n/a;Indeterminate;none
*23/*134;n/a;Indeterminate;none
*23/*135;n/a;Indeterminate;none
*23/*136;n/a;Indeterminate;none
*23/*137;n/a;Indeterminate;none
*23/*138;n/a;Indeterminate;none
*23/*139;n/a;Indeterminate;none
*23/*140;n/a;Indeterminate;none
*23/*141;n/a;Indeterminate;none
*23/*142;n/a;Indeterminate;none
*23/*143;n/a;Indeterminate;none
*23/*144;n/a;Indeterminate;none
*23/*145;n/a;Indeterminate;none
*23/*146;n/a;Indeterminate;none
*23/*146x2;n/a;Indeterminate;none
*23/*147;n/a;Indeterminate;none
*23/*148;n/a;Indeterminate;none
*23/*149;n/a;Indeterminate;none
*23/*152;n/a;Indeterminate;none
*23/*153;n/a;Indeterminate;none
*23/*154;n/a;Indeterminate;none
*23/*155;n/a;Indeterminate;none
*23/*156;n/a;Indeterminate;none
*23/*157;n/a;Indeterminate;none
*23/*158;n/a;Indeterminate;none
*23/*159;n/a;Indeterminate;none
*23/*160;n/a;Indeterminate;none
*23/*161;n/a;Indeterminate;none
*23/*162;n/a;Indeterminate;none
*23/*163;n/a;Indeterminate;none
*24/*24;n/a;Indeterminate;none
*24/*25;n/a;Indeterminate;none
*24/*26;n/a;Indeterminate;none
*24/*27;n/a;Indeterminate;none
*24/*28;n/a;Indeterminate;none
*24/*29;n/a;Indeterminate;none
*24/*29x2;n/a;Indeterminate;none
*24/*30;n/a;Indeterminate;none
*24/*31;n/a;Indeterminate;none
*24/*32;n/a;Indeterminate;none
*24/*33;n/a;Indeterminate;none
*24/*34;n/a;Indeterminate;none
*24/*35;n/a;Indeterminate;none
*24/*35x2;n/a;Indeterminate;none
*24/*36;n/a;Indeterminate;none
*24/*36x2;n/a;Indeterminate;none
*24/*37;n/a;Indeterminate;none
*24/*38;n/a;Indeterminate;none
*24/*39;n/a;Indeterminate;none
*24/*40;n/a;Indeterminate;none
*24/*41;n/a;Indeterminate;none
*24/*41x2;n/a;Indeterminate;none
*24/*41x3;n/a;Indeterminate;none
*24/*42;n/a;Indeterminate;none
*24/*43;n/a;Indeterminate;none
*24/*43x2;n/a;Indeterminate;none
*24/*44;n/a;Indeterminate;none
*24/*45;n/a;Indeterminate;none
*24/*45x2;n/a;Indeterminate;none
*24/*46;n/a;Indeterminate;none
*24/*47;n/a;Indeterminate;none
*24/*48;n/a;Indeterminate;none
*24/*49;n/a;Indeterminate;none
*24/*50;n/a;Indeterminate;none
*24/*51;n/a;Indeterminate;none
*24/*52;n/a;Indeterminate;none
*24/*53;n/a;Indeterminate;none
*24/*54;n/a;Indeterminate;none
*24/*55;n/a;Indeterminate;none
*24/*56;n/a;Indeterminate;none
*24/*57;n/a;Indeterminate;none
*24/*58;n/a;Indeterminate;none
*24/*59;n/a;Indeterminate;none
*24/*60;n/a;Indeterminate;none
*24/*61;n/a;Indeterminate;none
*24/*62;n/a;Indeterminate;none
*24/*63;n/a;Indeterminate;none
*24/*64;n/a;Indeterminate;none
*24/*65;n/a;Indeterminate;none
*24/*68;n/a;Indeterminate;none
*24/*69;n/a;Indeterminate;none
*24/*70;n/a;Indeterminate;none
*24/*71;n/a;Indeterminate;none
*24/*72;n/a;Indeterminate;none
*24/*73;n/a;Indeterminate;none
*24/*74;n/a;Indeterminate;none
*24/*75;n/a;Indeterminate;none
*24/*81;n/a;Indeterminate;none
*24/*82;n/a;Indeterminate;none
*24/*83;n/a;Indeterminate;none
*24/*84;n/a;Indeterminate;none
*24/*85;n/a;Indeterminate;none
*24/*86;n/a;Indeterminate;none
*24/*87;n/a;Indeterminate;none
*24/*88;n/a;Indeterminate;none
*24/*89;n/a;Indeterminate;none
*24/*90;n/a;Indeterminate;none
*24/*91;n/a;Indeterminate;none
*24/*92;n/a;Indeterminate;none
*24/*93;n/a;Indeterminate;none
*24/*94;n/a;Indeterminate;none
*24/*95;n/a;Indeterminate;none
*24/*96;n/a;Indeterminate;none
*24/*97;n/a;Indeterminate;none
*24/*98;n/a;Indeterminate;none
*24/*99;n/a;Indeterminate;none
*24/*100;n/a;Indeterminate;none
*24/*101;n/a;Indeterminate;none
*24/*102;n/a;Indeterminate;none
*24/*103;n/a;Indeterminate;none
*24/*104;n/a;Indeterminate;none
*24/*105;n/a;Indeterminate;none
*24/*106;n/a;Indeterminate;none
*24/*107;n/a;Indeterminate;none
*24/*108;n/a;Indeterminate;none
*24/*109;n/a;Indeterminate;none
*24/*110;n/a;Indeterminate;none
*24/*111;n/a;Indeterminate;none
*24/*112;n/a;Indeterminate;none
*24/*113;n/a;Indeterminate;none
*24/*114;n/a;Indeterminate;none
*24/*115;n/a;Indeterminate;none
*24/*116;n/a;Indeterminate;none
*24/*117;n/a;Indeterminate;none
*24/*118;n/a;Indeterminate;none
*24/*119;n/a;Indeterminate;none
*24/*120;n/a;Indeterminate;none
*24/*121;n/a;Indeterminate;none
*24/*122;n/a;Indeterminate;none
*24/*123;n/a;Indeterminate;none
*24/*124;n/a;Indeterminate;none
*24/*125;n/a;Indeterminate;none
*24/*126;n/a;Indeterminate;none
*24/*127;n/a;Indeterminate;none
*24/*128;n/a;Indeterminate;none
*24/*129;n/a;Indeterminate;none
*24/*130;n/a;Indeterminate;none
*24/*131;n/a;Indeterminate;none
*24/*132;n/a;Indeterminate;none
*24/*133;n/a;Indeterminate;none
*24/*134;n/a;Indeterminate;none
*24/*135;n/a;Indeterminate;none
*24/*136;n/a;Indeterminate;none
*24/*137;n/a;Indeterminate;none
*24/*138;n/a;Indeterminate;none
*24/*139;n/a;Indeterminate;none
*24/*140;n/a;Indeterminate;none
*24/*141;n/a;Indeterminate;none
*24/*142;n/a;Indeterminate;none
*24/*143;n/a;Indeterminate;none
*24/*144;n/a;Indeterminate;none
*24/*145;n/a;Indeterminate;none
*24/*146;n/a;Indeterminate;none
*24/*146x2;n/a;Indeterminate;none
*24/*147;n/a;Indeterminate;none
*24/*148;n/a;Indeterminate;none
*24/*149;n/a;Indeterminate;none
*24/*152;n/a;Indeterminate;none
*24/*153;n/a;Indeterminate;none
*24/*154;n/a;Indeterminate;none
*24/*155;n/a;Indeterminate;none
*24/*156;n/a;Indeterminate;none
*24/*157;n/a;Indeterminate;none
*24/*158;n/a;Indeterminate;none
*24/*159;n/a;Indeterminate;none
*24/*160;n/a;Indeterminate;none
*24/*161;n/a;Indeterminate;none
*24/*162;n/a;Indeterminate;none
*24/*163;n/a;Indeterminate;none
*25/*25;n/a;Indeterminate;none
*25/*26;n/a;Indeterminate;none
*25/*27;n/a;Indeterminate;none
*25/*28;n/a;Indeterminate;none
*25/*29;n/a;Indeterminate;none
*25/*29x2;n/a;Indeterminate;none
*25/*30;n/a;Indeterminate;none
*25/*31;n/a;Indeterminate;none
*25/*32;n/a;Indeterminate;none
*25/*33;n/a;Indeterminate;none
*25/*34;n/a;Indeterminate;none
*25/*35;n/a;Indeterminate;none
*25/*35x2;n/a;Indeterminate;none
*25/*36;n/a;Indeterminate;none
*25/*36x2;n/a;Indeterminate;none
*25/*37;n/a;Indeterminate;none
*25/*38;n/a;Indeterminate;none
*25/*39;n/a;Indeterminate;none
*25/*40;n/a;Indeterminate;none
*25/*41;n/a;Indeterminate;none
*25/*41x2;n/a;Indeterminate;none
*25/*41x3;n/a;Indeterminate;none
*25/*42;n/a;Indeterminate;none
*25/*43;n/a;Indeterminate;none
*25/*43x2;n/a;Indeterminate;none
*25/*44;n/a;Indeterminate;none
*25/*45;n/a;Indeterminate;none
*25/*45x2;n/a;Indeterminate;none
*25/*46;n/a;Indeterminate;none
*25/*47;n/a;Indeterminate;none
*25/*48;n/a;Indeterminate;none
*25/*49;n/a;Indeterminate;none
*25/*50;n/a;Indeterminate;none
*25/*51;n/a;Indeterminate;none
*25/*52;n/a;Indeterminate;none
*25/*53;n/a;Indeterminate;none
*25/*54;n/a;Indeterminate;none
*25/*55;n/a;Indeterminate;none
*25/*56;n/a;Indeterminate;none
*25/*57;n/a;Indeterminate;none
*25/*58;n/a;Indeterminate;none
*25/*59;n/a;Indeterminate;none
*25/*60;n/a;Indeterminate;none
*25/*61;n/a;Indeterminate;none
*25/*62;n/a;Indeterminate;none
*25/*63;n/a;Indeterminate;none
*25/*64;n/a;Indeterminate;none
*25/*65;n/a;Indeterminate;none
*25/*68;n/a;Indeterminate;none
*25/*69;n/a;Indeterminate;none
*25/*70;n/a;Indeterminate;none
*25/*71;n/a;Indeterminate;none
*25/*72;n/a;Indeterminate;none
*25/*73;n/a;Indeterminate;none
*25/*74;n/a;Indeterminate;none
*25/*75;n/a;Indeterminate;none
*25/*81;n/a;Indeterminate;none
*25/*82;n/a;Indeterminate;none
*25/*83;n/a;Indeterminate;none
*25/*84;n/a;Indeterminate;none
*25/*85;n/a;Indeterminate;none
*25/*86;n/a;Indeterminate;none
*25/*87;n/a;Indeterminate;none
*25/*88;n/a;Indeterminate;none
*25/*89;n/a;Indeterminate;none
*25/*90;n/a;Indeterminate;none
*25/*91;n/a;Indeterminate;none
*25/*92;n/a;Indeterminate;none
*25/*93;n/a;Indeterminate;none
*25/*94;n/a;Indeterminate;none
*25/*95;n/a;Indeterminate;none
*25/*96;n/a;Indeterminate;none
*25/*97;n/a;Indeterminate;none
*25/*98;n/a;Indeterminate;none
*25/*99;n/a;Indeterminate;none
*25/*100;n/a;Indeterminate;none
*25/*101;n/a;Indeterminate;none
*25/*102;n/a;Indeterminate;none
*25/*103;n/a;Indeterminate;none
*25/*104;n/a;Indeterminate;none
*25/*105;n/a;Indeterminate;none
*25/*106;n/a;Indeterminate;none
*25/*107;n/a;Indeterminate;none
*25/*108;n/a;Indeterminate;none
*25/*109;n/a;Indeterminate;none
*25/*110;n/a;Indeterminate;none
*25/*111;n/a;Indeterminate;none
*25/*112;n/a;Indeterminate;none
*25/*113;n/a;Indeterminate;none
*25/*114;n/a;Indeterminate;none
*25/*115;n/a;Indeterminate;none
*25/*116;n/a;Indeterminate;none
*25/*117;n/a;Indeterminate;none
*25/*118;n/a;Indeterminate;none
*25/*119;n/a;Indeterminate;none
*25/*120;n/a;Indeterminate;none
*25/*121;n/a;Indeterminate;none
*25/*122;n/a;Indeterminate;none
*25/*123;n/a;Indeterminate;none
*25/*124;n/a;Indeterminate;none
*25/*125;n/a;Indeterminate;none
*25/*126;n/a;Indeterminate;none
*25/*127;n/a;Indeterminate;none
*25/*128;n/a;Indeterminate;none
*25/*129;n/a;Indeterminate;none
*25/*130;n/a;Indeterminate;none
*25/*131;n/a;Indeterminate;none
*25/*132;n/a;Indeterminate;none
*25/*133;n/a;Indeterminate;none
*25/*134;n/a;Indeterminate;none
*25/*135;n/a;Indeterminate;none
*25/*136;n/a;Indeterminate;none
*25/*137;n/a;Indeterminate;none
*25/*138;n/a;Indeterminate;none
*25/*139;n/a;Indeterminate;none
*25/*140;n/a;Indeterminate;none
*25/*141;n/a;Indeterminate;none
*25/*142;n/a;Indeterminate;none
*25/*143;n/a;Indeterminate;none
*25/*144;n/a;Indeterminate;none
*25/*145;n/a;Indeterminate;none
*25/*146;n/a;Indeterminate;none
*25/*146x2;n/a;Indeterminate;none
*25/*147;n/a;Indeterminate;none
*25/*148;n/a;Indeterminate;none
*25/*149;n/a;Indeterminate;none
*25/*152;n/a;Indeterminate;none
*25/*153;n/a;Indeterminate;none
*25/*154;n/a;Indeterminate;none
*25/*155;n/a;Indeterminate;none
*25/*156;n/a;Indeterminate;none
*25/*157;n/a;Indeterminate;none
*25/*158;n/a;Indeterminate;none
*25/*159;n/a;Indeterminate;none
*25/*160;n/a;Indeterminate;none
*25/*161;n/a;Indeterminate;none
*25/*162;n/a;Indeterminate;none
*25/*163;n/a;Indeterminate;none
*26/*26;n/a;Indeterminate;none
*26/*27;n/a;Indeterminate;none
*26/*28;n/a;Indeterminate;none
*26/*29;n/a;Indeterminate;none
*26/*29x2;n/a;Indeterminate;none
*26/*30;n/a;Indeterminate;none
*26/*31;n/a;Indeterminate;none
*26/*32;n/a;Indeterminate;none
*26/*33;n/a;Indeterminate;none
*26/*34;n/a;Indeterminate;none
*26/*35;n/a;Indeterminate;none
*26/*35x2;n/a;Indeterminate;none
*26/*36;n/a;Indeterminate;none
*26/*36x2;n/a;Indeterminate;none
*26/*37;n/a;Indeterminate;none
*26/*38;n/a;Indeterminate;none
*26/*39;n/a;Indeterminate;none
*26/*40;n/a;Indeterminate;none
*26/*41;n/a;Indeterminate;none
*26/*41x2;n/a;Indeterminate;none
*26/*41x3;n/a;Indeterminate;none
*26/*42;n/a;Indeterminate;none
*26/*43;n/a;Indeterminate;none
*26/*43x2;n/a;Indeterminate;none
*26/*44;n/a;Indeterminate;none
*26/*45;n/a;Indeterminate;none
*26/*45x2;n/a;Indeterminate;none
*26/*46;n/a;Indeterminate;none
*26/*47;n/a;Indeterminate;none
*26/*48;n/a;Indeterminate;none
*26/*49;n/a;Indeterminate;none
*26/*50;n/a;Indeterminate;none
*26/*51;n/a;Indeterminate;none
*26/*52;n/a;Indeterminate;none
*26/*53;n/a;Indeterminate;none
*26/*54;n/a;Indeterminate;none
*26/*55;n/a;Indeterminate;none
*26/*56;n/a;Indeterminate;none
*26/*57;n/a;Indeterminate;none
*26/*58;n/a;Indeterminate;none
*26/*59;n/a;Indeterminate;none
*26/*60;n/a;Indeterminate;none
*26/*61;n/a;Indeterminate;none
*26/*62;n/a;Indeterminate;none
*26/*63;n/a;Indeterminate;none
*26/*64;n/a;Indeterminate;none
*26/*65;n/a;Indeterminate;none
*26/*68;n/a;Indeterminate;none
*26/*69;n/a;Indeterminate;none
*26/*70;n/a;Indeterminate;none
*26/*71;n/a;Indeterminate;none
*26/*72;n/a;Indeterminate;none
*26/*73;n/a;Indeterminate;none
*26/*74;n/a;Indeterminate;none
*26/*75;n/a;Indeterminate;none
*26/*81;n/a;Indeterminate;none
*26/*82;n/a;Indeterminate;none
*26/*83;n/a;Indeterminate;none
*26/*84;n/a;Indeterminate;none
*26/*85;n/a;Indeterminate;none
*26/*86;n/a;Indeterminate;none
*26/*87;n/a;Indeterminate;none
*26/*88;n/a;Indeterminate;none
*26/*89;n/a;Indeterminate;none
*26/*90;n/a;Indeterminate;none
*26/*91;n/a;Indeterminate;none
*26/*92;n/a;Indeterminate;none
*26/*93;n/a;Indeterminate;none
*26/*94;n/a;Indeterminate;none
*26/*95;n/a;Indeterminate;none
*26/*96;n/a;Indeterminate;none
*26/*97;n/a;Indeterminate;none
*26/*98;n/a;Indeterminate;none
*26/*99;n/a;Indeterminate;none
*26/*100;n/a;Indeterminate;none
*26/*101;n/a;Indeterminate;none
*26/*102;n/a;Indeterminate;none
*26/*103;n/a;Indeterminate;none
*26/*104;n/a;Indeterminate;none
*26/*105;n/a;Indeterminate;none
*26/*106;n/a;Indeterminate;none
*26/*107;n/a;Indeterminate;none
*26/*108;n/a;Indeterminate;none
*26/*109;n/a;Indeterminate;none
*26/*110;n/a;Indeterminate;none
*26/*111;n/a;Indeterminate;none
*26/*112;n/a;Indeterminate;none
*26/*113;n/a;Indeterminate;none
*26/*114;n/a;Indeterminate;none
*26/*115;n/a;Indeterminate;none
*26/*116;n/a;Indeterminate;none
*26/*117;n/a;Indeterminate;none
*26/*118;n/a;Indeterminate;none
*26/*119;n/a;Indeterminate;none
*26/*120;n/a;Indeterminate;none
*26/*121;n/a;Indeterminate;none
*26/*122;n/a;Indeterminate;none
*26/*123;n/a;Indeterminate;none
*26/*124;n/a;Indeterminate;none
*26/*125;n/a;Indeterminate;none
*26/*126;n/a;Indeterminate;none
*26/*127;n/a;Indeterminate;none
*26/*128;n/a;Indeterminate;none
*26/*129;n/a;Indeterminate;none
*26/*130;n/a;Indeterminate;none
*26/*131;n/a;Indeterminate;none
*26/*132;n/a;Indeterminate;none
*26/*133;n/a;Indeterminate;none
*26/*134;n/a;Indeterminate;none
*26/*135;n/a;Indeterminate;none
*26/*136;n/a;Indeterminate;none
*26/*137;n/a;Indeterminate;none
*26/*138;n/a;Indeterminate;none
*26/*139;n/a;Indeterminate;none
*26/*140;n/a;Indeterminate;none
*26/*141;n/a;Indeterminate;none
*26/*142;n/a;Indeterminate;none
*26/*143;n/a;Indeterminate;none
*26/*144;n/a;Indeterminate;none
*26/*145;n/a;Indeterminate;none
*26/*146;n/a;Indeterminate;none
*26/*146x2;n/a;Indeterminate;none
*26/*147;n/a;Indeterminate;none
*26/*148;n/a;Indeterminate;none
*26/*149;n/a;Indeterminate;none
*26/*152;n/a;Indeterminate;none
*26/*153;n/a;Indeterminate;none
*26/*154;n/a;Indeterminate;none
*26/*155;n/a;Indeterminate;none
*26/*156;n/a;Indeterminate;none
*26/*157;n/a;Indeterminate;none
*26/*158;n/a;Indeterminate;none
*26/*159;n/a;Indeterminate;none
*26/*160;n/a;Indeterminate;none
*26/*161;n/a;Indeterminate;none
*26/*162;n/a;Indeterminate;none
*26/*163;n/a;Indeterminate;none
*27/*27;2.0;Normal Metabolizer;Normal/Routine/ Low Risk
*27/*28;n/a;Indeterminate;none
*27/*29;1.5;Normal Metabolizer;Normal/Routine/ Low Risk
*27/*29x2;2.0;Normal Metabolizer;Normal/Routine/ Low Risk
*27/*30;n/a;Indeterminate;none
*27/*31;1.0;Intermediate Metabolizer;Abnormal/Priority/High Risk
*27/*32;1.25;Normal Metabolizer;Normal/Routine/ Low Risk
*27/*33;2.0;Normal Metabolizer;Normal/Routine/ Low Risk
*27/*34;2.0;Normal Metabolizer;Normal/Routine/ Low Risk
*27/*35;2.0;Normal Metabolizer;Normal/Routine/ Low Risk
*27/*35x2;3.0;Ultrarapid Metabolizer;Abnormal/Priority/High Risk
*27/*36;1.0;Intermediate Metabolizer;Abnormal/Priority/High Risk
*27/*36x2;1.0;Intermediate Metabolizer;Abnormal/Priority/High Risk
*27/*37;n/a;Indeterminate;none
*27/*38;1.0;Intermediate Metabolizer;Abnormal/Priority/High Risk
*27/*39;2.0;Normal Metabolizer;Normal/Routine/ Low Risk
*27/*40;1.0;Intermediate Metabolizer;Abnormal/Priority/High Risk
*27/*41;1.25;Normal Metabolizer;Normal/Routine/ Low Risk
*27/*41x2;1.5;Normal Metabolizer;Normal/Routine/ Low Risk
*27/*41x3;1.75;Normal Metabolizer;Normal/Routine/ Low Risk
*27/*42;1.0;Intermediate Metabolizer;Abnormal/Priority/High Risk
*27/*43;n/a;Indeterminate;none
*27/*43x2;n/a;Indeterminate;none
*27/*44;1.0;Intermediate Metabolizer;Abnormal/Priority/High Risk
*27/*45;2.0;Normal Metabolizer;Normal/Routine/ Low Risk
*27/*45x2;3.0;Ultrarapid Metabolizer;Abnormal/Priority/High Risk
*27/*46;2.0;Normal Metabolizer;Normal/Routine/ Low Risk
*27/*47;1.0;Intermediate Metabolizer;Abnormal/Priority/High Risk
*27/*48;2.0;Normal Metabolizer;Normal/Routine/ Low Risk
*27/*49;1.5;Normal Metabolizer;Normal/Routine/ Low Risk
*27/*50;1.5;Normal Metabolizer;Normal/Routine/ Low Risk
*27/*51;1.0;Intermediate Metabolizer;Abnormal/Priority/High Risk
*27/*52;1.25;Normal Metabolizer;Normal/Routine/ Low Risk
*27/*53;2.0;Normal Metabolizer;Normal/Routine/ Low Risk
*27/*54;1.5;Normal Metabolizer;Normal/Routine/ Low Risk
*27/*55;1.5;Normal Metabolizer;Normal/Routine/ Low Risk
*27/*56;1.0;Intermediate Metabolizer;Abnormal/Priority/High Risk
*27/*57;1.0;Intermediate Metabolizer;Abnormal/Priority/High Risk
*27/*58;n/a;Indeterminate;none
*27/*59;1.5;Normal Metabolizer;Normal/Routine/ Low Risk
*27/*60;1.0;Intermediate Metabolizer;Abnormal/Priority/High Risk
*27/*61;n/a;Indeterminate;none
*27/*62;1.0;Intermediate Metabolizer;Abnormal/Priority/High Risk
*27/*63;n/a;Indeterminate;none
*27/*64;n/a;Indeterminate;none
*27/*65;n/a;Indeterminate;none
*27/*68;1.0;Intermediate Metabolizer;Abnormal/Priority/High Risk
*27/*69;1.0;Intermediate Metabolizer;Abnormal/Priority/High Risk
*27/*70;n/a;Indeterminate;none
*27/*71;n/a;Indeterminate;none
*27/*72;n/a;Indeterminate;none
*27/*73;n/a;Indeterminate;none
*27/*74;n/a;Indeterminate;none
*27/*75;n/a;Indeterminate;none
*27/*81;1.0;Intermediate Metabolizer;Abnormal/Priority/High Risk
*27/*82;n/a;Indeterminate;none
*27/*83;n/a;Indeterminate;none
*27/*84;n/a;Indeterminate;none
*27/*85;n/a;Indeterminate;none
*27/*86;n/a;Indeterminate;none
*27/*87;n/a;Indeterminate;none
*27/*88;n/a;Indeterminate;none
*27/*89;n/a;Indeterminate;none
*27/*90;n/a;Indeterminate;none
*27/*91;1.25;Normal Metabolizer;Normal/Routine/ Low Risk
*27/*92;1.0;Intermediate Metabolizer;Abnormal/Priority/High Risk
*27/*93;n/a;Indeterminate;none
*27/*94;n/a;Indeterminate;none
*27/*95;n/a;Indeterminate;none
*27/*96;1.0;Intermediate Metabolizer;Abnormal/Priority/High Risk
*27/*97;n/a;Indeterminate;none
*27/*98;n/a;Indeterminate;none
*27/*99;1.0;Intermediate Metabolizer;Abnormal/Priority/High Risk
*27/*100;1.0;Intermediate Metabolizer;Abnormal/Priority/High Risk
*27/*101;1.0;Intermediate Metabolizer;Abnormal/Priority/High Risk
*27/*102;n/a;Indeterminate;none
*27/*103;n/a;Indeterminate;none
*27/*104;n/a;Indeterminate;none
*27/*105;n/a;Indeterminate;none
*27/*106;n/a;Indeterminate;none
*27/*107;n/a;Indeterminate;none
*27/*108;n/a;Indeterminate;none
*27/*109;1.25;Normal Metabolizer;Normal/Routine/ Low Risk
*27/*110;n/a;Indeterminate;none
*27/*111;n/a;Indeterminate;none
*27/*112;n/a;Indeterminate;none
*27/*113;n/a;Indeterminate;none
*27/*114;1.0;Intermediate Metabolizer;Abnormal/Priority/High Risk
*27/*115;n/a;Indeterminate;none
*27/*116;n/a;Indeterminate;none
*27/*117;n/a;Indeterminate;none
*27/*118;n/a;Indeterminate;none
*27/*119;1.25;Normal Metabolizer;Normal/Routine/ Low Risk
*27/*120;1.0;Intermediate Metabolizer;Abnormal/Priority/High Risk
*27/*121;n/a;Indeterminate;none
*27/*122;n/a;Indeterminate;none
*27/*123;n/a;Indeterminate;none
*27/*124;1.0;Intermediate Metabolizer;Abnormal/Priority/High Risk
*27/*125;n/a;Indeterminate;none
*27/*126;n/a;Indeterminate;none
*27/*127;n/a;Indeterminate;none
*27/*128;n/a;Indeterminate;none
*27/*129;1.0;Intermediate Metabolizer;Abnormal/Priority/High Risk
*27/*130;n/a;Indeterminate;none
*27/*131;n/a;Indeterminate;none
*27/*132;1.25;Normal Metabolizer;Normal/Routine/ Low Risk
*27/*133;n/a;Indeterminate;none
*27/*134;n/a;Indeterminate;none
*27/*135;n/a;Indeterminate;none
*27/*136;n/a;Indeterminate;none
*27/*137;n/a;Indeterminate;none
*27/*138;n/a;Indeterminate;none
*27/*139;n/a;Indeterminate;none
*27/*140;n/a;Indeterminate;none
*27/*141;n/a;Indeterminate;none
*27/*142;n/a;Indeterminate;none
*27/*143;1.0;Intermediate Metabolizer;Abnormal/Priority/High Risk
*27/*144;1.0;Intermediate Metabolizer;Abnormal/Priority/High Risk
*27/*145;n/a;Indeterminate;none
*27/*146;n/a;Indeterminate;none
*27/*146x2;n/a;Indeterminate;none
*27/*147;n/a;Indeterminate;none
*27/*148;n/a;Indeterminate;none
*27/*149;n/a;Indeterminate;none
*27/*152;n/a;Indeterminate;none
*27/*153;n/a;Indeterminate;none
*27/*154;n/a;Indeterminate;none
*27/*155;n/a;Indeterminate;none
*27/*156;1.0;Intermediate Metabolizer;Abnormal/Priority/High Risk
*27/*157;n/a;Indeterminate;none
*27/*158;n/a;Indeterminate;none
*27/*159;n/a;Indeterminate;none
*27/*160;n/a;Indeterminate;none
*27/*161;1.0;Intermediate Metabolizer;Abnormal/Priority/High Risk
*27/*162;n/a;Indeterminate;none
*27/*163;n/a;Indeterminate;none
*28/*28;n/a;Indeterminate;none
*28/*29;n/a;Indeterminate;none
*28/*29x2;n/a;Indeterminate;none
*28/*30;n/a;Indeterminate;none
*28/*31;n/a;Indeterminate;none
*28/*32;n/a;Indeterminate;none
*28/*33;n/a;Indeterminate;none
*28/*34;n/a;Indeterminate;none
*28/*35;n/a;Indeterminate;none
*28/*35x2;n/a;Indeterminate;none
*28/*36;n/a;Indeterminate;none
*28/*36x2;n/a;Indeterminate;none
*28/*37;n/a;Indeterminate;none
*28/*38;n/a;Indeterminate;none
*28/*39;n/a;Indeterminate;none
*28/*40;n/a;Indeterminate;none
*28/*41;n/a;Indeterminate;none
*28/*41x2;n/a;Indeterminate;none
*28/*41x3;n/a;Indeterminate;none
*28/*42;n/a;Indeterminate;none
*28/*43;n/a;Indeterminate;none
*28/*43x2;n/a;Indeterminate;none
*28/*44;n/a;Indeterminate;none
*28/*45;n/a;Indeterminate;none
*28/*45x2;n/a;Indeterminate;none
*28/*46;n/a;Indeterminate;none
*28/*47;n/a;Indeterminate;none
*28/*48;n/a;Indeterminate;none
*28/*49;n/a;Indeterminate;none
*28/*50;n/a;Indeterminate;none
*28/*51;n/a;Indeterminate;none
*28/*52;n/a;Indeterminate;none
*28/*53;n/a;Indeterminate;none
*28/*54;n/a;Indeterminate;none
*28/*55;n/a;Indeterminate;none
*28/*56;n/a;Indeterminate;none
*28/*57;n/a;Indeterminate;none
*28/*58;n/a;Indeterminate;none
*28/*59;n/a;Indeterminate;none
*28/*60;n/a;Indeterminate;none
*28/*61;n/a;Indeterminate;none
*28/*62;n/a;Indeterminate;none
*28/*63;n/a;Indeterminate;none
*28/*64;n/a;Indeterminate;none
*28/*65;n/a;Indeterminate;none
*28/*68;n/a;Indeterminate;none
*28/*69;n/a;Indeterminate;none
*28/*70;n/a;Indeterminate;none
*28/*71;n/a;Indeterminate;none
*28/*72;n/a;Indeterminate;none
*28/*73;n/a;Indeterminate;none
*28/*74;n/a;Indeterminate;none
*28/*75;n/a;Indeterminate;none
*28/*81;n/a;Indeterminate;none
*28/*82;n/a;Indeterminate;none
*28/*83;n/a;Indeterminate;none
*28/*84;n/a;Indeterminate;none
*28/*85;n/a;Indeterminate;none
*28/*86;n/a;Indeterminate;none
*28/*87;n/a;Indeterminate;none
*28/*88;n/a;Indeterminate;none
*28/*89;n/a;Indeterminate;none
*28/*90;n/a;Indeterminate;none
*28/*91;n/a;Indeterminate;none
*28/*92;n/a;Indeterminate;none
*28/*93;n/a;Indeterminate;none
*28/*94;n/a;Indeterminate;none
*28/*95;n/a;Indeterminate;none
*28/*96;n/a;Indeterminate;none
*28/*97;n/a;Indeterminate;none
*28/*98;n/a;Indeterminate;none
*28/*99;n/a;Indeterminate;none
*28/*100;n/a;Indeterminate;none
*28/*101;n/a;Indeterminate;none
*28/*102;n/a;Indeterminate;none
*28/*103;n/a;Indeterminate;none
*28/*104;n/a;Indeterminate;none
*28/*105;n/a;Indeterminate;none
*28/*106;n/a;Indeterminate;none
*28/*107;n/a;Indeterminate;none
*28/*108;n/a;Indeterminate;none
*28/*109;n/a;Indeterminate;none
*28/*110;n/a;Indeterminate;none
*28/*111;n/a;Indeterminate;none
*28/*112;n/a;Indeterminate;none
*28/*113;n/a;Indeterminate;none
*28/*114;n/a;Indeterminate;none
*28/*115;n/a;Indeterminate;none
*28/*116;n/a;Indeterminate;none
*28/*117;n/a;Indeterminate;none
*28/*118;n/a;Indeterminate;none
*28/*119;n/a;Indeterminate;none
*28/*120;n/a;Indeterminate;none
*28/*121;n/a;Indeterminate;none
*28/*122;n/a;Indeterminate;none
*28/*123;n/a;Indeterminate;none
*28/*124;n/a;Indeterminate;none
*28/*125;n/a;Indeterminate;none
*28/*126;n/a;Indeterminate;none
*28/*127;n/a;Indeterminate;none
*28/*128;n/a;Indeterminate;none
*28/*129;n/a;Indeterminate;none
*28/*130;n/a;Indeterminate;none
*28/*131;n/a;Indeterminate;none
*28/*132;n/a;Indeterminate;none
*28/*133;n/a;Indeterminate;none
*28/*134;n/a;Indeterminate;none
*28/*135;n/a;Indeterminate;none
*28/*136;n/a;Indeterminate;none
*28/*137;n/a;Indeterminate;none
*28/*138;n/a;Indeterminate;none
*28/*139;n/a;Indeterminate;none
*28/*140;n/a;Indeterminate;none
*28/*141;n/a;Indeterminate;none
*28/*142;n/a;Indeterminate;none
*28/*143;n/a;Indeterminate;none
*28/*144;n/a;Indeterminate;none
*28/*145;n/a;Indeterminate;none
*28/*146;n/a;Indeterminate;none
*28/*146x2;n/a;Indeterminate;none
*28/*147;n/a;Indeterminate;none
*28/*148;n/a;Indeterminate;none
*28/*149;n/a;Indeterminate;none
*28/*152;n/a;Indeterminate;none
*28/*153;n/a;Indeterminate;none
*28/*154;n/a;Indeterminate;none
*28/*155;n/a;Indeterminate;none
*28/*156;n/a;Indeterminate;none
*28/*157;n/a;Indeterminate;none
*28/*158;n/a;Indeterminate;none
*28/*159;n/a;Indeterminate;none
*28/*160;n/a;Indeterminate;none
*28/*161;n/a;Indeterminate;none
*28/*162;n/a;Indeterminate;none
*28/*163;n/a;Indeterminate;none
*29/*29;1.0;Intermediate Metabolizer;Abnormal/Priority/High Risk
*29/*29x2;1.5;Normal Metabolizer;Normal/Routine/ Low Risk
*29/*30;n/a;Indeterminate;none
*29/*31;0.5;Intermediate Metabolizer;Abnormal/Priority/High Risk
*29/*32;0.75;Intermediate Metabolizer;Abnormal/Priority/High Risk
*29/*33;1.5;Normal Metabolizer;Normal/Routine/ Low Risk
*29/*34;1.5;Normal Metabolizer;Normal/Routine/ Low Risk
*29/*35;1.5;Normal Metabolizer;Normal/Routine/ Low Risk
*29/*35x2;2.5;Ultrarapid Metabolizer;Abnormal/Priority/High Risk
*29/*36;0.5;Intermediate Metabolizer;Abnormal/Priority/High Risk
*29/*36x2;0.5;Intermediate Metabolizer;Abnormal/Priority/High Risk
*29/*37;n/a;Indeterminate;none
*29/*38;0.5;Intermediate Metabolizer;Abnormal/Priority/High Risk
*29/*39;1.5;Normal Metabolizer;Normal/Routine/ Low Risk
*29/*40;0.5;Intermediate Metabolizer;Abnormal/Priority/High Risk
*29/*41;0.75;Intermediate Metabolizer;Abnormal/Priority/High Risk
*29/*41x2;1.0;Intermediate Metabolizer;Abnormal/Priority/High Risk
*29/*41x3;1.25;Normal Metabolizer;Normal/Routine/ Low Risk
*29/*42;0.5;Intermediate Metabolizer;Abnormal/Priority/High Risk
*29/*43;n/a;Indeterminate;none
*29/*43x2;n/a;Indeterminate;none
*29/*44;0.5;Intermediate Metabolizer;Abnormal/Priority/High Risk
*29/*45;1.5;Normal Metabolizer;Normal/Routine/ Low Risk
*29/*45x2;2.5;Ultrarapid Metabolizer;Abnormal/Priority/High Risk
*29/*46;1.5;Normal Metabolizer;Normal/Routine/ Low Risk
*29/*47;0.5;Intermediate Metabolizer;Abnormal/Priority/High Risk
*29/*48;1.5;Normal Metabolizer;Normal/Routine/ Low Risk
*29/*49;1.0;Intermediate Metabolizer;Abnormal/Priority/High Risk
*29/*50;1.0;Intermediate Metabolizer;Abnormal/Priority/High Risk
*29/*51;0.5;Intermediate Metabolizer;Abnormal/Priority/High Risk
*29/*52;0.75;Intermediate Metabolizer;Abnormal/Priority/High Risk
*29/*53;1.5;Normal Metabolizer;Normal/Routine/ Low Risk
*29/*54;1.0;Intermediate Metabolizer;Abnormal/Priority/High Risk
*29/*55;1.0;Intermediate Metabolizer;Abnormal/Priority/High Risk
*29/*56;0.5;Intermediate Metabolizer;Abnormal/Priority/High Risk
*29/*57;0.5;Intermediate Metabolizer;Abnormal/Priority/High Risk
*29/*58;n/a;Indeterminate;none
*29/*59;1.0;Intermediate Metabolizer;Abnormal/Priority/High Risk
*29/*60;0.5;Intermediate Metabolizer;Abnormal/Priority/High Risk
*29/*61;n/a;Indeterminate;none
*29/*62;0.5;Intermediate Metabolizer;Abnormal/Priority/High Risk
*29/*63;n/a;Indeterminate;none
*29/*64;n/a;Indeterminate;none
*29/*65;n/a;Indeterminate;none
*29/*68;0.5;Intermediate Metabolizer;Abnormal/Priority/High Risk
*29/*69;0.5;Intermediate Metabolizer;Abnormal/Priority/High Risk
*29/*70;n/a;Indeterminate;none
*29/*71;n/a;Indeterminate;none
*29/*72;n/a;Indeterminate;none
*29/*73;n/a;Indeterminate;none
*29/*74;n/a;Indeterminate;none
*29/*75;n/a;Indeterminate;none
*29/*81;0.5;Intermediate Metabolizer;Abnormal/Priority/High Risk
*29/*82;n/a;Indeterminate;none
*29/*83;n/a;Indeterminate;none
*29/*84;n/a;Indeterminate;none
*29/*85;n/a;Indeterminate;none
*29/*86;n/a;Indeterminate;none
*29/*87;n/a;Indeterminate;none
*29/*88;n/a;Indeterminate;none
*29/*89;n/a;Indeterminate;none
*29/*90;n/a;Indeterminate;none
*29/*91;0.75;Intermediate Metabolizer;Abnormal/Priority/High Risk
*29/*92;0.5;Intermediate Metabolizer;Abnormal/Priority/High Risk
*29/*93;n/a;Indeterminate;none
*29/*94;n/a;Indeterminate;none
*29/*95;n/a;Indeterminate;none
*29/*96;0.5;Intermediate Metabolizer;Abnormal/Priority/High Risk
*29/*97;n/a;Indeterminate;none
*29/*98;n/a;Indeterminate;none
*29/*99;0.5;Intermediate Metabolizer;Abnormal/Priority/High Risk
*29/*100;0.5;Intermediate Metabolizer;Abnormal/Priority/High Risk
*29/*101;0.5;Intermediate Metabolizer;Abnormal/Priority/High Risk
*29/*102;n/a;Indeterminate;none
*29/*103;n/a;Indeterminate;none
*29/*104;n/a;Indeterminate;none
*29/*105;n/a;Indeterminate;none
*29/*106;n/a;Indeterminate;none
*29/*107;n/a;Indeterminate;none
*29/*108;n/a;Indeterminate;none
*29/*109;0.75;Intermediate Metabolizer;Abnormal/Priority/High Risk
*29/*110;n/a;Indeterminate;none
*29/*111;n/a;Indeterminate;none
*29/*112;n/a;Indeterminate;none
*29/*113;n/a;Indeterminate;none
*29/*114;0.5;Intermediate Metabolizer;Abnormal/Priority/High Risk
*29/*115;n/a;Indeterminate;none
*29/*116;n/a;Indeterminate;none
*29/*117;n/a;Indeterminate;none
*29/*118;n/a;Indeterminate;none
*29/*119;0.75;Intermediate Metabolizer;Abnormal/Priority/High Risk
*29/*120;0.5;Intermediate Metabolizer;Abnormal/Priority/High Risk
*29/*121;n/a;Indeterminate;none
*29/*122;n/a;Indeterminate;none
*29/*123;n/a;Indeterminate;none
*29/*124;0.5;Intermediate Metabolizer;Abnormal/Priority/High Risk
*29/*125;n/a;Indeterminate;none
*29/*126;n/a;Indeterminate;none
*29/*127;n/a;Indeterminate;none
*29/*128;n/a;Indeterminate;none
*29/*129;0.5;Intermediate Metabolizer;Abnormal/Priority/High Risk
*29/*130;n/a;Indeterminate;none
*29/*131;n/a;Indeterminate;none
*29/*132;0.75;Intermediate Metabolizer;Abnormal/Priority/High Risk
*29/*133;n/a;Indeterminate;none
*29/*134;n/a;Indeterminate;none
*29/*135;n/a;Indeterminate;none
*29/*136;n/a;Indeterminate;none
*29/*137;n/a;Indeterminate;none
*29/*138;n/a;Indeterminate;none
*29/*139;n/a;Indeterminate;none
*29/*140;n/a;Indeterminate;none
*29/*141;n/a;Indeterminate;none
*29/*142;n/a;Indeterminate;none
*29/*143;0.5;Intermediate Metabolizer;Abnormal/Priority/High Risk
*29/*144;0.5;Intermediate Metabolizer;Abnormal/Priority/High Risk
*29/*145;n/a;Indeterminate;none
*29/*146;n/a;Indeterminate;none
*29/*146x2;n/a;Indeterminate;none
*29/*147;n/a;Indeterminate;none
*29/*148;n/a;Indeterminate;none
*29/*149;n/a;Indeterminate;none
*29/*152;n/a;Indeterminate;none
*29/*153;n/a;Indeterminate;none
*29/*154;n/a;Indeterminate;none
*29/*155;n/a;Indeterminate;none
*29/*156;0.5;Intermediate Metabolizer;Abnormal/Priority/High Risk
*29/*157;n/a;Indeterminate;none
*29/*158;n/a;Indeterminate;none
*29/*159;n/a;Indeterminate;none
*29/*160;n/a;Indeterminate;none
*29/*161;0.5;Intermediate Metabolizer;Abnormal/Priority/High Risk
*29/*162;n/a;Indeterminate;none
*29/*163;n/a;Indeterminate;none
*29x2/*29x2;2.0;Normal Metabolizer;Normal/Routine/ Low Risk
*29x2/*30;n/a;Indeterminate;none
*29x2/*31;1.0;Intermediate Metabolizer;Abnormal/Priority/High Risk
*29x2/*32;1.25;Normal Metabolizer;Normal/Routine/ Low Risk
*29x2/*33;2.0;Normal Metabolizer;Normal/Routine/ Low Risk
*29x2/*34;2.0;Normal Metabolizer;Normal/Routine/ Low Risk
*29x2/*35;2.0;Normal Metabolizer;Normal/Routine/ Low Risk
*29x2/*35x2;3.0;Ultrarapid Metabolizer;Abnormal/Priority/High Risk
*29x2/*36;1.0;Intermediate Metabolizer;Abnormal/Priority/High Risk
*29x2/*36x2;1.0;Intermediate Metabolizer;Abnormal/Priority/High Risk
*29x2/*37;n/a;Indeterminate;none
*29x2/*38;1.0;Intermediate Metabolizer;Abnormal/Priority/High Risk
*29x2/*39;2.0;Normal Metabolizer;Normal/Routine/ Low Risk
*29x2/*40;1.0;Intermediate Metabolizer;Abnormal/Priority/High Risk
*29x2/*41;1.25;Normal Metabolizer;Normal/Routine/ Low Risk
*29x2/*41x2;1.5;Normal Metabolizer;Normal/Routine/ Low Risk
*29x2/*41x3;1.75;Normal Metabolizer;Normal/Routine/ Low Risk
*29x2/*42;1.0;Intermediate Metabolizer;Abnormal/Priority/High Risk
*29x2/*43;n/a;Indeterminate;none
*29x2/*43x2;n/a;Indeterminate;none
*29x2/*44;1.0;Intermediate Metabolizer;Abnormal/Priority/High Risk
*29x2/*45;2.0;Normal Metabolizer;Normal/Routine/ Low Risk
*29x2/*45x2;3.0;Ultrarapid Metabolizer;Abnormal/Priority/High Risk
*29x2/*46;2.0;Normal Metabolizer;Normal/Routine/ Low Risk
*29x2/*47;1.0;Intermediate Metabolizer;Abnormal/Priority/High Risk
*29x2/*48;2.0;Normal Metabolizer;Normal/Routine/ Low Risk
*29x2/*49;1.5;Normal Metabolizer;Normal/Routine/ Low Risk
*29x2/*50;1.5;Normal Metabolizer;Normal/Routine/ Low Risk
*29x2/*51;1.0;Intermediate Metabolizer;Abnormal/Priority/High Risk
*29x2/*52;1.25;Normal Metabolizer;Normal/Routine/ Low Risk
*29x2/*53;2.0;Normal Metabolizer;Normal/Routine/ Low Risk
*29x2/*54;1.5;Normal Metabolizer;Normal/Routine/ Low Risk
*29x2/*55;1.5;Normal Metabolizer;Normal/Routine/ Low Risk
*29x2/*56;1.0;Intermediate Metabolizer;Abnormal/Priority/High Risk
*29x2/*57;1.0;Intermediate Metabolizer;Abnormal/Priority/High Risk
*29x2/*58;n/a;Indeterminate;none
*29x2/*59;1.5;Normal Metabolizer;Normal/Routine/ Low Risk
*29x2/*60;1.0;Intermediate Metabolizer;Abnormal/Priority/High Risk
*29x2/*61;n/a;Indeterminate;none
*29x2/*62;1.0;Intermediate Metabolizer;Abnormal/Priority/High Risk
*29x2/*63;n/a;Indeterminate;none
*29x2/*64;n/a;Indeterminate;none
*29x2/*65;n/a;Indeterminate;none
*29x2/*68;1.0;Intermediate Metabolizer;Abnormal/Priority/High Risk
*29x2/*69;1.0;Intermediate Metabolizer;Abnormal/Priority/High Risk
*29x2/*70;n/a;Indeterminate;none
*29x2/*71;n/a;Indeterminate;none
*29x2/*72;n/a;Indeterminate;none
*29x2/*73;n/a;Indeterminate;none
*29x2/*74;n/a;Indeterminate;none
*29x2/*75;n/a;Indeterminate;none
*29x2/*81;1.0;Intermediate Metabolizer;Abnormal/Priority/High Risk
*29x2/*82;n/a;Indeterminate;none
*29x2/*83;n/a;Indeterminate;none
*29x2/*84;n/a;Indeterminate;none
*29x2/*85;n/a;Indeterminate;none
*29x2/*86;n/a;Indeterminate;none
*29x2/*87;n/a;Indeterminate;none
*29x2/*88;n/a;Indeterminate;none
*29x2/*89;n/a;Indeterminate;none
*29x2/*90;n/a;Indeterminate;none
*29x2/*91;1.25;Normal Metabolizer;Normal/Routine/ Low Risk
*29x2/*92;1.0;Intermediate Metabolizer;Abnormal/Priority/High Risk
*29x2/*93;n/a;Indeterminate;none
*29x2/*94;n/a;Indeterminate;none
*29x2/*95;n/a;Indeterminate;none
*29x2/*96;1.0;Intermediate Metabolizer;Abnormal/Priority/High Risk
*29x2/*97;n/a;Indeterminate;none
*29x2/*98;n/a;Indeterminate;none
*29x2/*99;1.0;Intermediate Metabolizer;Abnormal/Priority/High Risk
*29x2/*100;1.0;Intermediate Metabolizer;Abnormal/Priority/High Risk
*29x2/*101;1.0;Intermediate Metabolizer;Abnormal/Priority/High Risk
*29x2/*102;n/a;Indeterminate;none
*29x2/*103;n/a;Indeterminate;none
*29x2/*104;n/a;Indeterminate;none
*29x2/*105;n/a;Indeterminate;none
*29x2/*106;n/a;Indeterminate;none
*29x2/*107;n/a;Indeterminate;none
*29x2/*108;n/a;Indeterminate;none
*29x2/*109;1.25;Normal Metabolizer;Normal/Routine/ Low Risk
*29x2/*110;n/a;Indeterminate;none
*29x2/*111;n/a;Indeterminate;none
*29x2/*112;n/a;Indeterminate;none
*29x2/*113;n/a;Indeterminate;none
*29x2/*114;1.0;Intermediate Metabolizer;Abnormal/Priority/High Risk
*29x2/*115;n/a;Indeterminate;none
*29x2/*116;n/a;Indeterminate;none
*29x2/*117;n/a;Indeterminate;none
*29x2/*118;n/a;Indeterminate;none
*29x2/*119;1.25;Normal Metabolizer;Normal/Routine/ Low Risk
*29x2/*120;1.0;Intermediate Metabolizer;Abnormal/Priority/High Risk
*29x2/*121;n/a;Indeterminate;none
*29x2/*122;n/a;Indeterminate;none
*29x2/*123;n/a;Indeterminate;none
*29x2/*124;1.0;Intermediate Metabolizer;Abnormal/Priority/High Risk
*29x2/*125;n/a;Indeterminate;none
*29x2/*126;n/a;Indeterminate;none
*29x2/*127;n/a;Indeterminate;none
*29x2/*128;n/a;Indeterminate;none
*29x2/*129;1.0;Intermediate Metabolizer;Abnormal/Priority/High Risk
*29x2/*130;n/a;Indeterminate;none
*29x2/*131;n/a;Indeterminate;none
*29x2/*132;1.25;Normal Metabolizer;Normal/Routine/ Low Risk
*29x2/*133;n/a;Indeterminate;none
*29x2/*134;n/a;Indeterminate;none
*29x2/*135;n/a;Indeterminate;none
*29x2/*136;n/a;Indeterminate;none
*29x2/*137;n/a;Indeterminate;none
*29x2/*138;n/a;Indeterminate;none
*29x2/*139;n/a;Indeterminate;none
*29x2/*140;n/a;Indeterminate;none
*29x2/*141;n/a;Indeterminate;none
*29x2/*142;n/a;Indeterminate;none
*29x2/*143;1.0;Intermediate Metabolizer;Abnormal/Priority/High Risk
*29x2/*144;1.0;Intermediate Metabolizer;Abnormal/Priority/High Risk
*29x2/*145;n/a;Indeterminate;none
*29x2/*146;n/a;Indeterminate;none
*29x2/*146x2;n/a;Indeterminate;none
*29x2/*147;n/a;Indeterminate;none
*29x2/*148;n/a;Indeterminate;none
*29x2/*149;n/a;Indeterminate;none
*29x2/*152;n/a;Indeterminate;none
*29x2/*153;n/a;Indeterminate;none
*29x2/*154;n/a;Indeterminate;none
*29x2/*155;n/a;Indeterminate;none
*29x2/*156;1.0;Intermediate Metabolizer;Abnormal/Priority/High Risk
*29x2/*157;n/a;Indeterminate;none
*29x2/*158;n/a;Indeterminate;none
*29x2/*159;n/a;Indeterminate;none
*29x2/*160;n/a;Indeterminate;none
*29x2/*161;1.0;Intermediate Metabolizer;Abnormal/Priority/High Risk
*29x2/*162;n/a;Indeterminate;none
*29x2/*163;n/a;Indeterminate;none
*30/*30;n/a;Indeterminate;none
*30/*31;n/a;Indeterminate;none
*30/*32;n/a;Indeterminate;none
*30/*33;n/a;Indeterminate;none
*30/*34;n/a;Indeterminate;none
*30/*35;n/a;Indeterminate;none
*30/*35x2;n/a;Indeterminate;none
*30/*36;n/a;Indeterminate;none
*30/*36x2;n/a;Indeterminate;none
*30/*37;n/a;Indeterminate;none
*30/*38;n/a;Indeterminate;none
*30/*39;n/a;Indeterminate;none
*30/*40;n/a;Indeterminate;none
*30/*41;n/a;Indeterminate;none
*30/*41x2;n/a;Indeterminate;none
*30/*41x3;n/a;Indeterminate;none
*30/*42;n/a;Indeterminate;none
*30/*43;n/a;Indeterminate;none
*30/*43x2;n/a;Indeterminate;none
*30/*44;n/a;Indeterminate;none
*30/*45;n/a;Indeterminate;none
*30/*45x2;n/a;Indeterminate;none
*30/*46;n/a;Indeterminate;none
*30/*47;n/a;Indeterminate;none
*30/*48;n/a;Indeterminate;none
*30/*49;n/a;Indeterminate;none
*30/*50;n/a;Indeterminate;none
*30/*51;n/a;Indeterminate;none
*30/*52;n/a;Indeterminate;none
*30/*53;n/a;Indeterminate;none
*30/*54;n/a;Indeterminate;none
*30/*55;n/a;Indeterminate;none
*30/*56;n/a;Indeterminate;none
*30/*57;n/a;Indeterminate;none
*30/*58;n/a;Indeterminate;none
*30/*59;n/a;Indeterminate;none
*30/*60;n/a;Indeterminate;none
*30/*61;n/a;Indeterminate;none
*30/*62;n/a;Indeterminate;none
*30/*63;n/a;Indeterminate;none
*30/*64;n/a;Indeterminate;none
*30/*65;n/a;Indeterminate;none
*30/*68;n/a;Indeterminate;none
*30/*69;n/a;Indeterminate;none
*30/*70;n/a;Indeterminate;none
*30/*71;n/a;Indeterminate;none
*30/*72;n/a;Indeterminate;none
*30/*73;n/a;Indeterminate;none
*30/*74;n/a;Indeterminate;none
*30/*75;n/a;Indeterminate;none
*30/*81;n/a;Indeterminate;none
*30/*82;n/a;Indeterminate;none
*30/*83;n/a;Indeterminate;none
*30/*84;n/a;Indeterminate;none
*30/*85;n/a;Indeterminate;none
*30/*86;n/a;Indeterminate;none
*30/*87;n/a;Indeterminate;none
*30/*88;n/a;Indeterminate;none
*30/*89;n/a;Indeterminate;none
*30/*90;n/a;Indeterminate;none
*30/*91;n/a;Indeterminate;none
*30/*92;n/a;Indeterminate;none
*30/*93;n/a;Indeterminate;none
*30/*94;n/a;Indeterminate;none
*30/*95;n/a;Indeterminate;none
*30/*96;n/a;Indeterminate;none
*30/*97;n/a;Indeterminate;none
*30/*98;n/a;Indeterminate;none
*30/*99;n/a;Indeterminate;none
*30/*100;n/a;Indeterminate;none
*30/*101;n/a;Indeterminate;none
*30/*102;n/a;Indeterminate;none
*30/*103;n/a;Indeterminate;none
*30/*104;n/a;Indeterminate;none
*30/*105;n/a;Indeterminate;none
*30/*106;n/a;Indeterminate;none
*30/*107;n/a;Indeterminate;none
*30/*108;n/a;Indeterminate;none
*30/*109;n/a;Indeterminate;none
*30/*110;n/a;Indeterminate;none
*30/*111;n/a;Indeterminate;none
*30/*112;n/a;Indeterminate;none
*30/*113;n/a;Indeterminate;none
*30/*114;n/a;Indeterminate;none
*30/*115;n/a;Indeterminate;none
*30/*116;n/a;Indeterminate;none
*30/*117;n/a;Indeterminate;none
*30/*118;n/a;Indeterminate;none
*30/*119;n/a;Indeterminate;none
*30/*120;n/a;Indeterminate;none
*30/*121;n/a;Indeterminate;none
*30/*122;n/a;Indeterminate;none
*30/*123;n/a;Indeterminate;none
*30/*124;n/a;Indeterminate;none
*30/*125;n/a;Indeterminate;none
*30/*126;n/a;Indeterminate;none
*30/*127;n/a;Indeterminate;none
*30/*128;n/a;Indeterminate;none
*30/*129;n/a;Indeterminate;none
*30/*130;n/a;Indeterminate;none
*30/*131;n/a;Indeterminate;none
*30/*132;n/a;Indeterminate;none
*30/*133;n/a;Indeterminate;none
*30/*134;n/a;Indeterminate;none
*30/*135;n/a;Indeterminate;none
*30/*136;n/a;Indeterminate;none
*30/*137;n/a;Indeterminate;none
*30/*138;n/a;Indeterminate;none
*30/*139;n/a;Indeterminate;none
*30/*140;n/a;Indeterminate;none
*30/*141;n/a;Indeterminate;none
*30/*142;n/a;Indeterminate;none
*30/*143;n/a;Indeterminate;none
*30/*144;n/a;Indeterminate;none
*30/*145;n/a;Indeterminate;none
*30/*146;n/a;Indeterminate;none
*30/*146x2;n/a;Indeterminate;none
*30/*147;n/a;Indeterminate;none
*30/*148;n/a;Indeterminate;none
*30/*149;n/a;Indeterminate;none
*30/*152;n/a;Indeterminate;none
*30/*153;n/a;Indeterminate;none
*30/*154;n/a;Indeterminate;none
*30/*155;n/a;Indeterminate;none
*30/*156;n/a;Indeterminate;none
*30/*157;n/a;Indeterminate;none
*30/*158;n/a;Indeterminate;none
*30/*159;n/a;Indeterminate;none
*30/*160;n/a;Indeterminate;none
*30/*161;n/a;Indeterminate;none
*30/*162;n/a;Indeterminate;none
*30/*163;n/a;Indeterminate;none
*31/*31;0.0;Poor Metabolizer;Abnormal/Priority/High Risk
*31/*32;0.25;Intermediate Metabolizer;Abnormal/Priority/High Risk
*31/*33;1.0;Intermediate Metabolizer;Abnormal/Priority/High Risk
*31/*34;1.0;Intermediate Metabolizer;Abnormal/Priority/High Risk
*31/*35;1.0;Intermediate Metabolizer;Abnormal/Priority/High Risk
*31/*35x2;2.0;Normal Metabolizer;Normal/Routine/ Low Risk
*31/*36;0.0;Poor Metabolizer;Abnormal/Priority/High Risk
*31/*36x2;0.0;Poor Metabolizer;Abnormal/Priority/High Risk
*31/*37;n/a;Indeterminate;none
*31/*38;0.0;Poor Metabolizer;Abnormal/Priority/High Risk
*31/*39;1.0;Intermediate Metabolizer;Abnormal/Priority/High Risk
*31/*40;0.0;Poor Metabolizer;Abnormal/Priority/High Risk
*31/*41;0.25;Intermediate Metabolizer;Abnormal/Priority/High Risk
*31/*41x2;0.5;Intermediate Metabolizer;Abnormal/Priority/High Risk
*31/*41x3;0.75;Intermediate Metabolizer;Abnormal/Priority/High Risk
*31/*42;0.0;Poor Metabolizer;Abnormal/Priority/High Risk
*31/*43;n/a;Indeterminate;none
*31/*43x2;n/a;Indeterminate;none
*31/*44;0.0;Poor Metabolizer;Abnormal/Priority/High Risk
*31/*45;1.0;Intermediate Metabolizer;Abnormal/Priority/High Risk
*31/*45x2;2.0;Normal Metabolizer;Normal/Routine/ Low Risk
*31/*46;1.0;Intermediate Metabolizer;Abnormal/Priority/High Risk
*31/*47;0.0;Poor Metabolizer;Abnormal/Priority/High Risk
*31/*48;1.0;Intermediate Metabolizer;Abnormal/Priority/High Risk
*31/*49;0.5;Intermediate Metabolizer;Abnormal/Priority/High Risk
*31/*50;0.5;Intermediate Metabolizer;Abnormal/Priority/High Risk
*31/*51;0.0;Poor Metabolizer;Abnormal/Priority/High Risk
*31/*52;0.25;Intermediate Metabolizer;Abnormal/Priority/High Risk
*31/*53;1.0;Intermediate Metabolizer;Abnormal/Priority/High Risk
*31/*54;0.5;Intermediate Metabolizer;Abnormal/Priority/High Risk
*31/*55;0.5;Intermediate Metabolizer;Abnormal/Priority/High Risk
*31/*56;0.0;Poor Metabolizer;Abnormal/Priority/High Risk
*31/*57;0.0;Poor Metabolizer;Abnormal/Priority/High Risk
*31/*58;n/a;Indeterminate;none
*31/*59;0.5;Intermediate Metabolizer;Abnormal/Priority/High Risk
*31/*60;0.0;Poor Metabolizer;Abnormal/Priority/High Risk
*31/*61;n/a;Indeterminate;none
*31/*62;0.0;Poor Metabolizer;Abnormal/Priority/High Risk
*31/*63;n/a;Indeterminate;none
*31/*64;n/a;Indeterminate;none
*31/*65;n/a;Indeterminate;none
*31/*68;0.0;Poor Metabolizer;Abnormal/Priority/High Risk
*31/*69;0.0;Poor Metabolizer;Abnormal/Priority/High Risk
*31/*70;n/a;Indeterminate;none
*31/*71;n/a;Indeterminate;none
*31/*72;n/a;Indeterminate;none
*31/*73;n/a;Indeterminate;none
*31/*74;n/a;Indeterminate;none
*31/*75;n/a;Indeterminate;none
*31/*81;0.0;Poor Metabolizer;Abnormal/Priority/High Risk
*31/*82;n/a;Indeterminate;none
*31/*83;n/a;Indeterminate;none
*31/*84;n/a;Indeterminate;none
*31/*85;n/a;Indeterminate;none
*31/*86;n/a;Indeterminate;none
*31/*87;n/a;Indeterminate;none
*31/*88;n/a;Indeterminate;none
*31/*89;n/a;Indeterminate;none
*31/*90;n/a;Indeterminate;none
*31/*91;0.25;Intermediate Metabolizer;Abnormal/Priority/High Risk
*31/*92;0.0;Poor Metabolizer;Abnormal/Priority/High Risk
*31/*93;n/a;Indeterminate;none
*31/*94;n/a;Indeterminate;none
*31/*95;n/a;Indeterminate;none
*31/*96;0.0;Poor Metabolizer;Abnormal/Priority/High Risk
*31/*97;n/a;Indeterminate;none
*31/*98;n/a;Indeterminate;none
*31/*99;0.0;Poor Metabolizer;Abnormal/Priority/High Risk
*31/*100;0.0;Poor Metabolizer;Abnormal/Priority/High Risk
*31/*101;0.0;Poor Metabolizer;Abnormal/Priority/High Risk
*31/*102;n/a;Indeterminate;none
*31/*103;n/a;Indeterminate;none
*31/*104;n/a;Indeterminate;none
*31/*105;n/a;Indeterminate;none
*31/*106;n/a;Indeterminate;none
*31/*107;n/a;Indeterminate;none
*31/*108;n/a;Indeterminate;none
*31/*109;0.25;Intermediate Metabolizer;Abnormal/Priority/High Risk
*31/*110;n/a;Indeterminate;none
*31/*111;n/a;Indeterminate;none
*31/*112;n/a;Indeterminate;none
*31/*113;n/a;Indeterminate;none
*31/*114;0.0;Poor Metabolizer;Abnormal/Priority/High Risk
*31/*115;n/a;Indeterminate;none
*31/*116;n/a;Indeterminate;none
*31/*117;n/a;Indeterminate;none
*31/*118;n/a;Indeterminate;none
*31/*119;0.25;Intermediate Metabolizer;Abnormal/Priority/High Risk
*31/*120;0.0;Poor Metabolizer;Abnormal/Priority/High Risk
*31/*121;n/a;Indeterminate;none
*31/*122;n/a;Indeterminate;none
*31/*123;n/a;Indeterminate;none
*31/*124;0.0;Poor Metabolizer;Abnormal/Priority/High Risk
*31/*125;n/a;Indeterminate;none
*31/*126;n/a;Indeterminate;none
*31/*127;n/a;Indeterminate;none
*31/*128;n/a;Indeterminate;none
*31/*129;0.0;Poor Metabolizer;Abnormal/Priority/High Risk
*31/*130;n/a;Indeterminate;none
*31/*131;n/a;Indeterminate;none
*31/*132;0.25;Intermediate Metabolizer;Abnormal/Priority/High Risk
*31/*133;n/a;Indeterminate;none
*31/*134;n/a;Indeterminate;none
*31/*135;n/a;Indeterminate;none
*31/*136;n/a;Indeterminate;none
*31/*137;n/a;Indeterminate;none
*31/*138;n/a;Indeterminate;none
*31/*139;n/a;Indeterminate;none
*31/*140;n/a;Indeterminate;none
*31/*141;n/a;Indeterminate;none
*31/*142;n/a;Indeterminate;none
*31/*143;0.0;Poor Metabolizer;Abnormal/Priority/High Risk
*31/*144;0.0;Poor Metabolizer;Abnormal/Priority/High Risk
*31/*145;n/a;Indeterminate;none
*31/*146;n/a;Indeterminate;none
*31/*146x2;n/a;Indeterminate;none
*31/*147;n/a;Indeterminate;none
*31/*148;n/a;Indeterminate;none
*31/*149;n/a;Indeterminate;none
*31/*152;n/a;Indeterminate;none
*31/*153;n/a;Indeterminate;none
*31/*154;n/a;Indeterminate;none
*31/*155;n/a;Indeterminate;none
*31/*156;0.0;Poor Metabolizer;Abnormal/Priority/High Risk
*31/*157;n/a;Indeterminate;none
*31/*158;n/a;Indeterminate;none
*31/*159;n/a;Indeterminate;none
*31/*160;n/a;Indeterminate;none
*31/*161;0.0;Poor Metabolizer;Abnormal/Priority/High Risk
*31/*162;n/a;Indeterminate;none
*31/*163;n/a;Indeterminate;none
*32/*32;0.5;Intermediate Metabolizer;Abnormal/Priority/High Risk
*32/*33;1.25;Normal Metabolizer;Normal/Routine/ Low Risk
*32/*34;1.25;Normal Metabolizer;Normal/Routine/ Low Risk
*32/*35;1.25;Normal Metabolizer;Normal/Routine/ Low Risk
*32/*35x2;2.25;Normal Metabolizer;Normal/Routine/ Low Risk
*32/*36;0.25;Intermediate Metabolizer;Abnormal/Priority/High Risk
*32/*36x2;0.25;Intermediate Metabolizer;Abnormal/Priority/High Risk
*32/*37;n/a;Indeterminate;none
*32/*38;0.25;Intermediate Metabolizer;Abnormal/Priority/High Risk
*32/*39;1.25;Normal Metabolizer;Normal/Routine/ Low Risk
*32/*40;0.25;Intermediate Metabolizer;Abnormal/Priority/High Risk
*32/*41;0.5;Intermediate Metabolizer;Abnormal/Priority/High Risk
*32/*41x2;0.75;Intermediate Metabolizer;Abnormal/Priority/High Risk
*32/*41x3;1.0;Intermediate Metabolizer;Abnormal/Priority/High Risk
*32/*42;0.25;Intermediate Metabolizer;Abnormal/Priority/High Risk
*32/*43;n/a;Indeterminate;none
*32/*43x2;n/a;Indeterminate;none
*32/*44;0.25;Intermediate Metabolizer;Abnormal/Priority/High Risk
*32/*45;1.25;Normal Metabolizer;Normal/Routine/ Low Risk
*32/*45x2;2.25;Normal Metabolizer;Normal/Routine/ Low Risk
*32/*46;1.25;Normal Metabolizer;Normal/Routine/ Low Risk
*32/*47;0.25;Intermediate Metabolizer;Abnormal/Priority/High Risk
*32/*48;1.25;Normal Metabolizer;Normal/Routine/ Low Risk
*32/*49;0.75;Intermediate Metabolizer;Abnormal/Priority/High Risk
*32/*50;0.75;Intermediate Metabolizer;Abnormal/Priority/High Risk
*32/*51;0.25;Intermediate Metabolizer;Abnormal/Priority/High Risk
*32/*52;0.5;Intermediate Metabolizer;Abnormal/Priority/High Risk
*32/*53;1.25;Normal Metabolizer;Normal/Routine/ Low Risk
*32/*54;0.75;Intermediate Metabolizer;Abnormal/Priority/High Risk
*32/*55;0.75;Intermediate Metabolizer;Abnormal/Priority/High Risk
*32/*56;0.25;Intermediate Metabolizer;Abnormal/Priority/High Risk
*32/*57;0.25;Intermediate Metabolizer;Abnormal/Priority/High Risk
*32/*58;n/a;Indeterminate;none
*32/*59;0.75;Intermediate Metabolizer;Abnormal/Priority/High Risk
*32/*60;0.25;Intermediate Metabolizer;Abnormal/Priority/High Risk
*32/*61;n/a;Indeterminate;none
*32/*62;0.25;Intermediate Metabolizer;Abnormal/Priority/High Risk
*32/*63;n/a;Indeterminate;none
*32/*64;n/a;Indeterminate;none
*32/*65;n/a;Indeterminate;none
*32/*68;0.25;Intermediate Metabolizer;Abnormal/Priority/High Risk
*32/*69;0.25;Intermediate Metabolizer;Abnormal/Priority/High Risk
*32/*70;n/a;Indeterminate;none
*32/*71;n/a;Indeterminate;none
*32/*72;n/a;Indeterminate;none
*32/*73;n/a;Indeterminate;none
*32/*74;n/a;Indeterminate;none
*32/*75;n/a;Indeterminate;none
*32/*81;0.25;Intermediate Metabolizer;Abnormal/Priority/High Risk
*32/*82;n/a;Indeterminate;none
*32/*83;n/a;Indeterminate;none
*32/*84;n/a;Indeterminate;none
*32/*85;n/a;Indeterminate;none
*32/*86;n/a;Indeterminate;none
*32/*87;n/a;Indeterminate;none
*32/*88;n/a;Indeterminate;none
*32/*89;n/a;Indeterminate;none
*32/*90;n/a;Indeterminate;none
*32/*91;0.5;Intermediate Metabolizer;Abnormal/Priority/High Risk
*32/*92;0.25;Intermediate Metabolizer;Abnormal/Priority/High Risk
*32/*93;n/a;Indeterminate;none
*32/*94;n/a;Indeterminate;none
*32/*95;n/a;Indeterminate;none
*32/*96;0.25;Intermediate Metabolizer;Abnormal/Priority/High Risk
*32/*97;n/a;Indeterminate;none
*32/*98;n/a;Indeterminate;none
*32/*99;0.25;Intermediate Metabolizer;Abnormal/Priority/High Risk
*32/*100;0.25;Intermediate Metabolizer;Abnormal/Priority/High Risk
*32/*101;0.25;Intermediate Metabolizer;Abnormal/Priority/High Risk
*32/*102;n/a;Indeterminate;none
*32/*103;n/a;Indeterminate;none
*32/*104;n/a;Indeterminate;none
*32/*105;n/a;Indeterminate;none
*32/*106;n/a;Indeterminate;none
*32/*107;n/a;Indeterminate;none
*32/*108;n/a;Indeterminate;none
*32/*109;0.5;Intermediate Metabolizer;Abnormal/Priority/High Risk
*32/*110;n/a;Indeterminate;none
*32/*111;n/a;Indeterminate;none
*32/*112;n/a;Indeterminate;none
*32/*113;n/a;Indeterminate;none
*32/*114;0.25;Intermediate Metabolizer;Abnormal/Priority/High Risk
*32/*115;n/a;Indeterminate;none
*32/*116;n/a;Indeterminate;none
*32/*117;n/a;Indeterminate;none
*32/*118;n/a;Indeterminate;none
*32/*119;0.5;Intermediate Metabolizer;Abnormal/Priority/High Risk
*32/*120;0.25;Intermediate Metabolizer;Abnormal/Priority/High Risk
*32/*121;n/a;Indeterminate;none
*32/*122;n/a;Indeterminate;none
*32/*123;n/a;Indeterminate;none
*32/*124;0.25;Intermediate Metabolizer;Abnormal/Priority/High Risk
*32/*125;n/a;Indeterminate;none
*32/*126;n/a;Indeterminate;none
*32/*127;n/a;Indeterminate;none
*32/*128;n/a;Indeterminate;none
*32/*129;0.25;Intermediate Metabolizer;Abnormal/Priority/High Risk
*32/*130;n/a;Indeterminate;none
*32/*131;n/a;Indeterminate;none
*32/*132;0.5;Intermediate Metabolizer;Abnormal/Priority/High Risk
*32/*133;n/a;Indeterminate;none
*32/*134;n/a;Indeterminate;none
*32/*135;n/a;Indeterminate;none
*32/*136;n/a;Indeterminate;none
*32/*137;n/a;Indeterminate;none
*32/*138;n/a;Indeterminate;none
*32/*139;n/a;Indeterminate;none
*32/*140;n/a;Indeterminate;none
*32/*141;n/a;Indeterminate;none
*32/*142;n/a;Indeterminate;none
*32/*143;0.25;Intermediate Metabolizer;Abnormal/Priority/High Risk
*32/*144;0.25;Intermediate Metabolizer;Abnormal/Priority/High Risk
*32/*145;n/a;Indeterminate;none
*32/*146;n/a;Indeterminate;none
*32/*146x2;n/a;Indeterminate;none
*32/*147;n/a;Indeterminate;none
*32/*148;n/a;Indeterminate;none
*32/*149;n/a;Indeterminate;none
*32/*152;n/a;Indeterminate;none
*32/*153;n/a;Indeterminate;none
*32/*154;n/a;Indeterminate;none
*32/*155;n/a;Indeterminate;none
*32/*156;0.25;Intermediate Metabolizer;Abnormal/Priority/High Risk
*32/*157;n/a;Indeterminate;none
*32/*158;n/a;Indeterminate;none
*32/*159;n/a;Indeterminate;none
*32/*160;n/a;Indeterminate;none
*32/*161;0.25;Intermediate Metabolizer;Abnormal/Priority/High Risk
*32/*162;n/a;Indeterminate;none
*32/*163;n/a;Indeterminate;none
*33/*33;2.0;Normal Metabolizer;Normal/Routine/ Low Risk
*33/*34;2.0;Normal Metabolizer;Normal/Routine/ Low Risk
*33/*35;2.0;Normal Metabolizer;Normal/Routine/ Low Risk
*33/*35x2;3.0;Ultrarapid Metabolizer;Abnormal/Priority/High Risk
*33/*36;1.0;Intermediate Metabolizer;Abnormal/Priority/High Risk
*33/*36x2;1.0;Intermediate Metabolizer;Abnormal/Priority/High Risk
*33/*37;n/a;Indeterminate;none
*33/*38;1.0;Intermediate Metabolizer;Abnormal/Priority/High Risk
*33/*39;2.0;Normal Metabolizer;Normal/Routine/ Low Risk
*33/*40;1.0;Intermediate Metabolizer;Abnormal/Priority/High Risk
*33/*41;1.25;Normal Metabolizer;Normal/Routine/ Low Risk
*33/*41x2;1.5;Normal Metabolizer;Normal/Routine/ Low Risk
*33/*41x3;1.75;Normal Metabolizer;Normal/Routine/ Low Risk
*33/*42;1.0;Intermediate Metabolizer;Abnormal/Priority/High Risk
*33/*43;n/a;Indeterminate;none
*33/*43x2;n/a;Indeterminate;none
*33/*44;1.0;Intermediate Metabolizer;Abnormal/Priority/High Risk
*33/*45;2.0;Normal Metabolizer;Normal/Routine/ Low Risk
*33/*45x2;3.0;Ultrarapid Metabolizer;Abnormal/Priority/High Risk
*33/*46;2.0;Normal Metabolizer;Normal/Routine/ Low Risk
*33/*47;1.0;Intermediate Metabolizer;Abnormal/Priority/High Risk
*33/*48;2.0;Normal Metabolizer;Normal/Routine/ Low Risk
*33/*49;1.5;Normal Metabolizer;Normal/Routine/ Low Risk
*33/*50;1.5;Normal Metabolizer;Normal/Routine/ Low Risk
*33/*51;1.0;Intermediate Metabolizer;Abnormal/Priority/High Risk
*33/*52;1.25;Normal Metabolizer;Normal/Routine/ Low Risk
*33/*53;2.0;Normal Metabolizer;Normal/Routine/ Low Risk
*33/*54;1.5;Normal Metabolizer;Normal/Routine/ Low Risk
*33/*55;1.5;Normal Metabolizer;Normal/Routine/ Low Risk
*33/*56;1.0;Intermediate Metabolizer;Abnormal/Priority/High Risk
*33/*57;1.0;Intermediate Metabolizer;Abnormal/Priority/High Risk
*33/*58;n/a;Indeterminate;none
*33/*59;1.5;Normal Metabolizer;Normal/Routine/ Low Risk
*33/*60;1.0;Intermediate Metabolizer;Abnormal/Priority/High Risk
*33/*61;n/a;Indeterminate;none
*33/*62;1.0;Intermediate Metabolizer;Abnormal/Priority/High Risk
*33/*63;n/a;Indeterminate;none
*33/*64;n/a;Indeterminate;none
*33/*65;n/a;Indeterminate;none
*33/*68;1.0;Intermediate Metabolizer;Abnormal/Priority/High Risk
*33/*69;1.0;Intermediate Metabolizer;Abnormal/Priority/High Risk
*33/*70;n/a;Indeterminate;none
*33/*71;n/a;Indeterminate;none
*33/*72;n/a;Indeterminate;none
*33/*73;n/a;Indeterminate;none
*33/*74;n/a;Indeterminate;none
*33/*75;n/a;Indeterminate;none
*33/*81;1.0;Intermediate Metabolizer;Abnormal/Priority/High Risk
*33/*82;n/a;Indeterminate;none
*33/*83;n/a;Indeterminate;none
*33/*84;n/a;Indeterminate;none
*33/*85;n/a;Indeterminate;none
*33/*86;n/a;Indeterminate;none
*33/*87;n/a;Indeterminate;none
*33/*88;n/a;Indeterminate;none
*33/*89;n/a;Indeterminate;none
*33/*90;n/a;Indeterminate;none
*33/*91;1.25;Normal Metabolizer;Normal/Routine/ Low Risk
*33/*92;1.0;Intermediate Metabolizer;Abnormal/Priority/High Risk
*33/*93;n/a;Indeterminate;none
*33/*94;n/a;Indeterminate;none
*33/*95;n/a;Indeterminate;none
*33/*96;1.0;Intermediate Metabolizer;Abnormal/Priority/High Risk
*33/*97;n/a;Indeterminate;none
*33/*98;n/a;Indeterminate;none
*33/*99;1.0;Intermediate Metabolizer;Abnormal/Priority/High Risk
*33/*100;1.0;Intermediate Metabolizer;Abnormal/Priority/High Risk
*33/*101;1.0;Intermediate Metabolizer;Abnormal/Priority/High Risk
*33/*102;n/a;Indeterminate;none
*33/*103;n/a;Indeterminate;none
*33/*104;n/a;Indeterminate;none
*33/*105;n/a;Indeterminate;none
*33/*106;n/a;Indeterminate;none
*33/*107;n/a;Indeterminate;none
*33/*108;n/a;Indeterminate;none
*33/*109;1.25;Normal Metabolizer;Normal/Routine/ Low Risk
*33/*110;n/a;Indeterminate;none
*33/*111;n/a;Indeterminate;none
*33/*112;n/a;Indeterminate;none
*33/*113;n/a;Indeterminate;none
*33/*114;1.0;Intermediate Metabolizer;Abnormal/Priority/High Risk
*33/*115;n/a;Indeterminate;none
*33/*116;n/a;Indeterminate;none
*33/*117;n/a;Indeterminate;none
*33/*118;n/a;Indeterminate;none
*33/*119;1.25;Normal Metabolizer;Normal/Routine/ Low Risk
*33/*120;1.0;Intermediate Metabolizer;Abnormal/Priority/High Risk
*33/*121;n/a;Indeterminate;none
*33/*122;n/a;Indeterminate;none
*33/*123;n/a;Indeterminate;none
*33/*124;1.0;Intermediate Metabolizer;Abnormal/Priority/High Risk
*33/*125;n/a;Indeterminate;none
*33/*126;n/a;Indeterminate;none
*33/*127;n/a;Indeterminate;none
*33/*128;n/a;Indeterminate;none
*33/*129;1.0;Intermediate Metabolizer;Abnormal/Priority/High Risk
*33/*130;n/a;Indeterminate;none
*33/*131;n/a;Indeterminate;none
*33/*132;1.25;Normal Metabolizer;Normal/Routine/ Low Risk
*33/*133;n/a;Indeterminate;none
*33/*134;n/a;Indeterminate;none
*33/*135;n/a;Indeterminate;none
*33/*136;n/a;Indeterminate;none
*33/*137;n/a;Indeterminate;none
*33/*138;n/a;Indeterminate;none
*33/*139;n/a;Indeterminate;none
*33/*140;n/a;Indeterminate;none
*33/*141;n/a;Indeterminate;none
*33/*142;n/a;Indeterminate;none
*33/*143;1.0;Intermediate Metabolizer;Abnormal/Priority/High Risk
*33/*144;1.0;Intermediate Metabolizer;Abnormal/Priority/High Risk
*33/*145;n/a;Indeterminate;none
*33/*146;n/a;Indeterminate;none
*33/*146x2;n/a;Indeterminate;none
*33/*147;n/a;Indeterminate;none
*33/*148;n/a;Indeterminate;none
*33/*149;n/a;Indeterminate;none
*33/*152;n/a;Indeterminate;none
*33/*153;n/a;Indeterminate;none
*33/*154;n/a;Indeterminate;none
*33/*155;n/a;Indeterminate;none
*33/*156;1.0;Intermediate Metabolizer;Abnormal/Priority/High Risk
*33/*157;n/a;Indeterminate;none
*33/*158;n/a;Indeterminate;none
*33/*159;n/a;Indeterminate;none
*33/*160;n/a;Indeterminate;none
*33/*161;1.0;Intermediate Metabolizer;Abnormal/Priority/High Risk
*33/*162;n/a;Indeterminate;none
*33/*163;n/a;Indeterminate;none
*34/*34;2.0;Normal Metabolizer;Normal/Routine/ Low Risk
*34/*35;2.0;Normal Metabolizer;Normal/Routine/ Low Risk
*34/*35x2;3.0;Ultrarapid Metabolizer;Abnormal/Priority/High Risk
*34/*36;1.0;Intermediate Metabolizer;Abnormal/Priority/High Risk
*34/*36x2;1.0;Intermediate Metabolizer;Abnormal/Priority/High Risk
*34/*37;n/a;Indeterminate;none
*34/*38;1.0;Intermediate Metabolizer;Abnormal/Priority/High Risk
*34/*39;2.0;Normal Metabolizer;Normal/Routine/ Low Risk
*34/*40;1.0;Intermediate Metabolizer;Abnormal/Priority/High Risk
*34/*41;1.25;Normal Metabolizer;Normal/Routine/ Low Risk
*34/*41x2;1.5;Normal Metabolizer;Normal/Routine/ Low Risk
*34/*41x3;1.75;Normal Metabolizer;Normal/Routine/ Low Risk
*34/*42;1.0;Intermediate Metabolizer;Abnormal/Priority/High Risk
*34/*43;n/a;Indeterminate;none
*34/*43x2;n/a;Indeterminate;none
*34/*44;1.0;Intermediate Metabolizer;Abnormal/Priority/High Risk
*34/*45;2.0;Normal Metabolizer;Normal/Routine/ Low Risk
*34/*45x2;3.0;Ultrarapid Metabolizer;Abnormal/Priority/High Risk
*34/*46;2.0;Normal Metabolizer;Normal/Routine/ Low Risk
*34/*47;1.0;Intermediate Metabolizer;Abnormal/Priority/High Risk
*34/*48;2.0;Normal Metabolizer;Normal/Routine/ Low Risk
*34/*49;1.5;Normal Metabolizer;Normal/Routine/ Low Risk
*34/*50;1.5;Normal Metabolizer;Normal/Routine/ Low Risk
*34/*51;1.0;Intermediate Metabolizer;Abnormal/Priority/High Risk
*34/*52;1.25;Normal Metabolizer;Normal/Routine/ Low Risk
*34/*53;2.0;Normal Metabolizer;Normal/Routine/ Low Risk
*34/*54;1.5;Normal Metabolizer;Normal/Routine/ Low Risk
*34/*55;1.5;Normal Metabolizer;Normal/Routine/ Low Risk
*34/*56;1.0;Intermediate Metabolizer;Abnormal/Priority/High Risk
*34/*57;1.0;Intermediate Metabolizer;Abnormal/Priority/High Risk
*34/*58;n/a;Indeterminate;none
*34/*59;1.5;Normal Metabolizer;Normal/Routine/ Low Risk
*34/*60;1.0;Intermediate Metabolizer;Abnormal/Priority/High Risk
*34/*61;n/a;Indeterminate;none
*34/*62;1.0;Intermediate Metabolizer;Abnormal/Priority/High Risk
*34/*63;n/a;Indeterminate;none
*34/*64;n/a;Indeterminate;none
*34/*65;n/a;Indeterminate;none
*34/*68;1.0;Intermediate Metabolizer;Abnormal/Priority/High Risk
*34/*69;1.0;Intermediate Metabolizer;Abnormal/Priority/High Risk
*34/*70;n/a;Indeterminate;none
*34/*71;n/a;Indeterminate;none
*34/*72;n/a;Indeterminate;none
*34/*73;n/a;Indeterminate;none
*34/*74;n/a;Indeterminate;none
*34/*75;n/a;Indeterminate;none
*34/*81;1.0;Intermediate Metabolizer;Abnormal/Priority/High Risk
*34/*82;n/a;Indeterminate;none
*34/*83;n/a;Indeterminate;none
*34/*84;n/a;Indeterminate;none
*34/*85;n/a;Indeterminate;none
*34/*86;n/a;Indeterminate;none
*34/*87;n/a;Indeterminate;none
*34/*88;n/a;Indeterminate;none
*34/*89;n/a;Indeterminate;none
*34/*90;n/a;Indeterminate;none
*34/*91;1.25;Normal Metabolizer;Normal/Routine/ Low Risk
*34/*92;1.0;Intermediate Metabolizer;Abnormal/Priority/High Risk
*34/*93;n/a;Indeterminate;none
*34/*94;n/a;Indeterminate;none
*34/*95;n/a;Indeterminate;none
*34/*96;1.0;Intermediate Metabolizer;Abnormal/Priority/High Risk
*34/*97;n/a;Indeterminate;none
*34/*98;n/a;Indeterminate;none
*34/*99;1.0;Intermediate Metabolizer;Abnormal/Priority/High Risk
*34/*100;1.0;Intermediate Metabolizer;Abnormal/Priority/High Risk
*34/*101;1.0;Intermediate Metabolizer;Abnormal/Priority/High Risk
*34/*102;n/a;Indeterminate;none
*34/*103;n/a;Indeterminate;none
*34/*104;n/a;Indeterminate;none
*34/*105;n/a;Indeterminate;none
*34/*106;n/a;Indeterminate;none
*34/*107;n/a;Indeterminate;none
*34/*108;n/a;Indeterminate;none
*34/*109;1.25;Normal Metabolizer;Normal/Routine/ Low Risk
*34/*110;n/a;Indeterminate;none
*34/*111;n/a;Indeterminate;none
*34/*112;n/a;Indeterminate;none
*34/*113;n/a;Indeterminate;none
*34/*114;1.0;Intermediate Metabolizer;Abnormal/Priority/High Risk
*34/*115;n/a;Indeterminate;none
*34/*116;n/a;Indeterminate;none
*34/*117;n/a;Indeterminate;none
*34/*118;n/a;Indeterminate;none
*34/*119;1.25;Normal Metabolizer;Normal/Routine/ Low Risk
*34/*120;1.0;Intermediate Metabolizer;Abnormal/Priority/High Risk
*34/*121;n/a;Indeterminate;none
*34/*122;n/a;Indeterminate;none
*34/*123;n/a;Indeterminate;none
*34/*124;1.0;Intermediate Metabolizer;Abnormal/Priority/High Risk
*34/*125;n/a;Indeterminate;none
*34/*126;n/a;Indeterminate;none
*34/*127;n/a;Indeterminate;none
*34/*128;n/a;Indeterminate;none
*34/*129;1.0;Intermediate Metabolizer;Abnormal/Priority/High Risk
*34/*130;n/a;Indeterminate;none
*34/*131;n/a;Indeterminate;none
*34/*132;1.25;Normal Metabolizer;Normal/Routine/ Low Risk
*34/*133;n/a;Indeterminate;none
*34/*134;n/a;Indeterminate;none
*34/*135;n/a;Indeterminate;none
*34/*136;n/a;Indeterminate;none
*34/*137;n/a;Indeterminate;none
*34/*138;n/a;Indeterminate;none
*34/*139;n/a;Indeterminate;none
*34/*140;n/a;Indeterminate;none
*34/*141;n/a;Indeterminate;none
*34/*142;n/a;Indeterminate;none
*34/*143;1.0;Intermediate Metabolizer;Abnormal/Priority/High Risk
*34/*144;1.0;Intermediate Metabolizer;Abnormal/Priority/High Risk
*34/*145;n/a;Indeterminate;none
*34/*146;n/a;Indeterminate;none
*34/*146x2;n/a;Indeterminate;none
*34/*147;n/a;Indeterminate;none
*34/*148;n/a;Indeterminate;none
*34/*149;n/a;Indeterminate;none
*34/*152;n/a;Indeterminate;none
*34/*153;n/a;Indeterminate;none
*34/*154;n/a;Indeterminate;none
*34/*155;n/a;Indeterminate;none
*34/*156;1.0;Intermediate Metabolizer;Abnormal/Priority/High Risk
*34/*157;n/a;Indeterminate;none
*34/*158;n/a;Indeterminate;none
*34/*159;n/a;Indeterminate;none
*34/*160;n/a;Indeterminate;none
*34/*161;1.0;Intermediate Metabolizer;Abnormal/Priority/High Risk
*34/*162;n/a;Indeterminate;none
*34/*163;n/a;Indeterminate;none
*35/*35;2.0;Normal Metabolizer;Normal/Routine/ Low Risk
*35/*35x2;3.0;Ultrarapid Metabolizer;Abnormal/Priority/High Risk
*35/*36;1.0;Intermediate Metabolizer;Abnormal/Priority/High Risk
*35/*36x2;1.0;Intermediate Metabolizer;Abnormal/Priority/High Risk
*35/*37;n/a;Indeterminate;none
*35/*38;1.0;Intermediate Metabolizer;Abnormal/Priority/High Risk
*35/*39;2.0;Normal Metabolizer;Normal/Routine/ Low Risk
*35/*40;1.0;Intermediate Metabolizer;Abnormal/Priority/High Risk
*35/*41;1.25;Normal Metabolizer;Normal/Routine/ Low Risk
*35/*41x2;1.5;Normal Metabolizer;Normal/Routine/ Low Risk
*35/*41x3;1.75;Normal Metabolizer;Normal/Routine/ Low Risk
*35/*42;1.0;Intermediate Metabolizer;Abnormal/Priority/High Risk
*35/*43;n/a;Indeterminate;none
*35/*43x2;n/a;Indeterminate;none
*35/*44;1.0;Intermediate Metabolizer;Abnormal/Priority/High Risk
*35/*45;2.0;Normal Metabolizer;Normal/Routine/ Low Risk
*35/*45x2;3.0;Ultrarapid Metabolizer;Abnormal/Priority/High Risk
*35/*46;2.0;Normal Metabolizer;Normal/Routine/ Low Risk
*35/*47;1.0;Intermediate Metabolizer;Abnormal/Priority/High Risk
*35/*48;2.0;Normal Metabolizer;Normal/Routine/ Low Risk
*35/*49;1.5;Normal Metabolizer;Normal/Routine/ Low Risk
*35/*50;1.5;Normal Metabolizer;Normal/Routine/ Low Risk
*35/*51;1.0;Intermediate Metabolizer;Abnormal/Priority/High Risk
*35/*52;1.25;Normal Metabolizer;Normal/Routine/ Low Risk
*35/*53;2.0;Normal Metabolizer;Normal/Routine/ Low Risk
*35/*54;1.5;Normal Metabolizer;Normal/Routine/ Low Risk
*35/*55;1.5;Normal Metabolizer;Normal/Routine/ Low Risk
*35/*56;1.0;Intermediate Metabolizer;Abnormal/Priority/High Risk
*35/*57;1.0;Intermediate Metabolizer;Abnormal/Priority/High Risk
*35/*58;n/a;Indeterminate;none
*35/*59;1.5;Normal Metabolizer;Normal/Routine/ Low Risk
*35/*60;1.0;Intermediate Metabolizer;Abnormal/Priority/High Risk
*35/*61;n/a;Indeterminate;none
*35/*62;1.0;Intermediate Metabolizer;Abnormal/Priority/High Risk
*35/*63;n/a;Indeterminate;none
*35/*64;n/a;Indeterminate;none
*35/*65;n/a;Indeterminate;none
*35/*68;1.0;Intermediate Metabolizer;Abnormal/Priority/High Risk
*35/*69;1.0;Intermediate Metabolizer;Abnormal/Priority/High Risk
*35/*70;n/a;Indeterminate;none
*35/*71;n/a;Indeterminate;none
*35/*72;n/a;Indeterminate;none
*35/*73;n/a;Indeterminate;none
*35/*74;n/a;Indeterminate;none
*35/*75;n/a;Indeterminate;none
*35/*81;1.0;Intermediate Metabolizer;Abnormal/Priority/High Risk
*35/*82;n/a;Indeterminate;none
*35/*83;n/a;Indeterminate;none
*35/*84;n/a;Indeterminate;none
*35/*85;n/a;Indeterminate;none
*35/*86;n/a;Indeterminate;none
*35/*87;n/a;Indeterminate;none
*35/*88;n/a;Indeterminate;none
*35/*89;n/a;Indeterminate;none
*35/*90;n/a;Indeterminate;none
*35/*91;1.25;Normal Metabolizer;Normal/Routine/ Low Risk
*35/*92;1.0;Intermediate Metabolizer;Abnormal/Priority/High Risk
*35/*93;n/a;Indeterminate;none
*35/*94;n/a;Indeterminate;none
*35/*95;n/a;Indeterminate;none
*35/*96;1.0;Intermediate Metabolizer;Abnormal/Priority/High Risk
*35/*97;n/a;Indeterminate;none
*35/*98;n/a;Indeterminate;none
*35/*99;1.0;Intermediate Metabolizer;Abnormal/Priority/High Risk
*35/*100;1.0;Intermediate Metabolizer;Abnormal/Priority/High Risk
*35/*101;1.0;Intermediate Metabolizer;Abnormal/Priority/High Risk
*35/*102;n/a;Indeterminate;none
*35/*103;n/a;Indeterminate;none
*35/*104;n/a;Indeterminate;none
*35/*105;n/a;Indeterminate;none
*35/*106;n/a;Indeterminate;none
*35/*107;n/a;Indeterminate;none
*35/*108;n/a;Indeterminate;none
*35/*109;1.25;Normal Metabolizer;Normal/Routine/ Low Risk
*35/*110;n/a;Indeterminate;none
*35/*111;n/a;Indeterminate;none
*35/*112;n/a;Indeterminate;none
*35/*113;n/a;Indeterminate;none
*35/*114;1.0;Intermediate Metabolizer;Abnormal/Priority/High Risk
*35/*115;n/a;Indeterminate;none
*35/*116;n/a;Indeterminate;none
*35/*117;n/a;Indeterminate;none
*35/*118;n/a;Indeterminate;none
*35/*119;1.25;Normal Metabolizer;Normal/Routine/ Low Risk
*35/*120;1.0;Intermediate Metabolizer;Abnormal/Priority/High Risk
*35/*121;n/a;Indeterminate;none
*35/*122;n/a;Indeterminate;none
*35/*123;n/a;Indeterminate;none
*35/*124;1.0;Intermediate Metabolizer;Abnormal/Priority/High Risk
*35/*125;n/a;Indeterminate;none
*35/*126;n/a;Indeterminate;none
*35/*127;n/a;Indeterminate;none
*35/*128;n/a;Indeterminate;none
*35/*129;1.0;Intermediate Metabolizer;Abnormal/Priority/High Risk
*35/*130;n/a;Indeterminate;none
*35/*131;n/a;Indeterminate;none
*35/*132;1.25;Normal Metabolizer;Normal/Routine/ Low Risk
*35/*133;n/a;Indeterminate;none
*35/*134;n/a;Indeterminate;none
*35/*135;n/a;Indeterminate;none
*35/*136;n/a;Indeterminate;none
*35/*137;n/a;Indeterminate;none
*35/*138;n/a;Indeterminate;none
*35/*139;n/a;Indeterminate;none
*35/*140;n/a;Indeterminate;none
*35/*141;n/a;Indeterminate;none
*35/*142;n/a;Indeterminate;none
*35/*143;1.0;Intermediate Metabolizer;Abnormal/Priority/High Risk
*35/*144;1.0;Intermediate Metabolizer;Abnormal/Priority/High Risk
*35/*145;n/a;Indeterminate;none
*35/*146;n/a;Indeterminate;none
*35/*146x2;n/a;Indeterminate;none
*35/*147;n/a;Indeterminate;none
*35/*148;n/a;Indeterminate;none
*35/*149;n/a;Indeterminate;none
*35/*152;n/a;Indeterminate;none
*35/*153;n/a;Indeterminate;none
*35/*154;n/a;Indeterminate;none
*35/*155;n/a;Indeterminate;none
*35/*156;1.0;Intermediate Metabolizer;Abnormal/Priority/High Risk
*35/*157;n/a;Indeterminate;none
*35/*158;n/a;Indeterminate;none
*35/*159;n/a;Indeterminate;none
*35/*160;n/a;Indeterminate;none
*35/*161;1.0;Intermediate Metabolizer;Abnormal/Priority/High Risk
*35/*162;n/a;Indeterminate;none
*35/*163;n/a;Indeterminate;none
*35x2/*35x2;4.0;Ultrarapid Metabolizer;Abnormal/Priority/High Risk
*35x2/*36;2.0;Normal Metabolizer;Normal/Routine/ Low Risk
*35x2/*36x2;2.0;Normal Metabolizer;Normal/Routine/ Low Risk
*35x2/*37;n/a;Indeterminate;none
*35x2/*38;2.0;Normal Metabolizer;Normal/Routine/ Low Risk
*35x2/*39;3.0;Ultrarapid Metabolizer;Abnormal/Priority/High Risk
*35x2/*40;2.0;Normal Metabolizer;Normal/Routine/ Low Risk
*35x2/*41;2.25;Normal Metabolizer;Normal/Routine/ Low Risk
*35x2/*41x2;2.5;Ultrarapid Metabolizer;Abnormal/Priority/High Risk
*35x2/*41x3;2.75;Ultrarapid Metabolizer;Abnormal/Priority/High Risk
*35x2/*42;2.0;Normal Metabolizer;Normal/Routine/ Low Risk
*35x2/*43;n/a;Indeterminate;none
*35x2/*43x2;n/a;Indeterminate;none
*35x2/*44;2.0;Normal Metabolizer;Normal/Routine/ Low Risk
*35x2/*45;3.0;Ultrarapid Metabolizer;Abnormal/Priority/High Risk
*35x2/*45x2;4.0;Ultrarapid Metabolizer;Abnormal/Priority/High Risk
*35x2/*46;3.0;Ultrarapid Metabolizer;Abnormal/Priority/High Risk
*35x2/*47;2.0;Normal Metabolizer;Normal/Routine/ Low Risk
*35x2/*48;3.0;Ultrarapid Metabolizer;Abnormal/Priority/High Risk
*35x2/*49;2.5;Ultrarapid Metabolizer;Abnormal/Priority/High Risk
*35x2/*50;2.5;Ultrarapid Metabolizer;Abnormal/Priority/High Risk
*35x2/*51;2.0;Normal Metabolizer;Normal/Routine/ Low Risk
*35x2/*52;2.25;Normal Metabolizer;Normal/Routine/ Low Risk
*35x2/*53;3.0;Ultrarapid Metabolizer;Abnormal/Priority/High Risk
*35x2/*54;2.5;Ultrarapid Metabolizer;Abnormal/Priority/High Risk
*35x2/*55;2.5;Ultrarapid Metabolizer;Abnormal/Priority/High Risk
*35x2/*56;2.0;Normal Metabolizer;Normal/Routine/ Low Risk
*35x2/*57;2.0;Normal Metabolizer;Normal/Routine/ Low Risk
*35x2/*58;n/a;Indeterminate;none
*35x2/*59;2.5;Ultrarapid Metabolizer;Abnormal/Priority/High Risk
*35x2/*60;2.0;Normal Metabolizer;Normal/Routine/ Low Risk
*35x2/*61;n/a;Indeterminate;none
*35x2/*62;2.0;Normal Metabolizer;Normal/Routine/ Low Risk
*35x2/*63;n/a;Indeterminate;none
*35x2/*64;n/a;Indeterminate;none
*35x2/*65;n/a;Indeterminate;none
*35x2/*68;2.0;Normal Metabolizer;Normal/Routine/ Low Risk
*35x2/*69;2.0;Normal Metabolizer;Normal/Routine/ Low Risk
*35x2/*70;n/a;Indeterminate;none
*35x2/*71;n/a;Indeterminate;none
*35x2/*72;n/a;Indeterminate;none
*35x2/*73;n/a;Indeterminate;none
*35x2/*74;n/a;Indeterminate;none
*35x2/*75;n/a;Indeterminate;none
*35x2/*81;2.0;Normal Metabolizer;Normal/Routine/ Low Risk
*35x2/*82;n/a;Indeterminate;none
*35x2/*83;n/a;Indeterminate;none
*35x2/*84;n/a;Indeterminate;none
*35x2/*85;n/a;Indeterminate;none
*35x2/*86;n/a;Indeterminate;none
*35x2/*87;n/a;Indeterminate;none
*35x2/*88;n/a;Indeterminate;none
*35x2/*89;n/a;Indeterminate;none
*35x2/*90;n/a;Indeterminate;none
*35x2/*91;2.25;Normal Metabolizer;Normal/Routine/ Low Risk
*35x2/*92;2.0;Normal Metabolizer;Normal/Routine/ Low Risk
*35x2/*93;n/a;Indeterminate;none
*35x2/*94;n/a;Indeterminate;none
*35x2/*95;n/a;Indeterminate;none
*35x2/*96;2.0;Normal Metabolizer;Normal/Routine/ Low Risk
*35x2/*97;n/a;Indeterminate;none
*35x2/*98;n/a;Indeterminate;none
*35x2/*99;2.0;Normal Metabolizer;Normal/Routine/ Low Risk
*35x2/*100;2.0;Normal Metabolizer;Normal/Routine/ Low Risk
*35x2/*101;2.0;Normal Metabolizer;Normal/Routine/ Low Risk
*35x2/*102;n/a;Indeterminate;none
*35x2/*103;n/a;Indeterminate;none
*35x2/*104;n/a;Indeterminate;none
*35x2/*105;n/a;Indeterminate;none
*35x2/*106;n/a;Indeterminate;none
*35x2/*107;n/a;Indeterminate;none
*35x2/*108;n/a;Indeterminate;none
*35x2/*109;2.25;Normal Metabolizer;Normal/Routine/ Low Risk
*35x2/*110;n/a;Indeterminate;none
*35x2/*111;n/a;Indeterminate;none
*35x2/*112;n/a;Indeterminate;none
*35x2/*113;n/a;Indeterminate;none
*35x2/*114;2.0;Normal Metabolizer;Normal/Routine/ Low Risk
*35x2/*115;n/a;Indeterminate;none
*35x2/*116;n/a;Indeterminate;none
*35x2/*117;n/a;Indeterminate;none
*35x2/*118;n/a;Indeterminate;none
*35x2/*119;2.25;Normal Metabolizer;Normal/Routine/ Low Risk
*35x2/*120;2.0;Normal Metabolizer;Normal/Routine/ Low Risk
*35x2/*121;n/a;Indeterminate;none
*35x2/*122;n/a;Indeterminate;none
*35x2/*123;n/a;Indeterminate;none
*35x2/*124;2.0;Normal Metabolizer;Normal/Routine/ Low Risk
*35x2/*125;n/a;Indeterminate;none
*35x2/*126;n/a;Indeterminate;none
*35x2/*127;n/a;Indeterminate;none
*35x2/*128;n/a;Indeterminate;none
*35x2/*129;2.0;Normal Metabolizer;Normal/Routine/ Low Risk
*35x2/*130;n/a;Indeterminate;none
*35x2/*131;n/a;Indeterminate;none
*35x2/*132;2.25;Normal Metabolizer;Normal/Routine/ Low Risk
*35x2/*133;n/a;Indeterminate;none
*35x2/*134;n/a;Indeterminate;none
*35x2/*135;n/a;Indeterminate;none
*35x2/*136;n/a;Indeterminate;none
*35x2/*137;n/a;Indeterminate;none
*35x2/*138;n/a;Indeterminate;none
*35x2/*139;n/a;Indeterminate;none
*35x2/*140;n/a;Indeterminate;none
*35x2/*141;n/a;Indeterminate;none
*35x2/*142;n/a;Indeterminate;none
*35x2/*143;2.0;Normal Metabolizer;Normal/Routine/ Low Risk
*35x2/*144;2.0;Normal Metabolizer;Normal/Routine/ Low Risk
*35x2/*145;n/a;Indeterminate;none
*35x2/*146;n/a;Indeterminate;none
*35x2/*146x2;n/a;Indeterminate;none
*35x2/*147;n/a;Indeterminate;none
*35x2/*148;n/a;Indeterminate;none
*35x2/*149;n/a;Indeterminate;none
*35x2/*152;n/a;Indeterminate;none
*35x2/*153;n/a;Indeterminate;none
*35x2/*154;n/a;Indeterminate;none
*35x2/*155;n/a;Indeterminate;none
*35x2/*156;2.0;Normal Metabolizer;Normal/Routine/ Low Risk
*35x2/*157;n/a;Indeterminate;none
*35x2/*158;n/a;Indeterminate;none
*35x2/*159;n/a;Indeterminate;none
*35x2/*160;n/a;Indeterminate;none
*35x2/*161;2.0;Normal Metabolizer;Normal/Routine/ Low Risk
*35x2/*162;n/a;Indeterminate;none
*35x2/*163;n/a;Indeterminate;none
*36/*36;0.0;Poor Metabolizer;Abnormal/Priority/High Risk
*36/*36x2;0.0;Poor Metabolizer;Abnormal/Priority/High Risk
*36/*37;n/a;Indeterminate;none
*36/*38;0.0;Poor Metabolizer;Abnormal/Priority/High Risk
*36/*39;1.0;Intermediate Metabolizer;Abnormal/Priority/High Risk
*36/*40;0.0;Poor Metabolizer;Abnormal/Priority/High Risk
*36/*41;0.25;Intermediate Metabolizer;Abnormal/Priority/High Risk
*36/*41x2;0.5;Intermediate Metabolizer;Abnormal/Priority/High Risk
*36/*41x3;0.75;Intermediate Metabolizer;Abnormal/Priority/High Risk
*36/*42;0.0;Poor Metabolizer;Abnormal/Priority/High Risk
*36/*43;n/a;Indeterminate;none
*36/*43x2;n/a;Indeterminate;none
*36/*44;0.0;Poor Metabolizer;Abnormal/Priority/High Risk
*36/*45;1.0;Intermediate Metabolizer;Abnormal/Priority/High Risk
*36/*45x2;2.0;Normal Metabolizer;Normal/Routine/ Low Risk
*36/*46;1.0;Intermediate Metabolizer;Abnormal/Priority/High Risk
*36/*47;0.0;Poor Metabolizer;Abnormal/Priority/High Risk
*36/*48;1.0;Intermediate Metabolizer;Abnormal/Priority/High Risk
*36/*49;0.5;Intermediate Metabolizer;Abnormal/Priority/High Risk
*36/*50;0.5;Intermediate Metabolizer;Abnormal/Priority/High Risk
*36/*51;0.0;Poor Metabolizer;Abnormal/Priority/High Risk
*36/*52;0.25;Intermediate Metabolizer;Abnormal/Priority/High Risk
*36/*53;1.0;Intermediate Metabolizer;Abnormal/Priority/High Risk
*36/*54;0.5;Intermediate Metabolizer;Abnormal/Priority/High Risk
*36/*55;0.5;Intermediate Metabolizer;Abnormal/Priority/High Risk
*36/*56;0.0;Poor Metabolizer;Abnormal/Priority/High Risk
*36/*57;0.0;Poor Metabolizer;Abnormal/Priority/High Risk
*36/*58;n/a;Indeterminate;none
*36/*59;0.5;Intermediate Metabolizer;Abnormal/Priority/High Risk
*36/*60;0.0;Poor Metabolizer;Abnormal/Priority/High Risk
*36/*61;n/a;Indeterminate;none
*36/*62;0.0;Poor Metabolizer;Abnormal/Priority/High Risk
*36/*63;n/a;Indeterminate;none
*36/*64;n/a;Indeterminate;none
*36/*65;n/a;Indeterminate;none
*36/*68;0.0;Poor Metabolizer;Abnormal/Priority/High Risk
*36/*69;0.0;Poor Metabolizer;Abnormal/Priority/High Risk
*36/*70;n/a;Indeterminate;none
*36/*71;n/a;Indeterminate;none
*36/*72;n/a;Indeterminate;none
*36/*73;n/a;Indeterminate;none
*36/*74;n/a;Indeterminate;none
*36/*75;n/a;Indeterminate;none
*36/*81;0.0;Poor Metabolizer;Abnormal/Priority/High Risk
*36/*82;n/a;Indeterminate;none
*36/*83;n/a;Indeterminate;none
*36/*84;n/a;Indeterminate;none
*36/*85;n/a;Indeterminate;none
*36/*86;n/a;Indeterminate;none
*36/*87;n/a;Indeterminate;none
*36/*88;n/a;Indeterminate;none
*36/*89;n/a;Indeterminate;none
*36/*90;n/a;Indeterminate;none
*36/*91;0.25;Intermediate Metabolizer;Abnormal/Priority/High Risk
*36/*92;0.0;Poor Metabolizer;Abnormal/Priority/High Risk
*36/*93;n/a;Indeterminate;none
*36/*94;n/a;Indeterminate;none
*36/*95;n/a;Indeterminate;none
*36/*96;0.0;Poor Metabolizer;Abnormal/Priority/High Risk
*36/*97;n/a;Indeterminate;none
*36/*98;n/a;Indeterminate;none
*36/*99;0.0;Poor Metabolizer;Abnormal/Priority/High Risk
*36/*100;0.0;Poor Metabolizer;Abnormal/Priority/High Risk
*36/*101;0.0;Poor Metabolizer;Abnormal/Priority/High Risk
*36/*102;n/a;Indeterminate;none
*36/*103;n/a;Indeterminate;none
*36/*104;n/a;Indeterminate;none
*36/*105;n/a;Indeterminate;none
*36/*106;n/a;Indeterminate;none
*36/*107;n/a;Indeterminate;none
*36/*108;n/a;Indeterminate;none
*36/*109;0.25;Intermediate Metabolizer;Abnormal/Priority/High Risk
*36/*110;n/a;Indeterminate;none
*36/*111;n/a;Indeterminate;none
*36/*112;n/a;Indeterminate;none
*36/*113;n/a;Indeterminate;none
*36/*114;0.0;Poor Metabolizer;Abnormal/Priority/High Risk
*36/*115;n/a;Indeterminate;none
*36/*116;n/a;Indeterminate;none
*36/*117;n/a;Indeterminate;none
*36/*118;n/a;Indeterminate;none
*36/*119;0.25;Intermediate Metabolizer;Abnormal/Priority/High Risk
*36/*120;0.0;Poor Metabolizer;Abnormal/Priority/High Risk
*36/*121;n/a;Indeterminate;none
*36/*122;n/a;Indeterminate;none
*36/*123;n/a;Indeterminate;none
*36/*124;0.0;Poor Metabolizer;Abnormal/Priority/High Risk
*36/*125;n/a;Indeterminate;none
*36/*126;n/a;Indeterminate;none
*36/*127;n/a;Indeterminate;none
*36/*128;n/a;Indeterminate;none
*36/*129;0.0;Poor Metabolizer;Abnormal/Priority/High Risk
*36/*130;n/a;Indeterminate;none
*36/*131;n/a;Indeterminate;none
*36/*132;0.25;Intermediate Metabolizer;Abnormal/Priority/High Risk
*36/*133;n/a;Indeterminate;none
*36/*134;n/a;Indeterminate;none
*36/*135;n/a;Indeterminate;none
*36/*136;n/a;Indeterminate;none
*36/*137;n/a;Indeterminate;none
*36/*138;n/a;Indeterminate;none
*36/*139;n/a;Indeterminate;none
*36/*140;n/a;Indeterminate;none
*36/*141;n/a;Indeterminate;none
*36/*142;n/a;Indeterminate;none
*36/*143;0.0;Poor Metabolizer;Abnormal/Priority/High Risk
*36/*144;0.0;Poor Metabolizer;Abnormal/Priority/High Risk
*36/*145;n/a;Indeterminate;none
*36/*146;n/a;Indeterminate;none
*36/*146x2;n/a;Indeterminate;none
*36/*147;n/a;Indeterminate;none
*36/*148;n/a;Indeterminate;none
*36/*149;n/a;Indeterminate;none
*36/*152;n/a;Indeterminate;none
*36/*153;n/a;Indeterminate;none
*36/*154;n/a;Indeterminate;none
*36/*155;n/a;Indeterminate;none
*36/*156;0.0;Poor Metabolizer;Abnormal/Priority/High Risk
*36/*157;n/a;Indeterminate;none
*36/*158;n/a;Indeterminate;none
*36/*159;n/a;Indeterminate;none
*36/*160;n/a;Indeterminate;none
*36/*161;0.0;Poor Metabolizer;Abnormal/Priority/High Risk
*36/*162;n/a;Indeterminate;none
*36/*163;n/a;Indeterminate;none
*36x2/*36x2;0.0;Poor Metabolizer;Abnormal/Priority/High Risk
*36x2/*37;n/a;Indeterminate;none
*36x2/*38;0.0;Poor Metabolizer;Abnormal/Priority/High Risk
*36x2/*39;1.0;Intermediate Metabolizer;Abnormal/Priority/High Risk
*36x2/*40;0.0;Poor Metabolizer;Abnormal/Priority/High Risk
*36x2/*41;0.25;Intermediate Metabolizer;Abnormal/Priority/High Risk
*36x2/*41x2;0.5;Intermediate Metabolizer;Abnormal/Priority/High Risk
*36x2/*41x3;0.75;Intermediate Metabolizer;Abnormal/Priority/High Risk
*36x2/*42;0.0;Poor Metabolizer;Abnormal/Priority/High Risk
*36x2/*43;n/a;Indeterminate;none
*36x2/*43x2;n/a;Indeterminate;none
*36x2/*44;0.0;Poor Metabolizer;Abnormal/Priority/High Risk
*36x2/*45;1.0;Intermediate Metabolizer;Abnormal/Priority/High Risk
*36x2/*45x2;2.0;Normal Metabolizer;Normal/Routine/ Low Risk
*36x2/*46;1.0;Intermediate Metabolizer;Abnormal/Priority/High Risk
*36x2/*47;0.0;Poor Metabolizer;Abnormal/Priority/High Risk
*36x2/*48;1.0;Intermediate Metabolizer;Abnormal/Priority/High Risk
*36x2/*49;0.5;Intermediate Metabolizer;Abnormal/Priority/High Risk
*36x2/*50;0.5;Intermediate Metabolizer;Abnormal/Priority/High Risk
*36x2/*51;0.0;Poor Metabolizer;Abnormal/Priority/High Risk
*36x2/*52;0.25;Intermediate Metabolizer;Abnormal/Priority/High Risk
*36x2/*53;1.0;Intermediate Metabolizer;Abnormal/Priority/High Risk
*36x2/*54;0.5;Intermediate Metabolizer;Abnormal/Priority/High Risk
*36x2/*55;0.5;Intermediate Metabolizer;Abnormal/Priority/High Risk
*36x2/*56;0.0;Poor Metabolizer;Abnormal/Priority/High Risk
*36x2/*57;0.0;Poor Metabolizer;Abnormal/Priority/High Risk
*36x2/*58;n/a;Indeterminate;none
*36x2/*59;0.5;Intermediate Metabolizer;Abnormal/Priority/High Risk
*36x2/*60;0.0;Poor Metabolizer;Abnormal/Priority/High Risk
*36x2/*61;n/a;Indeterminate;none
*36x2/*62;0.0;Poor Metabolizer;Abnormal/Priority/High Risk
*36x2/*63;n/a;Indeterminate;none
*36x2/*64;n/a;Indeterminate;none
*36x2/*65;n/a;Indeterminate;none
*36x2/*68;0.0;Poor Metabolizer;Abnormal/Priority/High Risk
*36x2/*69;0.0;Poor Metabolizer;Abnormal/Priority/High Risk
*36x2/*70;n/a;Indeterminate;none
*36x2/*71;n/a;Indeterminate;none
*36x2/*72;n/a;Indeterminate;none
*36x2/*73;n/a;Indeterminate;none
*36x2/*74;n/a;Indeterminate;none
*36x2/*75;n/a;Indeterminate;none
*36x2/*81;0.0;Poor Metabolizer;Abnormal/Priority/High Risk
*36x2/*82;n/a;Indeterminate;none
*36x2/*83;n/a;Indeterminate;none
*36x2/*84;n/a;Indeterminate;none
*36x2/*85;n/a;Indeterminate;none
*36x2/*86;n/a;Indeterminate;none
*36x2/*87;n/a;Indeterminate;none
*36x2/*88;n/a;Indeterminate;none
*36x2/*89;n/a;Indeterminate;none
*36x2/*90;n/a;Indeterminate;none
*36x2/*91;0.25;Intermediate Metabolizer;Abnormal/Priority/High Risk
*36x2/*92;0.0;Poor Metabolizer;Abnormal/Priority/High Risk
*36x2/*93;n/a;Indeterminate;none
*36x2/*94;n/a;Indeterminate;none
*36x2/*95;n/a;Indeterminate;none
*36x2/*96;0.0;Poor Metabolizer;Abnormal/Priority/High Risk
*36x2/*97;n/a;Indeterminate;none
*36x2/*98;n/a;Indeterminate;none
*36x2/*99;0.0;Poor Metabolizer;Abnormal/Priority/High Risk
*36x2/*100;0.0;Poor Metabolizer;Abnormal/Priority/High Risk
*36x2/*101;0.0;Poor Metabolizer;Abnormal/Priority/High Risk
*36x2/*102;n/a;Indeterminate;none
*36x2/*103;n/a;Indeterminate;none
*36x2/*104;n/a;Indeterminate;none
*36x2/*105;n/a;Indeterminate;none
*36x2/*106;n/a;Indeterminate;none
*36x2/*107;n/a;Indeterminate;none
*36x2/*108;n/a;Indeterminate;none
*36x2/*109;0.25;Intermediate Metabolizer;Abnormal/Priority/High Risk
*36x2/*110;n/a;Indeterminate;none
*36x2/*111;n/a;Indeterminate;none
*36x2/*112;n/a;Indeterminate;none
*36x2/*113;n/a;Indeterminate;none
*36x2/*114;0.0;Poor Metabolizer;Abnormal/Priority/High Risk
*36x2/*115;n/a;Indeterminate;none
*36x2/*116;n/a;Indeterminate;none
*36x2/*117;n/a;Indeterminate;none
*36x2/*118;n/a;Indeterminate;none
*36x2/*119;0.25;Intermediate Metabolizer;Abnormal/Priority/High Risk
*36x2/*120;0.0;Poor Metabolizer;Abnormal/Priority/High Risk
*36x2/*121;n/a;Indeterminate;none
*36x2/*122;n/a;Indeterminate;none
*36x2/*123;n/a;Indeterminate;none
*36x2/*124;0.0;Poor Metabolizer;Abnormal/Priority/High Risk
*36x2/*125;n/a;Indeterminate;none
*36x2/*126;n/a;Indeterminate;none
*36x2/*127;n/a;Indeterminate;none
*36x2/*128;n/a;Indeterminate;none
*36x2/*129;0.0;Poor Metabolizer;Abnormal/Priority/High Risk
*36x2/*130;n/a;Indeterminate;none
*36x2/*131;n/a;Indeterminate;none
*36x2/*132;0.25;Intermediate Metabolizer;Abnormal/Priority/High Risk
*36x2/*133;n/a;Indeterminate;none
*36x2/*134;n/a;Indeterminate;none
*36x2/*135;n/a;Indeterminate;none
*36x2/*136;n/a;Indeterminate;none
*36x2/*137;n/a;Indeterminate;none
*36x2/*138;n/a;Indeterminate;none
*36x2/*139;n/a;Indeterminate;none
*36x2/*140;n/a;Indeterminate;none
*36x2/*141;n/a;Indeterminate;none
*36x2/*142;n/a;Indeterminate;none
*36x2/*143;0.0;Poor Metabolizer;Abnormal/Priority/High Risk
*36x2/*144;0.0;Poor Metabolizer;Abnormal/Priority/High Risk
*36x2/*145;n/a;Indeterminate;none
*36x2/*146;n/a;Indeterminate;none
*36x2/*146x2;n/a;Indeterminate;none
*36x2/*147;n/a;Indeterminate;none
*36x2/*148;n/a;Indeterminate;none
*36x2/*149;n/a;Indeterminate;none
*36x2/*152;n/a;Indeterminate;none
*36x2/*153;n/a;Indeterminate;none
*36x2/*154;n/a;Indeterminate;none
*36x2/*155;n/a;Indeterminate;none
*36x2/*156;0.0;Poor Metabolizer;Abnormal/Priority/High Risk
*36x2/*157;n/a;Indeterminate;none
*36x2/*158;n/a;Indeterminate;none
*36x2/*159;n/a;Indeterminate;none
*36x2/*160;n/a;Indeterminate;none
*36x2/*161;0.0;Poor Metabolizer;Abnormal/Priority/High Risk
*36x2/*162;n/a;Indeterminate;none
*36x2/*163;n/a;Indeterminate;none
*37/*37;n/a;Indeterminate;none
*37/*38;n/a;Indeterminate;none
*37/*39;n/a;Indeterminate;none
*37/*40;n/a;Indeterminate;none
*37/*41;n/a;Indeterminate;none
*37/*41x2;n/a;Indeterminate;none
*37/*41x3;n/a;Indeterminate;none
*37/*42;n/a;Indeterminate;none
*37/*43;n/a;Indeterminate;none
*37/*43x2;n/a;Indeterminate;none
*37/*44;n/a;Indeterminate;none
*37/*45;n/a;Indeterminate;none
*37/*45x2;n/a;Indeterminate;none
*37/*46;n/a;Indeterminate;none
*37/*47;n/a;Indeterminate;none
*37/*48;n/a;Indeterminate;none
*37/*49;n/a;Indeterminate;none
*37/*50;n/a;Indeterminate;none
*37/*51;n/a;Indeterminate;none
*37/*52;n/a;Indeterminate;none
*37/*53;n/a;Indeterminate;none
*37/*54;n/a;Indeterminate;none
*37/*55;n/a;Indeterminate;none
*37/*56;n/a;Indeterminate;none
*37/*57;n/a;Indeterminate;none
*37/*58;n/a;Indeterminate;none
*37/*59;n/a;Indeterminate;none
*37/*60;n/a;Indeterminate;none
*37/*61;n/a;Indeterminate;none
*37/*62;n/a;Indeterminate;none
*37/*63;n/a;Indeterminate;none
*37/*64;n/a;Indeterminate;none
*37/*65;n/a;Indeterminate;none
*37/*68;n/a;Indeterminate;none
*37/*69;n/a;Indeterminate;none
*37/*70;n/a;Indeterminate;none
*37/*71;n/a;Indeterminate;none
*37/*72;n/a;Indeterminate;none
*37/*73;n/a;Indeterminate;none
*37/*74;n/a;Indeterminate;none
*37/*75;n/a;Indeterminate;none
*37/*81;n/a;Indeterminate;none
*37/*82;n/a;Indeterminate;none
*37/*83;n/a;Indeterminate;none
*37/*84;n/a;Indeterminate;none
*37/*85;n/a;Indeterminate;none
*37/*86;n/a;Indeterminate;none
*37/*87;n/a;Indeterminate;none
*37/*88;n/a;Indeterminate;none
*37/*89;n/a;Indeterminate;none
*37/*90;n/a;Indeterminate;none
*37/*91;n/a;Indeterminate;none
*37/*92;n/a;Indeterminate;none
*37/*93;n/a;Indeterminate;none
*37/*94;n/a;Indeterminate;none
*37/*95;n/a;Indeterminate;none
*37/*96;n/a;Indeterminate;none
*37/*97;n/a;Indeterminate;none
*37/*98;n/a;Indeterminate;none
*37/*99;n/a;Indeterminate;none
*37/*100;n/a;Indeterminate;none
*37/*101;n/a;Indeterminate;none
*37/*102;n/a;Indeterminate;none
*37/*103;n/a;Indeterminate;none
*37/*104;n/a;Indeterminate;none
*37/*105;n/a;Indeterminate;none
*37/*106;n/a;Indeterminate;none
*37/*107;n/a;Indeterminate;none
*37/*108;n/a;Indeterminate;none
*37/*109;n/a;Indeterminate;none
*37/*110;n/a;Indeterminate;none
*37/*111;n/a;Indeterminate;none
*37/*112;n/a;Indeterminate;none
*37/*113;n/a;Indeterminate;none
*37/*114;n/a;Indeterminate;none
*37/*115;n/a;Indeterminate;none
*37/*116;n/a;Indeterminate;none
*37/*117;n/a;Indeterminate;none
*37/*118;n/a;Indeterminate;none
*37/*119;n/a;Indeterminate;none
*37/*120;n/a;Indeterminate;none
*37/*121;n/a;Indeterminate;none
*37/*122;n/a;Indeterminate;none
*37/*123;n/a;Indeterminate;none
*37/*124;n/a;Indeterminate;none
*37/*125;n/a;Indeterminate;none
*37/*126;n/a;Indeterminate;none
*37/*127;n/a;Indeterminate;none
*37/*128;n/a;Indeterminate;none
*37/*129;n/a;Indeterminate;none
*37/*130;n/a;Indeterminate;none
*37/*131;n/a;Indeterminate;none
*37/*132;n/a;Indeterminate;none
*37/*133;n/a;Indeterminate;none
*37/*134;n/a;Indeterminate;none
*37/*135;n/a;Indeterminate;none
*37/*136;n/a;Indeterminate;none
*37/*137;n/a;Indeterminate;none
*37/*138;n/a;Indeterminate;none
*37/*139;n/a;Indeterminate;none
*37/*140;n/a;Indeterminate;none
*37/*141;n/a;Indeterminate;none
*37/*142;n/a;Indeterminate;none
*37/*143;n/a;Indeterminate;none
*37/*144;n/a;Indeterminate;none
*37/*145;n/a;Indeterminate;none
*37/*146;n/a;Indeterminate;none
*37/*146x2;n/a;Indeterminate;none
*37/*147;n/a;Indeterminate;none
*37/*148;n/a;Indeterminate;none
*37/*149;n/a;Indeterminate;none
*37/*152;n/a;Indeterminate;none
*37/*153;n/a;Indeterminate;none
*37/*154;n/a;Indeterminate;none
*37/*155;n/a;Indeterminate;none
*37/*156;n/a;Indeterminate;none
*37/*157;n/a;Indeterminate;none
*37/*158;n/a;Indeterminate;none
*37/*159;n/a;Indeterminate;none
*37/*160;n/a;Indeterminate;none
*37/*161;n/a;Indeterminate;none
*37/*162;n/a;Indeterminate;none
*37/*163;n/a;Indeterminate;none
*38/*38;0.0;Poor Metabolizer;Abnormal/Priority/High Risk
*38/*39;1.0;Intermediate Metabolizer;Abnormal/Priority/High Risk
*38/*40;0.0;Poor Metabolizer;Abnormal/Priority/High Risk
*38/*41;0.25;Intermediate Metabolizer;Abnormal/Priority/High Risk
*38/*41x2;0.5;Intermediate Metabolizer;Abnormal/Priority/High Risk
*38/*41x3;0.75;Intermediate Metabolizer;Abnormal/Priority/High Risk
*38/*42;0.0;Poor Metabolizer;Abnormal/Priority/High Risk
*38/*43;n/a;Indeterminate;none
*38/*43x2;n/a;Indeterminate;none
*38/*44;0.0;Poor Metabolizer;Abnormal/Priority/High Risk
*38/*45;1.0;Intermediate Metabolizer;Abnormal/Priority/High Risk
*38/*45x2;2.0;Normal Metabolizer;Normal/Routine/ Low Risk
*38/*46;1.0;Intermediate Metabolizer;Abnormal/Priority/High Risk
*38/*47;0.0;Poor Metabolizer;Abnormal/Priority/High Risk
*38/*48;1.0;Intermediate Metabolizer;Abnormal/Priority/High Risk
*38/*49;0.5;Intermediate Metabolizer;Abnormal/Priority/High Risk
*38/*50;0.5;Intermediate Metabolizer;Abnormal/Priority/High Risk
*38/*51;0.0;Poor Metabolizer;Abnormal/Priority/High Risk
*38/*52;0.25;Intermediate Metabolizer;Abnormal/Priority/High Risk
*38/*53;1.0;Intermediate Metabolizer;Abnormal/Priority/High Risk
*38/*54;0.5;Intermediate Metabolizer;Abnormal/Priority/High Risk
*38/*55;0.5;Intermediate Metabolizer;Abnormal/Priority/High Risk
*38/*56;0.0;Poor Metabolizer;Abnormal/Priority/High Risk
*38/*57;0.0;Poor Metabolizer;Abnormal/Priority/High Risk
*38/*58;n/a;Indeterminate;none
*38/*59;0.5;Intermediate Metabolizer;Abnormal/Priority/High Risk
*38/*60;0.0;Poor Metabolizer;Abnormal/Priority/High Risk
*38/*61;n/a;Indeterminate;none
*38/*62;0.0;Poor Metabolizer;Abnormal/Priority/High Risk
*38/*63;n/a;Indeterminate;none
*38/*64;n/a;Indeterminate;none
*38/*65;n/a;Indeterminate;none
*38/*68;0.0;Poor Metabolizer;Abnormal/Priority/High Risk
*38/*69;0.0;Poor Metabolizer;Abnormal/Priority/High Risk
*38/*70;n/a;Indeterminate;none
*38/*71;n/a;Indeterminate;none
*38/*72;n/a;Indeterminate;none
*38/*73;n/a;Indeterminate;none
*38/*74;n/a;Indeterminate;none
*38/*75;n/a;Indeterminate;none
*38/*81;0.0;Poor Metabolizer;Abnormal/Priority/High Risk
*38/*82;n/a;Indeterminate;none
*38/*83;n/a;Indeterminate;none
*38/*84;n/a;Indeterminate;none
*38/*85;n/a;Indeterminate;none
*38/*86;n/a;Indeterminate;none
*38/*87;n/a;Indeterminate;none
*38/*88;n/a;Indeterminate;none
*38/*89;n/a;Indeterminate;none
*38/*90;n/a;Indeterminate;none
*38/*91;0.25;Intermediate Metabolizer;Abnormal/Priority/High Risk
*38/*92;0.0;Poor Metabolizer;Abnormal/Priority/High Risk
*38/*93;n/a;Indeterminate;none
*38/*94;n/a;Indeterminate;none
*38/*95;n/a;Indeterminate;none
*38/*96;0.0;Poor Metabolizer;Abnormal/Priority/High Risk
*38/*97;n/a;Indeterminate;none
*38/*98;n/a;Indeterminate;none
*38/*99;0.0;Poor Metabolizer;Abnormal/Priority/High Risk
*38/*100;0.0;Poor Metabolizer;Abnormal/Priority/High Risk
*38/*101;0.0;Poor Metabolizer;Abnormal/Priority/High Risk
*38/*102;n/a;Indeterminate;none
*38/*103;n/a;Indeterminate;none
*38/*104;n/a;Indeterminate;none
*38/*105;n/a;Indeterminate;none
*38/*106;n/a;Indeterminate;none
*38/*107;n/a;Indeterminate;none
*38/*108;n/a;Indeterminate;none
*38/*109;0.25;Intermediate Metabolizer;Abnormal/Priority/High Risk
*38/*110;n/a;Indeterminate;none
*38/*111;n/a;Indeterminate;none
*38/*112;n/a;Indeterminate;none
*38/*113;n/a;Indeterminate;none
*38/*114;0.0;Poor Metabolizer;Abnormal/Priority/High Risk
*38/*115;n/a;Indeterminate;none
*38/*116;n/a;Indeterminate;none
*38/*117;n/a;Indeterminate;none
*38/*118;n/a;Indeterminate;none
*38/*119;0.25;Intermediate Metabolizer;Abnormal/Priority/High Risk
*38/*120;0.0;Poor Metabolizer;Abnormal/Priority/High Risk
*38/*121;n/a;Indeterminate;none
*38/*122;n/a;Indeterminate;none
*38/*123;n/a;Indeterminate;none
*38/*124;0.0;Poor Metabolizer;Abnormal/Priority/High Risk
*38/*125;n/a;Indeterminate;none
*38/*126;n/a;Indeterminate;none
*38/*127;n/a;Indeterminate;none
*38/*128;n/a;Indeterminate;none
*38/*129;0.0;Poor Metabolizer;Abnormal/Priority/High Risk
*38/*130;n/a;Indeterminate;none
*38/*131;n/a;Indeterminate;none
*38/*132;0.25;Intermediate Metabolizer;Abnormal/Priority/High Risk
*38/*133;n/a;Indeterminate;none
*38/*134;n/a;Indeterminate;none
*38/*135;n/a;Indeterminate;none
*38/*136;n/a;Indeterminate;none
*38/*137;n/a;Indeterminate;none
*38/*138;n/a;Indeterminate;none
*38/*139;n/a;Indeterminate;none
*38/*140;n/a;Indeterminate;none
*38/*141;n/a;Indeterminate;none
*38/*142;n/a;Indeterminate;none
*38/*143;0.0;Poor Metabolizer;Abnormal/Priority/High Risk
*38/*144;0.0;Poor Metabolizer;Abnormal/Priority/High Risk
*38/*145;n/a;Indeterminate;none
*38/*146;n/a;Indeterminate;none
*38/*146x2;n/a;Indeterminate;none
*38/*147;n/a;Indeterminate;none
*38/*148;n/a;Indeterminate;none
*38/*149;n/a;Indeterminate;none
*38/*152;n/a;Indeterminate;none
*38/*153;n/a;Indeterminate;none
*38/*154;n/a;Indeterminate;none
*38/*155;n/a;Indeterminate;none
*38/*156;0.0;Poor Metabolizer;Abnormal/Priority/High Risk
*38/*157;n/a;Indeterminate;none
*38/*158;n/a;Indeterminate;none
*38/*159;n/a;Indeterminate;none
*38/*160;n/a;Indeterminate;none
*38/*161;0.0;Poor Metabolizer;Abnormal/Priority/High Risk
*38/*162;n/a;Indeterminate;none
*38/*163;n/a;Indeterminate;none
*39/*39;2.0;Normal Metabolizer;Normal/Routine/ Low Risk
*39/*40;1.0;Intermediate Metabolizer;Abnormal/Priority/High Risk
*39/*41;1.25;Normal Metabolizer;Normal/Routine/ Low Risk
*39/*41x2;1.5;Normal Metabolizer;Normal/Routine/ Low Risk
*39/*41x3;1.75;Normal Metabolizer;Normal/Routine/ Low Risk
*39/*42;1.0;Intermediate Metabolizer;Abnormal/Priority/High Risk
*39/*43;n/a;Indeterminate;none
*39/*43x2;n/a;Indeterminate;none
*39/*44;1.0;Intermediate Metabolizer;Abnormal/Priority/High Risk
*39/*45;2.0;Normal Metabolizer;Normal/Routine/ Low Risk
*39/*45x2;3.0;Ultrarapid Metabolizer;Abnormal/Priority/High Risk
*39/*46;2.0;Normal Metabolizer;Normal/Routine/ Low Risk
*39/*47;1.0;Intermediate Metabolizer;Abnormal/Priority/High Risk
*39/*48;2.0;Normal Metabolizer;Normal/Routine/ Low Risk
*39/*49;1.5;Normal Metabolizer;Normal/Routine/ Low Risk
*39/*50;1.5;Normal Metabolizer;Normal/Routine/ Low Risk
*39/*51;1.0;Intermediate Metabolizer;Abnormal/Priority/High Risk
*39/*52;1.25;Normal Metabolizer;Normal/Routine/ Low Risk
*39/*53;2.0;Normal Metabolizer;Normal/Routine/ Low Risk
*39/*54;1.5;Normal Metabolizer;Normal/Routine/ Low Risk
*39/*55;1.5;Normal Metabolizer;Normal/Routine/ Low Risk
*39/*56;1.0;Intermediate Metabolizer;Abnormal/Priority/High Risk
*39/*57;1.0;Intermediate Metabolizer;Abnormal/Priority/High Risk
*39/*58;n/a;Indeterminate;none
*39/*59;1.5;Normal Metabolizer;Normal/Routine/ Low Risk
*39/*60;1.0;Intermediate Metabolizer;Abnormal/Priority/High Risk
*39/*61;n/a;Indeterminate;none
*39/*62;1.0;Intermediate Metabolizer;Abnormal/Priority/High Risk
*39/*63;n/a;Indeterminate;none
*39/*64;n/a;Indeterminate;none
*39/*65;n/a;Indeterminate;none
*39/*68;1.0;Intermediate Metabolizer;Abnormal/Priority/High Risk
*39/*69;1.0;Intermediate Metabolizer;Abnormal/Priority/High Risk
*39/*70;n/a;Indeterminate;none
*39/*71;n/a;Indeterminate;none
*39/*72;n/a;Indeterminate;none
*39/*73;n/a;Indeterminate;none
*39/*74;n/a;Indeterminate;none
*39/*75;n/a;Indeterminate;none
*39/*81;1.0;Intermediate Metabolizer;Abnormal/Priority/High Risk
*39/*82;n/a;Indeterminate;none
*39/*83;n/a;Indeterminate;none
*39/*84;n/a;Indeterminate;none
*39/*85;n/a;Indeterminate;none
*39/*86;n/a;Indeterminate;none
*39/*87;n/a;Indeterminate;none
*39/*88;n/a;Indeterminate;none
*39/*89;n/a;Indeterminate;none
*39/*90;n/a;Indeterminate;none
*39/*91;1.25;Normal Metabolizer;Normal/Routine/ Low Risk
*39/*92;1.0;Intermediate Metabolizer;Abnormal/Priority/High Risk
*39/*93;n/a;Indeterminate;none
*39/*94;n/a;Indeterminate;none
*39/*95;n/a;Indeterminate;none
*39/*96;1.0;Intermediate Metabolizer;Abnormal/Priority/High Risk
*39/*97;n/a;Indeterminate;none
*39/*98;n/a;Indeterminate;none
*39/*99;1.0;Intermediate Metabolizer;Abnormal/Priority/High Risk
*39/*100;1.0;Intermediate Metabolizer;Abnormal/Priority/High Risk
*39/*101;1.0;Intermediate Metabolizer;Abnormal/Priority/High Risk
*39/*102;n/a;Indeterminate;none
*39/*103;n/a;Indeterminate;none
*39/*104;n/a;Indeterminate;none
*39/*105;n/a;Indeterminate;none
*39/*106;n/a;Indeterminate;none
*39/*107;n/a;Indeterminate;none
*39/*108;n/a;Indeterminate;none
*39/*109;1.25;Normal Metabolizer;Normal/Routine/ Low Risk
*39/*110;n/a;Indeterminate;none
*39/*111;n/a;Indeterminate;none
*39/*112;n/a;Indeterminate;none
*39/*113;n/a;Indeterminate;none
*39/*114;1.0;Intermediate Metabolizer;Abnormal/Priority/High Risk
*39/*115;n/a;Indeterminate;none
*39/*116;n/a;Indeterminate;none
*39/*117;n/a;Indeterminate;none
*39/*118;n/a;Indeterminate;none
*39/*119;1.25;Normal Metabolizer;Normal/Routine/ Low Risk
*39/*120;1.0;Intermediate Metabolizer;Abnormal/Priority/High Risk
*39/*121;n/a;Indeterminate;none
*39/*122;n/a;Indeterminate;none
*39/*123;n/a;Indeterminate;none
*39/*124;1.0;Intermediate Metabolizer;Abnormal/Priority/High Risk
*39/*125;n/a;Indeterminate;none
*39/*126;n/a;Indeterminate;none
*39/*127;n/a;Indeterminate;none
*39/*128;n/a;Indeterminate;none
*39/*129;1.0;Intermediate Metabolizer;Abnormal/Priority/High Risk
*39/*130;n/a;Indeterminate;none
*39/*131;n/a;Indeterminate;none
*39/*132;1.25;Normal Metabolizer;Normal/Routine/ Low Risk
*39/*133;n/a;Indeterminate;none
*39/*134;n/a;Indeterminate;none
*39/*135;n/a;Indeterminate;none
*39/*136;n/a;Indeterminate;none
*39/*137;n/a;Indeterminate;none
*39/*138;n/a;Indeterminate;none
*39/*139;n/a;Indeterminate;none
*39/*140;n/a;Indeterminate;none
*39/*141;n/a;Indeterminate;none
*39/*142;n/a;Indeterminate;none
*39/*143;1.0;Intermediate Metabolizer;Abnormal/Priority/High Risk
*39/*144;1.0;Intermediate Metabolizer;Abnormal/Priority/High Risk
*39/*145;n/a;Indeterminate;none
*39/*146;n/a;Indeterminate;none
*39/*146x2;n/a;Indeterminate;none
*39/*147;n/a;Indeterminate;none
*39/*148;n/a;Indeterminate;none
*39/*149;n/a;Indeterminate;none
*39/*152;n/a;Indeterminate;none
*39/*153;n/a;Indeterminate;none
*39/*154;n/a;Indeterminate;none
*39/*155;n/a;Indeterminate;none
*39/*156;1.0;Intermediate Metabolizer;Abnormal/Priority/High Risk
*39/*157;n/a;Indeterminate;none
*39/*158;n/a;Indeterminate;none
*39/*159;n/a;Indeterminate;none
*39/*160;n/a;Indeterminate;none
*39/*161;1.0;Intermediate Metabolizer;Abnormal/Priority/High Risk
*39/*162;n/a;Indeterminate;none
*39/*163;n/a;Indeterminate;none
*40/*40;0.0;Poor Metabolizer;Abnormal/Priority/High Risk
*40/*41;0.25;Intermediate Metabolizer;Abnormal/Priority/High Risk
*40/*41x2;0.5;Intermediate Metabolizer;Abnormal/Priority/High Risk
*40/*41x3;0.75;Intermediate Metabolizer;Abnormal/Priority/High Risk
*40/*42;0.0;Poor Metabolizer;Abnormal/Priority/High Risk
*40/*43;n/a;Indeterminate;none
*40/*43x2;n/a;Indeterminate;none
*40/*44;0.0;Poor Metabolizer;Abnormal/Priority/High Risk
*40/*45;1.0;Intermediate Metabolizer;Abnormal/Priority/High Risk
*40/*45x2;2.0;Normal Metabolizer;Normal/Routine/ Low Risk
*40/*46;1.0;Intermediate Metabolizer;Abnormal/Priority/High Risk
*40/*47;0.0;Poor Metabolizer;Abnormal/Priority/High Risk
*40/*48;1.0;Intermediate Metabolizer;Abnormal/Priority/High Risk
*40/*49;0.5;Intermediate Metabolizer;Abnormal/Priority/High Risk
*40/*50;0.5;Intermediate Metabolizer;Abnormal/Priority/High Risk
*40/*51;0.0;Poor Metabolizer;Abnormal/Priority/High Risk
*40/*52;0.25;Intermediate Metabolizer;Abnormal/Priority/High Risk
*40/*53;1.0;Intermediate Metabolizer;Abnormal/Priority/High Risk
*40/*54;0.5;Intermediate Metabolizer;Abnormal/Priority/High Risk
*40/*55;0.5;Intermediate Metabolizer;Abnormal/Priority/High Risk
*40/*56;0.0;Poor Metabolizer;Abnormal/Priority/High Risk
*40/*57;0.0;Poor Metabolizer;Abnormal/Priority/High Risk
*40/*58;n/a;Indeterminate;none
*40/*59;0.5;Intermediate Metabolizer;Abnormal/Priority/High Risk
*40/*60;0.0;Poor Metabolizer;Abnormal/Priority/High Risk
*40/*61;n/a;Indeterminate;none
*40/*62;0.0;Poor Metabolizer;Abnormal/Priority/High Risk
*40/*63;n/a;Indeterminate;none
*40/*64;n/a;Indeterminate;none
*40/*65;n/a;Indeterminate;none
*40/*68;0.0;Poor Metabolizer;Abnormal/Priority/High Risk
*40/*69;0.0;Poor Metabolizer;Abnormal/Priority/High Risk
*40/*70;n/a;Indeterminate;none
*40/*71;n/a;Indeterminate;none
*40/*72;n/a;Indeterminate;none
*40/*73;n/a;Indeterminate;none
*40/*74;n/a;Indeterminate;none
*40/*75;n/a;Indeterminate;none
*40/*81;0.0;Poor Metabolizer;Abnormal/Priority/High Risk
*40/*82;n/a;Indeterminate;none
*40/*83;n/a;Indeterminate;none
*40/*84;n/a;Indeterminate;none
*40/*85;n/a;Indeterminate;none
*40/*86;n/a;Indeterminate;none
*40/*87;n/a;Indeterminate;none
*40/*88;n/a;Indeterminate;none
*40/*89;n/a;Indeterminate;none
*40/*90;n/a;Indeterminate;none
*40/*91;0.25;Intermediate Metabolizer;Abnormal/Priority/High Risk
*40/*92;0.0;Poor Metabolizer;Abnormal/Priority/High Risk
*40/*93;n/a;Indeterminate;none
*40/*94;n/a;Indeterminate;none
*40/*95;n/a;Indeterminate;none
*40/*96;0.0;Poor Metabolizer;Abnormal/Priority/High Risk
*40/*97;n/a;Indeterminate;none
*40/*98;n/a;Indeterminate;none
*40/*99;0.0;Poor Metabolizer;Abnormal/Priority/High Risk
*40/*100;0.0;Poor Metabolizer;Abnormal/Priority/High Risk
*40/*101;0.0;Poor Metabolizer;Abnormal/Priority/High Risk
*40/*102;n/a;Indeterminate;none
*40/*103;n/a;Indeterminate;none
*40/*104;n/a;Indeterminate;none
*40/*105;n/a;Indeterminate;none
*40/*106;n/a;Indeterminate;none
*40/*107;n/a;Indeterminate;none
*40/*108;n/a;Indeterminate;none
*40/*109;0.25;Intermediate Metabolizer;Abnormal/Priority/High Risk
*40/*110;n/a;Indeterminate;none
*40/*111;n/a;Indeterminate;none
*40/*112;n/a;Indeterminate;none
*40/*113;n/a;Indeterminate;none
*40/*114;0.0;Poor Metabolizer;Abnormal/Priority/High Risk
*40/*115;n/a;Indeterminate;none
*40/*116;n/a;Indeterminate;none
*40/*117;n/a;Indeterminate;none
*40/*118;n/a;Indeterminate;none
*40/*119;0.25;Intermediate Metabolizer;Abnormal/Priority/High Risk
*40/*120;0.0;Poor Metabolizer;Abnormal/Priority/High Risk
*40/*121;n/a;Indeterminate;none
*40/*122;n/a;Indeterminate;none
*40/*123;n/a;Indeterminate;none
*40/*124;0.0;Poor Metabolizer;Abnormal/Priority/High Risk
*40/*125;n/a;Indeterminate;none
*40/*126;n/a;Indeterminate;none
*40/*127;n/a;Indeterminate;none
*40/*128;n/a;Indeterminate;none
*40/*129;0.0;Poor Metabolizer;Abnormal/Priority/High Risk
*40/*130;n/a;Indeterminate;none
*40/*131;n/a;Indeterminate;none
*40/*132;0.25;Intermediate Metabolizer;Abnormal/Priority/High Risk
*40/*133;n/a;Indeterminate;none
*40/*134;n/a;Indeterminate;none
*40/*135;n/a;Indeterminate;none
*40/*136;n/a;Indeterminate;none
*40/*137;n/a;Indeterminate;none
*40/*138;n/a;Indeterminate;none
*40/*139;n/a;Indeterminate;none
*40/*140;n/a;Indeterminate;none
*40/*141;n/a;Indeterminate;none
*40/*142;n/a;Indeterminate;none
*40/*143;0.0;Poor Metabolizer;Abnormal/Priority/High Risk
*40/*144;0.0;Poor Metabolizer;Abnormal/Priority/High Risk
*40/*145;n/a;Indeterminate;none
*40/*146;n/a;Indeterminate;none
*40/*146x2;n/a;Indeterminate;none
*40/*147;n/a;Indeterminate;none
*40/*148;n/a;Indeterminate;none
*40/*149;n/a;Indeterminate;none
*40/*152;n/a;Indeterminate;none
*40/*153;n/a;Indeterminate;none
*40/*154;n/a;Indeterminate;none
*40/*155;n/a;Indeterminate;none
*40/*156;0.0;Poor Metabolizer;Abnormal/Priority/High Risk
*40/*157;n/a;Indeterminate;none
*40/*158;n/a;Indeterminate;none
*40/*159;n/a;Indeterminate;none
*40/*160;n/a;Indeterminate;none
*40/*161;0.0;Poor Metabolizer;Abnormal/Priority/High Risk
*40/*162;n/a;Indeterminate;none
*40/*163;n/a;Indeterminate;none
*41/*41;0.5;Intermediate Metabolizer;Abnormal/Priority/High Risk
*41/*41x2;0.75;Intermediate Metabolizer;Abnormal/Priority/High Risk
*41/*41x3;1.0;Intermediate Metabolizer;Abnormal/Priority/High Risk
*41/*42;0.25;Intermediate Metabolizer;Abnormal/Priority/High Risk
*41/*43;n/a;Indeterminate;none
*41/*43x2;n/a;Indeterminate;none
*41/*44;0.25;Intermediate Metabolizer;Abnormal/Priority/High Risk
*41/*45;1.25;Normal Metabolizer;Normal/Routine/ Low Risk
*41/*45x2;2.25;Normal Metabolizer;Normal/Routine/ Low Risk
*41/*46;1.25;Normal Metabolizer;Normal/Routine/ Low Risk
*41/*47;0.25;Intermediate Metabolizer;Abnormal/Priority/High Risk
*41/*48;1.25;Normal Metabolizer;Normal/Routine/ Low Risk
*41/*49;0.75;Intermediate Metabolizer;Abnormal/Priority/High Risk
*41/*50;0.75;Intermediate Metabolizer;Abnormal/Priority/High Risk
*41/*51;0.25;Intermediate Metabolizer;Abnormal/Priority/High Risk
*41/*52;0.5;Intermediate Metabolizer;Abnormal/Priority/High Risk
*41/*53;1.25;Normal Metabolizer;Normal/Routine/ Low Risk
*41/*54;0.75;Intermediate Metabolizer;Abnormal/Priority/High Risk
*41/*55;0.75;Intermediate Metabolizer;Abnormal/Priority/High Risk
*41/*56;0.25;Intermediate Metabolizer;Abnormal/Priority/High Risk
*41/*57;0.25;Intermediate Metabolizer;Abnormal/Priority/High Risk
*41/*58;n/a;Indeterminate;none
*41/*59;0.75;Intermediate Metabolizer;Abnormal/Priority/High Risk
*41/*60;0.25;Intermediate Metabolizer;Abnormal/Priority/High Risk
*41/*61;n/a;Indeterminate;none
*41/*62;0.25;Intermediate Metabolizer;Abnormal/Priority/High Risk
*41/*63;n/a;Indeterminate;none
*41/*64;n/a;Indeterminate;none
*41/*65;n/a;Indeterminate;none
*41/*68;0.25;Intermediate Metabolizer;Abnormal/Priority/High Risk
*41/*69;0.25;Intermediate Metabolizer;Abnormal/Priority/High Risk
*41/*70;n/a;Indeterminate;none
*41/*71;n/a;Indeterminate;none
*41/*72;n/a;Indeterminate;none
*41/*73;n/a;Indeterminate;none
*41/*74;n/a;Indeterminate;none
*41/*75;n/a;Indeterminate;none
*41/*81;0.25;Intermediate Metabolizer;Abnormal/Priority/High Risk
*41/*82;n/a;Indeterminate;none
*41/*83;n/a;Indeterminate;none
*41/*84;n/a;Indeterminate;none
*41/*85;n/a;Indeterminate;none
*41/*86;n/a;Indeterminate;none
*41/*87;n/a;Indeterminate;none
*41/*88;n/a;Indeterminate;none
*41/*89;n/a;Indeterminate;none
*41/*90;n/a;Indeterminate;none
*41/*91;0.5;Intermediate Metabolizer;Abnormal/Priority/High Risk
*41/*92;0.25;Intermediate Metabolizer;Abnormal/Priority/High Risk
*41/*93;n/a;Indeterminate;none
*41/*94;n/a;Indeterminate;none
*41/*95;n/a;Indeterminate;none
*41/*96;0.25;Intermediate Metabolizer;Abnormal/Priority/High Risk
*41/*97;n/a;Indeterminate;none
*41/*98;n/a;Indeterminate;none
*41/*99;0.25;Intermediate Metabolizer;Abnormal/Priority/High Risk
*41/*100;0.25;Intermediate Metabolizer;Abnormal/Priority/High Risk
*41/*101;0.25;Intermediate Metabolizer;Abnormal/Priority/High Risk
*41/*102;n/a;Indeterminate;none
*41/*103;n/a;Indeterminate;none
*41/*104;n/a;Indeterminate;none
*41/*105;n/a;Indeterminate;none
*41/*106;n/a;Indeterminate;none
*41/*107;n/a;Indeterminate;none
*41/*108;n/a;Indeterminate;none
*41/*109;0.5;Intermediate Metabolizer;Abnormal/Priority/High Risk
*41/*110;n/a;Indeterminate;none
*41/*111;n/a;Indeterminate;none
*41/*112;n/a;Indeterminate;none
*41/*113;n/a;Indeterminate;none
*41/*114;0.25;Intermediate Metabolizer;Abnormal/Priority/High Risk
*41/*115;n/a;Indeterminate;none
*41/*116;n/a;Indeterminate;none
*41/*117;n/a;Indeterminate;none
*41/*118;n/a;Indeterminate;none
*41/*119;0.5;Intermediate Metabolizer;Abnormal/Priority/High Risk
*41/*120;0.25;Intermediate Metabolizer;Abnormal/Priority/High Risk
*41/*121;n/a;Indeterminate;none
*41/*122;n/a;Indeterminate;none
*41/*123;n/a;Indeterminate;none
*41/*124;0.25;Intermediate Metabolizer;Abnormal/Priority/High Risk
*41/*125;n/a;Indeterminate;none
*41/*126;n/a;Indeterminate;none
*41/*127;n/a;Indeterminate;none
*41/*128;n/a;Indeterminate;none
*41/*129;0.25;Intermediate Metabolizer;Abnormal/Priority/High Risk
*41/*130;n/a;Indeterminate;none
*41/*131;n/a;Indeterminate;none
*41/*132;0.5;Intermediate Metabolizer;Abnormal/Priority/High Risk
*41/*133;n/a;Indeterminate;none
*41/*134;n/a;Indeterminate;none
*41/*135;n/a;Indeterminate;none
*41/*136;n/a;Indeterminate;none
*41/*137;n/a;Indeterminate;none
*41/*138;n/a;Indeterminate;none
*41/*139;n/a;Indeterminate;none
*41/*140;n/a;Indeterminate;none
*41/*141;n/a;Indeterminate;none
*41/*142;n/a;Indeterminate;none
*41/*143;0.25;Intermediate Metabolizer;Abnormal/Priority/High Risk
*41/*144;0.25;Intermediate Metabolizer;Abnormal/Priority/High Risk
*41/*145;n/a;Indeterminate;none
*41/*146;n/a;Indeterminate;none
*41/*146x2;n/a;Indeterminate;none
*41/*147;n/a;Indeterminate;none
*41/*148;n/a;Indeterminate;none
*41/*149;n/a;Indeterminate;none
*41/*152;n/a;Indeterminate;none
*41/*153;n/a;Indeterminate;none
*41/*154;n/a;Indeterminate;none
*41/*155;n/a;Indeterminate;none
*41/*156;0.25;Intermediate Metabolizer;Abnormal/Priority/High Risk
*41/*157;n/a;Indeterminate;none
*41/*158;n/a;Indeterminate;none
*41/*159;n/a;Indeterminate;none
*41/*160;n/a;Indeterminate;none
*41/*161;0.25;Intermediate Metabolizer;Abnormal/Priority/High Risk
*41/*162;n/a;Indeterminate;none
*41/*163;n/a;Indeterminate;none
*41x2/*41x2;1.0;Intermediate Metabolizer;Abnormal/Priority/High Risk
*41x2/*41x3;1.25;Normal Metabolizer;Normal/Routine/ Low Risk
*41x2/*42;0.5;Intermediate Metabolizer;Abnormal/Priority/High Risk
*41x2/*43;n/a;Indeterminate;none
*41x2/*43x2;n/a;Indeterminate;none
*41x2/*44;0.5;Intermediate Metabolizer;Abnormal/Priority/High Risk
*41x2/*45;1.5;Normal Metabolizer;Normal/Routine/ Low Risk
*41x2/*45x2;2.5;Ultrarapid Metabolizer;Abnormal/Priority/High Risk
*41x2/*46;1.5;Normal Metabolizer;Normal/Routine/ Low Risk
*41x2/*47;0.5;Intermediate Metabolizer;Abnormal/Priority/High Risk
*41x2/*48;1.5;Normal Metabolizer;Normal/Routine/ Low Risk
*41x2/*49;1.0;Intermediate Metabolizer;Abnormal/Priority/High Risk
*41x2/*50;1.0;Intermediate Metabolizer;Abnormal/Priority/High Risk
*41x2/*51;0.5;Intermediate Metabolizer;Abnormal/Priority/High Risk
*41x2/*52;0.75;Intermediate Metabolizer;Abnormal/Priority/High Risk
*41x2/*53;1.5;Normal Metabolizer;Normal/Routine/ Low Risk
*41x2/*54;1.0;Intermediate Metabolizer;Abnormal/Priority/High Risk
*41x2/*55;1.0;Intermediate Metabolizer;Abnormal/Priority/High Risk
*41x2/*56;0.5;Intermediate Metabolizer;Abnormal/Priority/High Risk
*41x2/*57;0.5;Intermediate Metabolizer;Abnormal/Priority/High Risk
*41x2/*58;n/a;Indeterminate;none
*41x2/*59;1.0;Intermediate Metabolizer;Abnormal/Priority/High Risk
*41x2/*60;0.5;Intermediate Metabolizer;Abnormal/Priority/High Risk
*41x2/*61;n/a;Indeterminate;none
*41x2/*62;0.5;Intermediate Metabolizer;Abnormal/Priority/High Risk
*41x2/*63;n/a;Indeterminate;none
*41x2/*64;n/a;Indeterminate;none
*41x2/*65;n/a;Indeterminate;none
*41x2/*68;0.5;Intermediate Metabolizer;Abnormal/Priority/High Risk
*41x2/*69;0.5;Intermediate Metabolizer;Abnormal/Priority/High Risk
*41x2/*70;n/a;Indeterminate;none
*41x2/*71;n/a;Indeterminate;none
*41x2/*72;n/a;Indeterminate;none
*41x2/*73;n/a;Indeterminate;none
*41x2/*74;n/a;Indeterminate;none
*41x2/*75;n/a;Indeterminate;none
*41x2/*81;0.5;Intermediate Metabolizer;Abnormal/Priority/High Risk
*41x2/*82;n/a;Indeterminate;none
*41x2/*83;n/a;Indeterminate;none
*41x2/*84;n/a;Indeterminate;none
*41x2/*85;n/a;Indeterminate;none
*41x2/*86;n/a;Indeterminate;none
*41x2/*87;n/a;Indeterminate;none
*41x2/*88;n/a;Indeterminate;none
*41x2/*89;n/a;Indeterminate;none
*41x2/*90;n/a;Indeterminate;none
*41x2/*91;0.75;Intermediate Metabolizer;Abnormal/Priority/High Risk
*41x2/*92;0.5;Intermediate Metabolizer;Abnormal/Priority/High Risk
*41x2/*93;n/a;Indeterminate;none
*41x2/*94;n/a;Indeterminate;none
*41x2/*95;n/a;Indeterminate;none
*41x2/*96;0.5;Intermediate Metabolizer;Abnormal/Priority/High Risk
*41x2/*97;n/a;Indeterminate;none
*41x2/*98;n/a;Indeterminate;none
*41x2/*99;0.5;Intermediate Metabolizer;Abnormal/Priority/High Risk
*41x2/*100;0.5;Intermediate Metabolizer;Abnormal/Priority/High Risk
*41x2/*101;0.5;Intermediate Metabolizer;Abnormal/Priority/High Risk
*41x2/*102;n/a;Indeterminate;none
*41x2/*103;n/a;Indeterminate;none
*41x2/*104;n/a;Indeterminate;none
*41x2/*105;n/a;Indeterminate;none
*41x2/*106;n/a;Indeterminate;none
*41x2/*107;n/a;Indeterminate;none
*41x2/*108;n/a;Indeterminate;none
*41x2/*109;0.75;Intermediate Metabolizer;Abnormal/Priority/High Risk
*41x2/*110;n/a;Indeterminate;none
*41x2/*111;n/a;Indeterminate;none
*41x2/*112;n/a;Indeterminate;none
*41x2/*113;n/a;Indeterminate;none
*41x2/*114;0.5;Intermediate Metabolizer;Abnormal/Priority/High Risk
*41x2/*115;n/a;Indeterminate;none
*41x2/*116;n/a;Indeterminate;none
*41x2/*117;n/a;Indeterminate;none
*41x2/*118;n/a;Indeterminate;none
*41x2/*119;0.75;Intermediate Metabolizer;Abnormal/Priority/High Risk
*41x2/*120;0.5;Intermediate Metabolizer;Abnormal/Priority/High Risk
*41x2/*121;n/a;Indeterminate;none
*41x2/*122;n/a;Indeterminate;none
*41x2/*123;n/a;Indeterminate;none
*41x2/*124;0.5;Intermediate Metabolizer;Abnormal/Priority/High Risk
*41x2/*125;n/a;Indeterminate;none
*41x2/*126;n/a;Indeterminate;none
*41x2/*127;n/a;Indeterminate;none
*41x2/*128;n/a;Indeterminate;none
*41x2/*129;0.5;Intermediate Metabolizer;Abnormal/Priority/High Risk
*41x2/*130;n/a;Indeterminate;none
*41x2/*131;n/a;Indeterminate;none
*41x2/*132;0.75;Intermediate Metabolizer;Abnormal/Priority/High Risk
*41x2/*133;n/a;Indeterminate;none
*41x2/*134;n/a;Indeterminate;none
*41x2/*135;n/a;Indeterminate;none
*41x2/*136;n/a;Indeterminate;none
*41x2/*137;n/a;Indeterminate;none
*41x2/*138;n/a;Indeterminate;none
*41x2/*139;n/a;Indeterminate;none
*41x2/*140;n/a;Indeterminate;none
*41x2/*141;n/a;Indeterminate;none
*41x2/*142;n/a;Indeterminate;none
*41x2/*143;0.5;Intermediate Metabolizer;Abnormal/Priority/High Risk
*41x2/*144;0.5;Intermediate Metabolizer;Abnormal/Priority/High Risk
*41x2/*145;n/a;Indeterminate;none
*41x2/*146;n/a;Indeterminate;none
*41x2/*146x2;n/a;Indeterminate;none
*41x2/*147;n/a;Indeterminate;none
*41x2/*148;n/a;Indeterminate;none
*41x2/*149;n/a;Indeterminate;none
*41x2/*152;n/a;Indeterminate;none
*41x2/*153;n/a;Indeterminate;none
*41x2/*154;n/a;Indeterminate;none
*41x2/*155;n/a;Indeterminate;none
*41x2/*156;0.5;Intermediate Metabolizer;Abnormal/Priority/High Risk
*41x2/*157;n/a;Indeterminate;none
*41x2/*158;n/a;Indeterminate;none
*41x2/*159;n/a;Indeterminate;none
*41x2/*160;n/a;Indeterminate;none
*41x2/*161;0.5;Intermediate Metabolizer;Abnormal/Priority/High Risk
*41x2/*162;n/a;Indeterminate;none
*41x2/*163;n/a;Indeterminate;none
*41x3/*41x3;1.5;Normal Metabolizer;Normal/Routine/ Low Risk
*41x3/*42;0.75;Intermediate Metabolizer;Abnormal/Priority/High Risk
*41x3/*43;n/a;Indeterminate;none
*41x3/*43x2;n/a;Indeterminate;none
*41x3/*44;0.75;Intermediate Metabolizer;Abnormal/Priority/High Risk
*41x3/*45;1.75;Normal Metabolizer;Normal/Routine/ Low Risk
*41x3/*45x2;2.75;Ultrarapid Metabolizer;Abnormal/Priority/High Risk
*41x3/*46;1.75;Normal Metabolizer;Normal/Routine/ Low Risk
*41x3/*47;0.75;Intermediate Metabolizer;Abnormal/Priority/High Risk
*41x3/*48;1.75;Normal Metabolizer;Normal/Routine/ Low Risk
*41x3/*49;1.25;Normal Metabolizer;Normal/Routine/ Low Risk
*41x3/*50;1.25;Normal Metabolizer;Normal/Routine/ Low Risk
*41x3/*51;0.75;Intermediate Metabolizer;Abnormal/Priority/High Risk
*41x3/*52;1.0;Intermediate Metabolizer;Abnormal/Priority/High Risk
*41x3/*53;1.75;Normal Metabolizer;Normal/Routine/ Low Risk
*41x3/*54;1.25;Normal Metabolizer;Normal/Routine/ Low Risk
*41x3/*55;1.25;Normal Metabolizer;Normal/Routine/ Low Risk
*41x3/*56;0.75;Intermediate Metabolizer;Abnormal/Priority/High Risk
*41x3/*57;0.75;Intermediate Metabolizer;Abnormal/Priority/High Risk
*41x3/*58;n/a;Indeterminate;none
*41x3/*59;1.25;Normal Metabolizer;Normal/Routine/ Low Risk
*41x3/*60;0.75;Intermediate Metabolizer;Abnormal/Priority/High Risk
*41x3/*61;n/a;Indeterminate;none
*41x3/*62;0.75;Intermediate Metabolizer;Abnormal/Priority/High Risk
*41x3/*63;n/a;Indeterminate;none
*41x3/*64;n/a;Indeterminate;none
*41x3/*65;n/a;Indeterminate;none
*41x3/*68;0.75;Intermediate Metabolizer;Abnormal/Priority/High Risk
*41x3/*69;0.75;Intermediate Metabolizer;Abnormal/Priority/High Risk
*41x3/*70;n/a;Indeterminate;none
*41x3/*71;n/a;Indeterminate;none
*41x3/*72;n/a;Indeterminate;none
*41x3/*73;n/a;Indeterminate;none
*41x3/*74;n/a;Indeterminate;none
*41x3/*75;n/a;Indeterminate;none
*41x3/*81;0.75;Intermediate Metabolizer;Abnormal/Priority/High Risk
*41x3/*82;n/a;Indeterminate;none
*41x3/*83;n/a;Indeterminate;none
*41x3/*84;n/a;Indeterminate;none
*41x3/*85;n/a;Indeterminate;none
*41x3/*86;n/a;Indeterminate;none
*41x3/*87;n/a;Indeterminate;none
*41x3/*88;n/a;Indeterminate;none
*41x3/*89;n/a;Indeterminate;none
*41x3/*90;n/a;Indeterminate;none
*41x3/*91;1.0;Intermediate Metabolizer;Abnormal/Priority/High Risk
*41x3/*92;0.75;Intermediate Metabolizer;Abnormal/Priority/High Risk
*41x3/*93;n/a;Indeterminate;none
*41x3/*94;n/a;Indeterminate;none
*41x3/*95;n/a;Indeterminate;none
*41x3/*96;0.75;Intermediate Metabolizer;Abnormal/Priority/High Risk
*41x3/*97;n/a;Indeterminate;none
*41x3/*98;n/a;Indeterminate;none
*41x3/*99;0.75;Intermediate Metabolizer;Abnormal/Priority/High Risk
*41x3/*100;0.75;Intermediate Metabolizer;Abnormal/Priority/High Risk
*41x3/*101;0.75;Intermediate Metabolizer;Abnormal/Priority/High Risk
*41x3/*102;n/a;Indeterminate;none
*41x3/*103;n/a;Indeterminate;none
*41x3/*104;n/a;Indeterminate;none
*41x3/*105;n/a;Indeterminate;none
*41x3/*106;n/a;Indeterminate;none
*41x3/*107;n/a;Indeterminate;none
*41x3/*108;n/a;Indeterminate;none
*41x3/*109;1.0;Intermediate Metabolizer;Abnormal/Priority/High Risk
*41x3/*110;n/a;Indeterminate;none
*41x3/*111;n/a;Indeterminate;none
*41x3/*112;n/a;Indeterminate;none
*41x3/*113;n/a;Indeterminate;none
*41x3/*114;0.75;Intermediate Metabolizer;Abnormal/Priority/High Risk
*41x3/*115;n/a;Indeterminate;none
*41x3/*116;n/a;Indeterminate;none
*41x3/*117;n/a;Indeterminate;none
*41x3/*118;n/a;Indeterminate;none
*41x3/*119;1.0;Intermediate Metabolizer;Abnormal/Priority/High Risk
*41x3/*120;0.75;Intermediate Metabolizer;Abnormal/Priority/High Risk
*41x3/*121;n/a;Indeterminate;none
*41x3/*122;n/a;Indeterminate;none
*41x3/*123;n/a;Indeterminate;none
*41x3/*124;0.75;Intermediate Metabolizer;Abnormal/Priority/High Risk
*41x3/*125;n/a;Indeterminate;none
*41x3/*126;n/a;Indeterminate;none
*41x3/*127;n/a;Indeterminate;none
*41x3/*128;n/a;Indeterminate;none
*41x3/*129;0.75;Intermediate Metabolizer;Abnormal/Priority/High Risk
*41x3/*130;n/a;Indeterminate;none
*41x3/*131;n/a;Indeterminate;none
*41x3/*132;1.0;Intermediate Metabolizer;Abnormal/Priority/High Risk
*41x3/*133;n/a;Indeterminate;none
*41x3/*134;n/a;Indeterminate;none
*41x3/*135;n/a;Indeterminate;none
*41x3/*136;n/a;Indeterminate;none
*41x3/*137;n/a;Indeterminate;none
*41x3/*138;n/a;Indeterminate;none
*41x3/*139;n/a;Indeterminate;none
*41x3/*140;n/a;Indeterminate;none
*41x3/*141;n/a;Indeterminate;none
*41x3/*142;n/a;Indeterminate;none
*41x3/*143;0.75;Intermediate Metabolizer;Abnormal/Priority/High Risk
*41x3/*144;0.75;Intermediate Metabolizer;Abnormal/Priority/High Risk
*41x3/*145;n/a;Indeterminate;none
*41x3/*146;n/a;Indeterminate;none
*41x3/*146x2;n/a;Indeterminate;none
*41x3/*147;n/a;Indeterminate;none
*41x3/*148;n/a;Indeterminate;none
*41x3/*149;n/a;Indeterminate;none
*41x3/*152;n/a;Indeterminate;none
*41x3/*153;n/a;Indeterminate;none
*41x3/*154;n/a;Indeterminate;none
*41x3/*155;n/a;Indeterminate;none
*41x3/*156;0.75;Intermediate Metabolizer;Abnormal/Priority/High Risk
*41x3/*157;n/a;Indeterminate;none
*41x3/*158;n/a;Indeterminate;none
*41x3/*159;n/a;Indeterminate;none
*41x3/*160;n/a;Indeterminate;none
*41x3/*161;0.75;Intermediate Metabolizer;Abnormal/Priority/High Risk
*41x3/*162;n/a;Indeterminate;none
*41x3/*163;n/a;Indeterminate;none
*42/*42;0.0;Poor Metabolizer;Abnormal/Priority/High Risk
*42/*43;n/a;Indeterminate;none
*42/*43x2;n/a;Indeterminate;none
*42/*44;0.0;Poor Metabolizer;Abnormal/Priority/High Risk
*42/*45;1.0;Intermediate Metabolizer;Abnormal/Priority/High Risk
*42/*45x2;2.0;Normal Metabolizer;Normal/Routine/ Low Risk
*42/*46;1.0;Intermediate Metabolizer;Abnormal/Priority/High Risk
*42/*47;0.0;Poor Metabolizer;Abnormal/Priority/High Risk
*42/*48;1.0;Intermediate Metabolizer;Abnormal/Priority/High Risk
*42/*49;0.5;Intermediate Metabolizer;Abnormal/Priority/High Risk
*42/*50;0.5;Intermediate Metabolizer;Abnormal/Priority/High Risk
*42/*51;0.0;Poor Metabolizer;Abnormal/Priority/High Risk
*42/*52;0.25;Intermediate Metabolizer;Abnormal/Priority/High Risk
*42/*53;1.0;Intermediate Metabolizer;Abnormal/Priority/High Risk
*42/*54;0.5;Intermediate Metabolizer;Abnormal/Priority/High Risk
*42/*55;0.5;Intermediate Metabolizer;Abnormal/Priority/High Risk
*42/*56;0.0;Poor Metabolizer;Abnormal/Priority/High Risk
*42/*57;0.0;Poor Metabolizer;Abnormal/Priority/High Risk
*42/*58;n/a;Indeterminate;none
*42/*59;0.5;Intermediate Metabolizer;Abnormal/Priority/High Risk
*42/*60;0.0;Poor Metabolizer;Abnormal/Priority/High Risk
*42/*61;n/a;Indeterminate;none
*42/*62;0.0;Poor Metabolizer;Abnormal/Priority/High Risk
*42/*63;n/a;Indeterminate;none
*42/*64;n/a;Indeterminate;none
*42/*65;n/a;Indeterminate;none
*42/*68;0.0;Poor Metabolizer;Abnormal/Priority/High Risk
*42/*69;0.0;Poor Metabolizer;Abnormal/Priority/High Risk
*42/*70;n/a;Indeterminate;none
*42/*71;n/a;Indeterminate;none
*42/*72;n/a;Indeterminate;none
*42/*73;n/a;Indeterminate;none
*42/*74;n/a;Indeterminate;none
*42/*75;n/a;Indeterminate;none
*42/*81;0.0;Poor Metabolizer;Abnormal/Priority/High Risk
*42/*82;n/a;Indeterminate;none
*42/*83;n/a;Indeterminate;none
*42/*84;n/a;Indeterminate;none
*42/*85;n/a;Indeterminate;none
*42/*86;n/a;Indeterminate;none
*42/*87;n/a;Indeterminate;none
*42/*88;n/a;Indeterminate;none
*42/*89;n/a;Indeterminate;none
*42/*90;n/a;Indeterminate;none
*42/*91;0.25;Intermediate Metabolizer;Abnormal/Priority/High Risk
*42/*92;0.0;Poor Metabolizer;Abnormal/Priority/High Risk
*42/*93;n/a;Indeterminate;none
*42/*94;n/a;Indeterminate;none
*42/*95;n/a;Indeterminate;none
*42/*96;0.0;Poor Metabolizer;Abnormal/Priority/High Risk
*42/*97;n/a;Indeterminate;none
*42/*98;n/a;Indeterminate;none
*42/*99;0.0;Poor Metabolizer;Abnormal/Priority/High Risk
*42/*100;0.0;Poor Metabolizer;Abnormal/Priority/High Risk
*42/*101;0.0;Poor Metabolizer;Abnormal/Priority/High Risk
*42/*102;n/a;Indeterminate;none
*42/*103;n/a;Indeterminate;none
*42/*104;n/a;Indeterminate;none
*42/*105;n/a;Indeterminate;none
*42/*106;n/a;Indeterminate;none
*42/*107;n/a;Indeterminate;none
*42/*108;n/a;Indeterminate;none
*42/*109;0.25;Intermediate Metabolizer;Abnormal/Priority/High Risk
*42/*110;n/a;Indeterminate;none
*42/*111;n/a;Indeterminate;none
*42/*112;n/a;Indeterminate;none
*42/*113;n/a;Indeterminate;none
*42/*114;0.0;Poor Metabolizer;Abnormal/Priority/High Risk
*42/*115;n/a;Indeterminate;none
*42/*116;n/a;Indeterminate;none
*42/*117;n/a;Indeterminate;none
*42/*118;n/a;Indeterminate;none
*42/*119;0.25;Intermediate Metabolizer;Abnormal/Priority/High Risk
*42/*120;0.0;Poor Metabolizer;Abnormal/Priority/High Risk
*42/*121;n/a;Indeterminate;none
*42/*122;n/a;Indeterminate;none
*42/*123;n/a;Indeterminate;none
*42/*124;0.0;Poor Metabolizer;Abnormal/Priority/High Risk
*42/*125;n/a;Indeterminate;none
*42/*126;n/a;Indeterminate;none
*42/*127;n/a;Indeterminate;none
*42/*128;n/a;Indeterminate;none
*42/*129;0.0;Poor Metabolizer;Abnormal/Priority/High Risk
*42/*130;n/a;Indeterminate;none
*42/*131;n/a;Indeterminate;none
*42/*132;0.25;Intermediate Metabolizer;Abnormal/Priority/High Risk
*42/*133;n/a;Indeterminate;none
*42/*134;n/a;Indeterminate;none
*42/*135;n/a;Indeterminate;none
*42/*136;n/a;Indeterminate;none
*42/*137;n/a;Indeterminate;none
*42/*138;n/a;Indeterminate;none
*42/*139;n/a;Indeterminate;none
*42/*140;n/a;Indeterminate;none
*42/*141;n/a;Indeterminate;none
*42/*142;n/a;Indeterminate;none
*42/*143;0.0;Poor Metabolizer;Abnormal/Priority/High Risk
*42/*144;0.0;Poor Metabolizer;Abnormal/Priority/High Risk
*42/*145;n/a;Indeterminate;none
*42/*146;n/a;Indeterminate;none
*42/*146x2;n/a;Indeterminate;none
*42/*147;n/a;Indeterminate;none
*42/*148;n/a;Indeterminate;none
*42/*149;n/a;Indeterminate;none
*42/*152;n/a;Indeterminate;none
*42/*153;n/a;Indeterminate;none
*42/*154;n/a;Indeterminate;none
*42/*155;n/a;Indeterminate;none
*42/*156;0.0;Poor Metabolizer;Abnormal/Priority/High Risk
*42/*157;n/a;Indeterminate;none
*42/*158;n/a;Indeterminate;none
*42/*159;n/a;Indeterminate;none
*42/*160;n/a;Indeterminate;none
*42/*161;0.0;Poor Metabolizer;Abnormal/Priority/High Risk
*42/*162;n/a;Indeterminate;none
*42/*163;n/a;Indeterminate;none
*43/*43;n/a;Indeterminate;none
*43/*43x2;n/a;Indeterminate;none
*43/*44;n/a;Indeterminate;none
*43/*45;n/a;Indeterminate;none
*43/*45x2;n/a;Indeterminate;none
*43/*46;n/a;Indeterminate;none
*43/*47;n/a;Indeterminate;none
*43/*48;n/a;Indeterminate;none
*43/*49;n/a;Indeterminate;none
*43/*50;n/a;Indeterminate;none
*43/*51;n/a;Indeterminate;none
*43/*52;n/a;Indeterminate;none
*43/*53;n/a;Indeterminate;none
*43/*54;n/a;Indeterminate;none
*43/*55;n/a;Indeterminate;none
*43/*56;n/a;Indeterminate;none
*43/*57;n/a;Indeterminate;none
*43/*58;n/a;Indeterminate;none
*43/*59;n/a;Indeterminate;none
*43/*60;n/a;Indeterminate;none
*43/*61;n/a;Indeterminate;none
*43/*62;n/a;Indeterminate;none
*43/*63;n/a;Indeterminate;none
*43/*64;n/a;Indeterminate;none
*43/*65;n/a;Indeterminate;none
*43/*68;n/a;Indeterminate;none
*43/*69;n/a;Indeterminate;none
*43/*70;n/a;Indeterminate;none
*43/*71;n/a;Indeterminate;none
*43/*72;n/a;Indeterminate;none
*43/*73;n/a;Indeterminate;none
*43/*74;n/a;Indeterminate;none
*43/*75;n/a;Indeterminate;none
*43/*81;n/a;Indeterminate;none
*43/*82;n/a;Indeterminate;none
*43/*83;n/a;Indeterminate;none
*43/*84;n/a;Indeterminate;none
*43/*85;n/a;Indeterminate;none
*43/*86;n/a;Indeterminate;none
*43/*87;n/a;Indeterminate;none
*43/*88;n/a;Indeterminate;none
*43/*89;n/a;Indeterminate;none
*43/*90;n/a;Indeterminate;none
*43/*91;n/a;Indeterminate;none
*43/*92;n/a;Indeterminate;none
*43/*93;n/a;Indeterminate;none
*43/*94;n/a;Indeterminate;none
*43/*95;n/a;Indeterminate;none
*43/*96;n/a;Indeterminate;none
*43/*97;n/a;Indeterminate;none
*43/*98;n/a;Indeterminate;none
*43/*99;n/a;Indeterminate;none
*43/*100;n/a;Indeterminate;none
*43/*101;n/a;Indeterminate;none
*43/*102;n/a;Indeterminate;none
*43/*103;n/a;Indeterminate;none
*43/*104;n/a;Indeterminate;none
*43/*105;n/a;Indeterminate;none
*43/*106;n/a;Indeterminate;none
*43/*107;n/a;Indeterminate;none
*43/*108;n/a;Indeterminate;none
*43/*109;n/a;Indeterminate;none
*43/*110;n/a;Indeterminate;none
*43/*111;n/a;Indeterminate;none
*43/*112;n/a;Indeterminate;none
*43/*113;n/a;Indeterminate;none
*43/*114;n/a;Indeterminate;none
*43/*115;n/a;Indeterminate;none
*43/*116;n/a;Indeterminate;none
*43/*117;n/a;Indeterminate;none
*43/*118;n/a;Indeterminate;none
*43/*119;n/a;Indeterminate;none
*43/*120;n/a;Indeterminate;none
*43/*121;n/a;Indeterminate;none
*43/*122;n/a;Indeterminate;none
*43/*123;n/a;Indeterminate;none
*43/*124;n/a;Indeterminate;none
*43/*125;n/a;Indeterminate;none
*43/*126;n/a;Indeterminate;none
*43/*127;n/a;Indeterminate;none
*43/*128;n/a;Indeterminate;none
*43/*129;n/a;Indeterminate;none
*43/*130;n/a;Indeterminate;none
*43/*131;n/a;Indeterminate;none
*43/*132;n/a;Indeterminate;none
*43/*133;n/a;Indeterminate;none
*43/*134;n/a;Indeterminate;none
*43/*135;n/a;Indeterminate;none
*43/*136;n/a;Indeterminate;none
*43/*137;n/a;Indeterminate;none
*43/*138;n/a;Indeterminate;none
*43/*139;n/a;Indeterminate;none
*43/*140;n/a;Indeterminate;none
*43/*141;n/a;Indeterminate;none
*43/*142;n/a;Indeterminate;none
*43/*143;n/a;Indeterminate;none
*43/*144;n/a;Indeterminate;none
*43/*145;n/a;Indeterminate;none
*43/*146;n/a;Indeterminate;none
*43/*146x2;n/a;Indeterminate;none
*43/*147;n/a;Indeterminate;none
*43/*148;n/a;Indeterminate;none
*43/*149;n/a;Indeterminate;none
*43/*152;n/a;Indeterminate;none
*43/*153;n/a;Indeterminate;none
*43/*154;n/a;Indeterminate;none
*43/*155;n/a;Indeterminate;none
*43/*156;n/a;Indeterminate;none
*43/*157;n/a;Indeterminate;none
*43/*158;n/a;Indeterminate;none
*43/*159;n/a;Indeterminate;none
*43/*160;n/a;Indeterminate;none
*43/*161;n/a;Indeterminate;none
*43/*162;n/a;Indeterminate;none
*43/*163;n/a;Indeterminate;none
*43x2/*43x2;n/a;Indeterminate;none
*43x2/*44;n/a;Indeterminate;none
*43x2/*45;n/a;Indeterminate;none
*43x2/*45x2;n/a;Indeterminate;none
*43x2/*46;n/a;Indeterminate;none
*43x2/*47;n/a;Indeterminate;none
*43x2/*48;n/a;Indeterminate;none
*43x2/*49;n/a;Indeterminate;none
*43x2/*50;n/a;Indeterminate;none
*43x2/*51;n/a;Indeterminate;none
*43x2/*52;n/a;Indeterminate;none
*43x2/*53;n/a;Indeterminate;none
*43x2/*54;n/a;Indeterminate;none
*43x2/*55;n/a;Indeterminate;none
*43x2/*56;n/a;Indeterminate;none
*43x2/*57;n/a;Indeterminate;none
*43x2/*58;n/a;Indeterminate;none
*43x2/*59;n/a;Indeterminate;none
*43x2/*60;n/a;Indeterminate;none
*43x2/*61;n/a;Indeterminate;none
*43x2/*62;n/a;Indeterminate;none
*43x2/*63;n/a;Indeterminate;none
*43x2/*64;n/a;Indeterminate;none
*43x2/*65;n/a;Indeterminate;none
*43x2/*68;n/a;Indeterminate;none
*43x2/*69;n/a;Indeterminate;none
*43x2/*70;n/a;Indeterminate;none
*43x2/*71;n/a;Indeterminate;none
*43x2/*72;n/a;Indeterminate;none
*43x2/*73;n/a;Indeterminate;none
*43x2/*74;n/a;Indeterminate;none
*43x2/*75;n/a;Indeterminate;none
*43x2/*81;n/a;Indeterminate;none
*43x2/*82;n/a;Indeterminate;none
*43x2/*83;n/a;Indeterminate;none
*43x2/*84;n/a;Indeterminate;none
*43x2/*85;n/a;Indeterminate;none
*43x2/*86;n/a;Indeterminate;none
*43x2/*87;n/a;Indeterminate;none
*43x2/*88;n/a;Indeterminate;none
*43x2/*89;n/a;Indeterminate;none
*43x2/*90;n/a;Indeterminate;none
*43x2/*91;n/a;Indeterminate;none
*43x2/*92;n/a;Indeterminate;none
*43x2/*93;n/a;Indeterminate;none
*43x2/*94;n/a;Indeterminate;none
*43x2/*95;n/a;Indeterminate;none
*43x2/*96;n/a;Indeterminate;none
*43x2/*97;n/a;Indeterminate;none
*43x2/*98;n/a;Indeterminate;none
*43x2/*99;n/a;Indeterminate;none
*43x2/*100;n/a;Indeterminate;none
*43x2/*101;n/a;Indeterminate;none
*43x2/*102;n/a;Indeterminate;none
*43x2/*103;n/a;Indeterminate;none
*43x2/*104;n/a;Indeterminate;none
*43x2/*105;n/a;Indeterminate;none
*43x2/*106;n/a;Indeterminate;none
*43x2/*107;n/a;Indeterminate;none
*43x2/*108;n/a;Indeterminate;none
*43x2/*109;n/a;Indeterminate;none
*43x2/*110;n/a;Indeterminate;none
*43x2/*111;n/a;Indeterminate;none
*43x2/*112;n/a;Indeterminate;none
*43x2/*113;n/a;Indeterminate;none
*43x2/*114;n/a;Indeterminate;none
*43x2/*115;n/a;Indeterminate;none
*43x2/*116;n/a;Indeterminate;none
*43x2/*117;n/a;Indeterminate;none
*43x2/*118;n/a;Indeterminate;none
*43x2/*119;n/a;Indeterminate;none
*43x2/*120;n/a;Indeterminate;none
*43x2/*121;n/a;Indeterminate;none
*43x2/*122;n/a;Indeterminate;none
*43x2/*123;n/a;Indeterminate;none
*43x2/*124;n/a;Indeterminate;none
*43x2/*125;n/a;Indeterminate;none
*43x2/*126;n/a;Indeterminate;none
*43x2/*127;n/a;Indeterminate;none
*43x2/*128;n/a;Indeterminate;none
*43x2/*129;n/a;Indeterminate;none
*43x2/*130;n/a;Indeterminate;none
*43x2/*131;n/a;Indeterminate;none
*43x2/*132;n/a;Indeterminate;none
*43x2/*133;n/a;Indeterminate;none
*43x2/*134;n/a;Indeterminate;none
*43x2/*135;n/a;Indeterminate;none
*43x2/*136;n/a;Indeterminate;none
*43x2/*137;n/a;Indeterminate;none
*43x2/*138;n/a;Indeterminate;none
*43x2/*139;n/a;Indeterminate;none
*43x2/*140;n/a;Indeterminate;none
*43x2/*141;n/a;Indeterminate;none
*43x2/*142;n/a;Indeterminate;none
*43x2/*143;n/a;Indeterminate;none
*43x2/*144;n/a;Indeterminate;none
*43x2/*145;n/a;Indeterminate;none
*43x2/*146;n/a;Indeterminate;none
*43x2/*146x2;n/a;Indeterminate;none
*43x2/*147;n/a;Indeterminate;none
*43x2/*148;n/a;Indeterminate;none
*43x2/*149;n/a;Indeterminate;none
*43x2/*152;n/a;Indeterminate;none
*43x2/*153;n/a;Indeterminate;none
*43x2/*154;n/a;Indeterminate;none
*43x2/*155;n/a;Indeterminate;none
*43x2/*156;n/a;Indeterminate;none
*43x2/*157;n/a;Indeterminate;none
*43x2/*158;n/a;Indeterminate;none
*43x2/*159;n/a;Indeterminate;none
*43x2/*160;n/a;Indeterminate;none
*43x2/*161;n/a;Indeterminate;none
*43x2/*162;n/a;Indeterminate;none
*43x2/*163;n/a;Indeterminate;none
*44/*44;0.0;Poor Metabolizer;Abnormal/Priority/High Risk
*44/*45;1.0;Intermediate Metabolizer;Abnormal/Priority/High Risk
*44/*45x2;2.0;Normal Metabolizer;Normal/Routine/ Low Risk
*44/*46;1.0;Intermediate Metabolizer;Abnormal/Priority/High Risk
*44/*47;0.0;Poor Metabolizer;Abnormal/Priority/High Risk
*44/*48;1.0;Intermediate Metabolizer;Abnormal/Priority/High Risk
*44/*49;0.5;Intermediate Metabolizer;Abnormal/Priority/High Risk
*44/*50;0.5;Intermediate Metabolizer;Abnormal/Priority/High Risk
*44/*51;0.0;Poor Metabolizer;Abnormal/Priority/High Risk
*44/*52;0.25;Intermediate Metabolizer;Abnormal/Priority/High Risk
*44/*53;1.0;Intermediate Metabolizer;Abnormal/Priority/High Risk
*44/*54;0.5;Intermediate Metabolizer;Abnormal/Priority/High Risk
*44/*55;0.5;Intermediate Metabolizer;Abnormal/Priority/High Risk
*44/*56;0.0;Poor Metabolizer;Abnormal/Priority/High Risk
*44/*57;0.0;Poor Metabolizer;Abnormal/Priority/High Risk
*44/*58;n/a;Indeterminate;none
*44/*59;0.5;Intermediate Metabolizer;Abnormal/Priority/High Risk
*44/*60;0.0;Poor Metabolizer;Abnormal/Priority/High Risk
*44/*61;n/a;Indeterminate;none
*44/*62;0.0;Poor Metabolizer;Abnormal/Priority/High Risk
*44/*63;n/a;Indeterminate;none
*44/*64;n/a;Indeterminate;none
*44/*65;n/a;Indeterminate;none
*44/*68;0.0;Poor Metabolizer;Abnormal/Priority/High Risk
*44/*69;0.0;Poor Metabolizer;Abnormal/Priority/High Risk
*44/*70;n/a;Indeterminate;none
*44/*71;n/a;Indeterminate;none
*44/*72;n/a;Indeterminate;none
*44/*73;n/a;Indeterminate;none
*44/*74;n/a;Indeterminate;none
*44/*75;n/a;Indeterminate;none
*44/*81;0.0;Poor Metabolizer;Abnormal/Priority/High Risk
*44/*82;n/a;Indeterminate;none
*44/*83;n/a;Indeterminate;none
*44/*84;n/a;Indeterminate;none
*44/*85;n/a;Indeterminate;none
*44/*86;n/a;Indeterminate;none
*44/*87;n/a;Indeterminate;none
*44/*88;n/a;Indeterminate;none
*44/*89;n/a;Indeterminate;none
*44/*90;n/a;Indeterminate;none
*44/*91;0.25;Intermediate Metabolizer;Abnormal/Priority/High Risk
*44/*92;0.0;Poor Metabolizer;Abnormal/Priority/High Risk
*44/*93;n/a;Indeterminate;none
*44/*94;n/a;Indeterminate;none
*44/*95;n/a;Indeterminate;none
*44/*96;0.0;Poor Metabolizer;Abnormal/Priority/High Risk
*44/*97;n/a;Indeterminate;none
*44/*98;n/a;Indeterminate;none
*44/*99;0.0;Poor Metabolizer;Abnormal/Priority/High Risk
*44/*100;0.0;Poor Metabolizer;Abnormal/Priority/High Risk
*44/*101;0.0;Poor Metabolizer;Abnormal/Priority/High Risk
*44/*102;n/a;Indeterminate;none
*44/*103;n/a;Indeterminate;none
*44/*104;n/a;Indeterminate;none
*44/*105;n/a;Indeterminate;none
*44/*106;n/a;Indeterminate;none
*44/*107;n/a;Indeterminate;none
*44/*108;n/a;Indeterminate;none
*44/*109;0.25;Intermediate Metabolizer;Abnormal/Priority/High Risk
*44/*110;n/a;Indeterminate;none
*44/*111;n/a;Indeterminate;none
*44/*112;n/a;Indeterminate;none
*44/*113;n/a;Indeterminate;none
*44/*114;0.0;Poor Metabolizer;Abnormal/Priority/High Risk
*44/*115;n/a;Indeterminate;none
*44/*116;n/a;Indeterminate;none
*44/*117;n/a;Indeterminate;none
*44/*118;n/a;Indeterminate;none
*44/*119;0.25;Intermediate Metabolizer;Abnormal/Priority/High Risk
*44/*120;0.0;Poor Metabolizer;Abnormal/Priority/High Risk
*44/*121;n/a;Indeterminate;none
*44/*122;n/a;Indeterminate;none
*44/*123;n/a;Indeterminate;none
*44/*124;0.0;Poor Metabolizer;Abnormal/Priority/High Risk
*44/*125;n/a;Indeterminate;none
*44/*126;n/a;Indeterminate;none
*44/*127;n/a;Indeterminate;none
*44/*128;n/a;Indeterminate;none
*44/*129;0.0;Poor Metabolizer;Abnormal/Priority/High Risk
*44/*130;n/a;Indeterminate;none
*44/*131;n/a;Indeterminate;none
*44/*132;0.25;Intermediate Metabolizer;Abnormal/Priority/High Risk
*44/*133;n/a;Indeterminate;none
*44/*134;n/a;Indeterminate;none
*44/*135;n/a;Indeterminate;none
*44/*136;n/a;Indeterminate;none
*44/*137;n/a;Indeterminate;none
*44/*138;n/a;Indeterminate;none
*44/*139;n/a;Indeterminate;none
*44/*140;n/a;Indeterminate;none
*44/*141;n/a;Indeterminate;none
*44/*142;n/a;Indeterminate;none
*44/*143;0.0;Poor Metabolizer;Abnormal/Priority/High Risk
*44/*144;0.0;Poor Metabolizer;Abnormal/Priority/High Risk
*44/*145;n/a;Indeterminate;none
*44/*146;n/a;Indeterminate;none
*44/*146x2;n/a;Indeterminate;none
*44/*147;n/a;Indeterminate;none
*44/*148;n/a;Indeterminate;none
*44/*149;n/a;Indeterminate;none
*44/*152;n/a;Indeterminate;none
*44/*153;n/a;Indeterminate;none
*44/*154;n/a;Indeterminate;none
*44/*155;n/a;Indeterminate;none
*44/*156;0.0;Poor Metabolizer;Abnormal/Priority/High Risk
*44/*157;n/a;Indeterminate;none
*44/*158;n/a;Indeterminate;none
*44/*159;n/a;Indeterminate;none
*44/*160;n/a;Indeterminate;none
*44/*161;0.0;Poor Metabolizer;Abnormal/Priority/High Risk
*44/*162;n/a;Indeterminate;none
*44/*163;n/a;Indeterminate;none
*45/*45;2.0;Normal Metabolizer;Normal/Routine/ Low Risk
*45/*45x2;3.0;Ultrarapid Metabolizer;Abnormal/Priority/High Risk
*45/*46;2.0;Normal Metabolizer;Normal/Routine/ Low Risk
*45/*47;1.0;Intermediate Metabolizer;Abnormal/Priority/High Risk
*45/*48;2.0;Normal Metabolizer;Normal/Routine/ Low Risk
*45/*49;1.5;Normal Metabolizer;Normal/Routine/ Low Risk
*45/*50;1.5;Normal Metabolizer;Normal/Routine/ Low Risk
*45/*51;1.0;Intermediate Metabolizer;Abnormal/Priority/High Risk
*45/*52;1.25;Normal Metabolizer;Normal/Routine/ Low Risk
*45/*53;2.0;Normal Metabolizer;Normal/Routine/ Low Risk
*45/*54;1.5;Normal Metabolizer;Normal/Routine/ Low Risk
*45/*55;1.5;Normal Metabolizer;Normal/Routine/ Low Risk
*45/*56;1.0;Intermediate Metabolizer;Abnormal/Priority/High Risk
*45/*57;1.0;Intermediate Metabolizer;Abnormal/Priority/High Risk
*45/*58;n/a;Indeterminate;none
*45/*59;1.5;Normal Metabolizer;Normal/Routine/ Low Risk
*45/*60;1.0;Intermediate Metabolizer;Abnormal/Priority/High Risk
*45/*61;n/a;Indeterminate;none
*45/*62;1.0;Intermediate Metabolizer;Abnormal/Priority/High Risk
*45/*63;n/a;Indeterminate;none
*45/*64;n/a;Indeterminate;none
*45/*65;n/a;Indeterminate;none
*45/*68;1.0;Intermediate Metabolizer;Abnormal/Priority/High Risk
*45/*69;1.0;Intermediate Metabolizer;Abnormal/Priority/High Risk
*45/*70;n/a;Indeterminate;none
*45/*71;n/a;Indeterminate;none
*45/*72;n/a;Indeterminate;none
*45/*73;n/a;Indeterminate;none
*45/*74;n/a;Indeterminate;none
*45/*75;n/a;Indeterminate;none
*45/*81;1.0;Intermediate Metabolizer;Abnormal/Priority/High Risk
*45/*82;n/a;Indeterminate;none
*45/*83;n/a;Indeterminate;none
*45/*84;n/a;Indeterminate;none
*45/*85;n/a;Indeterminate;none
*45/*86;n/a;Indeterminate;none
*45/*87;n/a;Indeterminate;none
*45/*88;n/a;Indeterminate;none
*45/*89;n/a;Indeterminate;none
*45/*90;n/a;Indeterminate;none
*45/*91;1.25;Normal Metabolizer;Normal/Routine/ Low Risk
*45/*92;1.0;Intermediate Metabolizer;Abnormal/Priority/High Risk
*45/*93;n/a;Indeterminate;none
*45/*94;n/a;Indeterminate;none
*45/*95;n/a;Indeterminate;none
*45/*96;1.0;Intermediate Metabolizer;Abnormal/Priority/High Risk
*45/*97;n/a;Indeterminate;none
*45/*98;n/a;Indeterminate;none
*45/*99;1.0;Intermediate Metabolizer;Abnormal/Priority/High Risk
*45/*100;1.0;Intermediate Metabolizer;Abnormal/Priority/High Risk
*45/*101;1.0;Intermediate Metabolizer;Abnormal/Priority/High Risk
*45/*102;n/a;Indeterminate;none
*45/*103;n/a;Indeterminate;none
*45/*104;n/a;Indeterminate;none
*45/*105;n/a;Indeterminate;none
*45/*106;n/a;Indeterminate;none
*45/*107;n/a;Indeterminate;none
*45/*108;n/a;Indeterminate;none
*45/*109;1.25;Normal Metabolizer;Normal/Routine/ Low Risk
*45/*110;n/a;Indeterminate;none
*45/*111;n/a;Indeterminate;none
*45/*112;n/a;Indeterminate;none
*45/*113;n/a;Indeterminate;none
*45/*114;1.0;Intermediate Metabolizer;Abnormal/Priority/High Risk
*45/*115;n/a;Indeterminate;none
*45/*116;n/a;Indeterminate;none
*45/*117;n/a;Indeterminate;none
*45/*118;n/a;Indeterminate;none
*45/*119;1.25;Normal Metabolizer;Normal/Routine/ Low Risk
*45/*120;1.0;Intermediate Metabolizer;Abnormal/Priority/High Risk
*45/*121;n/a;Indeterminate;none
*45/*122;n/a;Indeterminate;none
*45/*123;n/a;Indeterminate;none
*45/*124;1.0;Intermediate Metabolizer;Abnormal/Priority/High Risk
*45/*125;n/a;Indeterminate;none
*45/*126;n/a;Indeterminate;none
*45/*127;n/a;Indeterminate;none
*45/*128;n/a;Indeterminate;none
*45/*129;1.0;Intermediate Metabolizer;Abnormal/Priority/High Risk
*45/*130;n/a;Indeterminate;none
*45/*131;n/a;Indeterminate;none
*45/*132;1.25;Normal Metabolizer;Normal/Routine/ Low Risk
*45/*133;n/a;Indeterminate;none
*45/*134;n/a;Indeterminate;none
*45/*135;n/a;Indeterminate;none
*45/*136;n/a;Indeterminate;none
*45/*137;n/a;Indeterminate;none
*45/*138;n/a;Indeterminate;none
*45/*139;n/a;Indeterminate;none
*45/*140;n/a;Indeterminate;none
*45/*141;n/a;Indeterminate;none
*45/*142;n/a;Indeterminate;none
*45/*143;1.0;Intermediate Metabolizer;Abnormal/Priority/High Risk
*45/*144;1.0;Intermediate Metabolizer;Abnormal/Priority/High Risk
*45/*145;n/a;Indeterminate;none
*45/*146;n/a;Indeterminate;none
*45/*146x2;n/a;Indeterminate;none
*45/*147;n/a;Indeterminate;none
*45/*148;n/a;Indeterminate;none
*45/*149;n/a;Indeterminate;none
*45/*152;n/a;Indeterminate;none
*45/*153;n/a;Indeterminate;none
*45/*154;n/a;Indeterminate;none
*45/*155;n/a;Indeterminate;none
*45/*156;1.0;Intermediate Metabolizer;Abnormal/Priority/High Risk
*45/*157;n/a;Indeterminate;none
*45/*158;n/a;Indeterminate;none
*45/*159;n/a;Indeterminate;none
*45/*160;n/a;Indeterminate;none
*45/*161;1.0;Intermediate Metabolizer;Abnormal/Priority/High Risk
*45/*162;n/a;Indeterminate;none
*45/*163;n/a;Indeterminate;none
*45x2/*45x2;4.0;Ultrarapid Metabolizer;Abnormal/Priority/High Risk
*45x2/*46;3.0;Ultrarapid Metabolizer;Abnormal/Priority/High Risk
*45x2/*47;2.0;Normal Metabolizer;Normal/Routine/ Low Risk
*45x2/*48;3.0;Ultrarapid Metabolizer;Abnormal/Priority/High Risk
*45x2/*49;2.5;Ultrarapid Metabolizer;Abnormal/Priority/High Risk
*45x2/*50;2.5;Ultrarapid Metabolizer;Abnormal/Priority/High Risk
*45x2/*51;2.0;Normal Metabolizer;Normal/Routine/ Low Risk
*45x2/*52;2.25;Normal Metabolizer;Normal/Routine/ Low Risk
*45x2/*53;3.0;Ultrarapid Metabolizer;Abnormal/Priority/High Risk
*45x2/*54;2.5;Ultrarapid Metabolizer;Abnormal/Priority/High Risk
*45x2/*55;2.5;Ultrarapid Metabolizer;Abnormal/Priority/High Risk
*45x2/*56;2.0;Normal Metabolizer;Normal/Routine/ Low Risk
*45x2/*57;2.0;Normal Metabolizer;Normal/Routine/ Low Risk
*45x2/*58;n/a;Indeterminate;none
*45x2/*59;2.5;Ultrarapid Metabolizer;Abnormal/Priority/High Risk
*45x2/*60;2.0;Normal Metabolizer;Normal/Routine/ Low Risk
*45x2/*61;n/a;Indeterminate;none
*45x2/*62;2.0;Normal Metabolizer;Normal/Routine/ Low Risk
*45x2/*63;n/a;Indeterminate;none
*45x2/*64;n/a;Indeterminate;none
*45x2/*65;n/a;Indeterminate;none
*45x2/*68;2.0;Normal Metabolizer;Normal/Routine/ Low Risk
*45x2/*69;2.0;Normal Metabolizer;Normal/Routine/ Low Risk
*45x2/*70;n/a;Indeterminate;none
*45x2/*71;n/a;Indeterminate;none
*45x2/*72;n/a;Indeterminate;none
*45x2/*73;n/a;Indeterminate;none
*45x2/*74;n/a;Indeterminate;none
*45x2/*75;n/a;Indeterminate;none
*45x2/*81;2.0;Normal Metabolizer;Normal/Routine/ Low Risk
*45x2/*82;n/a;Indeterminate;none
*45x2/*83;n/a;Indeterminate;none
*45x2/*84;n/a;Indeterminate;none
*45x2/*85;n/a;Indeterminate;none
*45x2/*86;n/a;Indeterminate;none
*45x2/*87;n/a;Indeterminate;none
*45x2/*88;n/a;Indeterminate;none
*45x2/*89;n/a;Indeterminate;none
*45x2/*90;n/a;Indeterminate;none
*45x2/*91;2.25;Normal Metabolizer;Normal/Routine/ Low Risk
*45x2/*92;2.0;Normal Metabolizer;Normal/Routine/ Low Risk
*45x2/*93;n/a;Indeterminate;none
*45x2/*94;n/a;Indeterminate;none
*45x2/*95;n/a;Indeterminate;none
*45x2/*96;2.0;Normal Metabolizer;Normal/Routine/ Low Risk
*45x2/*97;n/a;Indeterminate;none
*45x2/*98;n/a;Indeterminate;none
*45x2/*99;2.0;Normal Metabolizer;Normal/Routine/ Low Risk
*45x2/*100;2.0;Normal Metabolizer;Normal/Routine/ Low Risk
*45x2/*101;2.0;Normal Metabolizer;Normal/Routine/ Low Risk
*45x2/*102;n/a;Indeterminate;none
*45x2/*103;n/a;Indeterminate;none
*45x2/*104;n/a;Indeterminate;none
*45x2/*105;n/a;Indeterminate;none
*45x2/*106;n/a;Indeterminate;none
*45x2/*107;n/a;Indeterminate;none
*45x2/*108;n/a;Indeterminate;none
*45x2/*109;2.25;Normal Metabolizer;Normal/Routine/ Low Risk
*45x2/*110;n/a;Indeterminate;none
*45x2/*111;n/a;Indeterminate;none
*45x2/*112;n/a;Indeterminate;none
*45x2/*113;n/a;Indeterminate;none
*45x2/*114;2.0;Normal Metabolizer;Normal/Routine/ Low Risk
*45x2/*115;n/a;Indeterminate;none
*45x2/*116;n/a;Indeterminate;none
*45x2/*117;n/a;Indeterminate;none
*45x2/*118;n/a;Indeterminate;none
*45x2/*119;2.25;Normal Metabolizer;Normal/Routine/ Low Risk
*45x2/*120;2.0;Normal Metabolizer;Normal/Routine/ Low Risk
*45x2/*121;n/a;Indeterminate;none
*45x2/*122;n/a;Indeterminate;none
*45x2/*123;n/a;Indeterminate;none
*45x2/*124;2.0;Normal Metabolizer;Normal/Routine/ Low Risk
*45x2/*125;n/a;Indeterminate;none
*45x2/*126;n/a;Indeterminate;none
*45x2/*127;n/a;Indeterminate;none
*45x2/*128;n/a;Indeterminate;none
*45x2/*129;2.0;Normal Metabolizer;Normal/Routine/ Low Risk
*45x2/*130;n/a;Indeterminate;none
*45x2/*131;n/a;Indeterminate;none
*45x2/*132;2.25;Normal Metabolizer;Normal/Routine/ Low Risk
*45x2/*133;n/a;Indeterminate;none
*45x2/*134;n/a;Indeterminate;none
*45x2/*135;n/a;Indeterminate;none
*45x2/*136;n/a;Indeterminate;none
*45x2/*137;n/a;Indeterminate;none
*45x2/*138;n/a;Indeterminate;none
*45x2/*139;n/a;Indeterminate;none
*45x2/*140;n/a;Indeterminate;none
*45x2/*141;n/a;Indeterminate;none
*45x2/*142;n/a;Indeterminate;none
*45x2/*143;2.0;Normal Metabolizer;Normal/Routine/ Low Risk
*45x2/*144;2.0;Normal Metabolizer;Normal/Routine/ Low Risk
*45x2/*145;n/a;Indeterminate;none
*45x2/*146;n/a;Indeterminate;none
*45x2/*146x2;n/a;Indeterminate;none
*45x2/*147;n/a;Indeterminate;none
*45x2/*148;n/a;Indeterminate;none
*45x2/*149;n/a;Indeterminate;none
*45x2/*152;n/a;Indeterminate;none
*45x2/*153;n/a;Indeterminate;none
*45x2/*154;n/a;Indeterminate;none
*45x2/*155;n/a;Indeterminate;none
*45x2/*156;2.0;Normal Metabolizer;Normal/Routine/ Low Risk
*45x2/*157;n/a;Indeterminate;none
*45x2/*158;n/a;Indeterminate;none
*45x2/*159;n/a;Indeterminate;none
*45x2/*160;n/a;Indeterminate;none
*45x2/*161;2.0;Normal Metabolizer;Normal/Routine/ Low Risk
*45x2/*162;n/a;Indeterminate;none
*45x2/*163;n/a;Indeterminate;none
*46/*46;2.0;Normal Metabolizer;Normal/Routine/ Low Risk
*46/*47;1.0;Intermediate Metabolizer;Abnormal/Priority/High Risk
*46/*48;2.0;Normal Metabolizer;Normal/Routine/ Low Risk
*46/*49;1.5;Normal Metabolizer;Normal/Routine/ Low Risk
*46/*50;1.5;Normal Metabolizer;Normal/Routine/ Low Risk
*46/*51;1.0;Intermediate Metabolizer;Abnormal/Priority/High Risk
*46/*52;1.25;Normal Metabolizer;Normal/Routine/ Low Risk
*46/*53;2.0;Normal Metabolizer;Normal/Routine/ Low Risk
*46/*54;1.5;Normal Metabolizer;Normal/Routine/ Low Risk
*46/*55;1.5;Normal Metabolizer;Normal/Routine/ Low Risk
*46/*56;1.0;Intermediate Metabolizer;Abnormal/Priority/High Risk
*46/*57;1.0;Intermediate Metabolizer;Abnormal/Priority/High Risk
*46/*58;n/a;Indeterminate;none
*46/*59;1.5;Normal Metabolizer;Normal/Routine/ Low Risk
*46/*60;1.0;Intermediate Metabolizer;Abnormal/Priority/High Risk
*46/*61;n/a;Indeterminate;none
*46/*62;1.0;Intermediate Metabolizer;Abnormal/Priority/High Risk
*46/*63;n/a;Indeterminate;none
*46/*64;n/a;Indeterminate;none
*46/*65;n/a;Indeterminate;none
*46/*68;1.0;Intermediate Metabolizer;Abnormal/Priority/High Risk
*46/*69;1.0;Intermediate Metabolizer;Abnormal/Priority/High Risk
*46/*70;n/a;Indeterminate;none
*46/*71;n/a;Indeterminate;none
*46/*72;n/a;Indeterminate;none
*46/*73;n/a;Indeterminate;none
*46/*74;n/a;Indeterminate;none
*46/*75;n/a;Indeterminate;none
*46/*81;1.0;Intermediate Metabolizer;Abnormal/Priority/High Risk
*46/*82;n/a;Indeterminate;none
*46/*83;n/a;Indeterminate;none
*46/*84;n/a;Indeterminate;none
*46/*85;n/a;Indeterminate;none
*46/*86;n/a;Indeterminate;none
*46/*87;n/a;Indeterminate;none
*46/*88;n/a;Indeterminate;none
*46/*89;n/a;Indeterminate;none
*46/*90;n/a;Indeterminate;none
*46/*91;1.25;Normal Metabolizer;Normal/Routine/ Low Risk
*46/*92;1.0;Intermediate Metabolizer;Abnormal/Priority/High Risk
*46/*93;n/a;Indeterminate;none
*46/*94;n/a;Indeterminate;none
*46/*95;n/a;Indeterminate;none
*46/*96;1.0;Intermediate Metabolizer;Abnormal/Priority/High Risk
*46/*97;n/a;Indeterminate;none
*46/*98;n/a;Indeterminate;none
*46/*99;1.0;Intermediate Metabolizer;Abnormal/Priority/High Risk
*46/*100;1.0;Intermediate Metabolizer;Abnormal/Priority/High Risk
*46/*101;1.0;Intermediate Metabolizer;Abnormal/Priority/High Risk
*46/*102;n/a;Indeterminate;none
*46/*103;n/a;Indeterminate;none
*46/*104;n/a;Indeterminate;none
*46/*105;n/a;Indeterminate;none
*46/*106;n/a;Indeterminate;none
*46/*107;n/a;Indeterminate;none
*46/*108;n/a;Indeterminate;none
*46/*109;1.25;Normal Metabolizer;Normal/Routine/ Low Risk
*46/*110;n/a;Indeterminate;none
*46/*111;n/a;Indeterminate;none
*46/*112;n/a;Indeterminate;none
*46/*113;n/a;Indeterminate;none
*46/*114;1.0;Intermediate Metabolizer;Abnormal/Priority/High Risk
*46/*115;n/a;Indeterminate;none
*46/*116;n/a;Indeterminate;none
*46/*117;n/a;Indeterminate;none
*46/*118;n/a;Indeterminate;none
*46/*119;1.25;Normal Metabolizer;Normal/Routine/ Low Risk
*46/*120;1.0;Intermediate Metabolizer;Abnormal/Priority/High Risk
*46/*121;n/a;Indeterminate;none
*46/*122;n/a;Indeterminate;none
*46/*123;n/a;Indeterminate;none
*46/*124;1.0;Intermediate Metabolizer;Abnormal/Priority/High Risk
*46/*125;n/a;Indeterminate;none
*46/*126;n/a;Indeterminate;none
*46/*127;n/a;Indeterminate;none
*46/*128;n/a;Indeterminate;none
*46/*129;1.0;Intermediate Metabolizer;Abnormal/Priority/High Risk
*46/*130;n/a;Indeterminate;none
*46/*131;n/a;Indeterminate;none
*46/*132;1.25;Normal Metabolizer;Normal/Routine/ Low Risk
*46/*133;n/a;Indeterminate;none
*46/*134;n/a;Indeterminate;none
*46/*135;n/a;Indeterminate;none
*46/*136;n/a;Indeterminate;none
*46/*137;n/a;Indeterminate;none
*46/*138;n/a;Indeterminate;none
*46/*139;n/a;Indeterminate;none
*46/*140;n/a;Indeterminate;none
*46/*141;n/a;Indeterminate;none
*46/*142;n/a;Indeterminate;none
*46/*143;1.0;Intermediate Metabolizer;Abnormal/Priority/High Risk
*46/*144;1.0;Intermediate Metabolizer;Abnormal/Priority/High Risk
*46/*145;n/a;Indeterminate;none
*46/*146;n/a;Indeterminate;none
*46/*146x2;n/a;Indeterminate;none
*46/*147;n/a;Indeterminate;none
*46/*148;n/a;Indeterminate;none
*46/*149;n/a;Indeterminate;none
*46/*152;n/a;Indeterminate;none
*46/*153;n/a;Indeterminate;none
*46/*154;n/a;Indeterminate;none
*46/*155;n/a;Indeterminate;none
*46/*156;1.0;Intermediate Metabolizer;Abnormal/Priority/High Risk
*46/*157;n/a;Indeterminate;none
*46/*158;n/a;Indeterminate;none
*46/*159;n/a;Indeterminate;none
*46/*160;n/a;Indeterminate;none
*46/*161;1.0;Intermediate Metabolizer;Abnormal/Priority/High Risk
*46/*162;n/a;Indeterminate;none
*46/*163;n/a;Indeterminate;none
*47/*47;0.0;Poor Metabolizer;Abnormal/Priority/High Risk
*47/*48;1.0;Intermediate Metabolizer;Abnormal/Priority/High Risk
*47/*49;0.5;Intermediate Metabolizer;Abnormal/Priority/High Risk
*47/*50;0.5;Intermediate Metabolizer;Abnormal/Priority/High Risk
*47/*51;0.0;Poor Metabolizer;Abnormal/Priority/High Risk
*47/*52;0.25;Intermediate Metabolizer;Abnormal/Priority/High Risk
*47/*53;1.0;Intermediate Metabolizer;Abnormal/Priority/High Risk
*47/*54;0.5;Intermediate Metabolizer;Abnormal/Priority/High Risk
*47/*55;0.5;Intermediate Metabolizer;Abnormal/Priority/High Risk
*47/*56;0.0;Poor Metabolizer;Abnormal/Priority/High Risk
*47/*57;0.0;Poor Metabolizer;Abnormal/Priority/High Risk
*47/*58;n/a;Indeterminate;none
*47/*59;0.5;Intermediate Metabolizer;Abnormal/Priority/High Risk
*47/*60;0.0;Poor Metabolizer;Abnormal/Priority/High Risk
*47/*61;n/a;Indeterminate;none
*47/*62;0.0;Poor Metabolizer;Abnormal/Priority/High Risk
*47/*63;n/a;Indeterminate;none
*47/*64;n/a;Indeterminate;none
*47/*65;n/a;Indeterminate;none
*47/*68;0.0;Poor Metabolizer;Abnormal/Priority/High Risk
*47/*69;0.0;Poor Metabolizer;Abnormal/Priority/High Risk
*47/*70;n/a;Indeterminate;none
*47/*71;n/a;Indeterminate;none
*47/*72;n/a;Indeterminate;none
*47/*73;n/a;Indeterminate;none
*47/*74;n/a;Indeterminate;none
*47/*75;n/a;Indeterminate;none
*47/*81;0.0;Poor Metabolizer;Abnormal/Priority/High Risk
*47/*82;n/a;Indeterminate;none
*47/*83;n/a;Indeterminate;none
*47/*84;n/a;Indeterminate;none
*47/*85;n/a;Indeterminate;none
*47/*86;n/a;Indeterminate;none
*47/*87;n/a;Indeterminate;none
*47/*88;n/a;Indeterminate;none
*47/*89;n/a;Indeterminate;none
*47/*90;n/a;Indeterminate;none
*47/*91;0.25;Intermediate Metabolizer;Abnormal/Priority/High Risk
*47/*92;0.0;Poor Metabolizer;Abnormal/Priority/High Risk
*47/*93;n/a;Indeterminate;none
*47/*94;n/a;Indeterminate;none
*47/*95;n/a;Indeterminate;none
*47/*96;0.0;Poor Metabolizer;Abnormal/Priority/High Risk
*47/*97;n/a;Indeterminate;none
*47/*98;n/a;Indeterminate;none
*47/*99;0.0;Poor Metabolizer;Abnormal/Priority/High Risk
*47/*100;0.0;Poor Metabolizer;Abnormal/Priority/High Risk
*47/*101;0.0;Poor Metabolizer;Abnormal/Priority/High Risk
*47/*102;n/a;Indeterminate;none
*47/*103;n/a;Indeterminate;none
*47/*104;n/a;Indeterminate;none
*47/*105;n/a;Indeterminate;none
*47/*106;n/a;Indeterminate;none
*47/*107;n/a;Indeterminate;none
*47/*108;n/a;Indeterminate;none
*47/*109;0.25;Intermediate Metabolizer;Abnormal/Priority/High Risk
*47/*110;n/a;Indeterminate;none
*47/*111;n/a;Indeterminate;none
*47/*112;n/a;Indeterminate;none
*47/*113;n/a;Indeterminate;none
*47/*114;0.0;Poor Metabolizer;Abnormal/Priority/High Risk
*47/*115;n/a;Indeterminate;none
*47/*116;n/a;Indeterminate;none
*47/*117;n/a;Indeterminate;none
*47/*118;n/a;Indeterminate;none
*47/*119;0.25;Intermediate Metabolizer;Abnormal/Priority/High Risk
*47/*120;0.0;Poor Metabolizer;Abnormal/Priority/High Risk
*47/*121;n/a;Indeterminate;none
*47/*122;n/a;Indeterminate;none
*47/*123;n/a;Indeterminate;none
*47/*124;0.0;Poor Metabolizer;Abnormal/Priority/High Risk
*47/*125;n/a;Indeterminate;none
*47/*126;n/a;Indeterminate;none
*47/*127;n/a;Indeterminate;none
*47/*128;n/a;Indeterminate;none
*47/*129;0.0;Poor Metabolizer;Abnormal/Priority/High Risk
*47/*130;n/a;Indeterminate;none
*47/*131;n/a;Indeterminate;none
*47/*132;0.25;Intermediate Metabolizer;Abnormal/Priority/High Risk
*47/*133;n/a;Indeterminate;none
*47/*134;n/a;Indeterminate;none
*47/*135;n/a;Indeterminate;none
*47/*136;n/a;Indeterminate;none
*47/*137;n/a;Indeterminate;none
*47/*138;n/a;Indeterminate;none
*47/*139;n/a;Indeterminate;none
*47/*140;n/a;Indeterminate;none
*47/*141;n/a;Indeterminate;none
*47/*142;n/a;Indeterminate;none
*47/*143;0.0;Poor Metabolizer;Abnormal/Priority/High Risk
*47/*144;0.0;Poor Metabolizer;Abnormal/Priority/High Risk
*47/*145;n/a;Indeterminate;none
*47/*146;n/a;Indeterminate;none
*47/*146x2;n/a;Indeterminate;none
*47/*147;n/a;Indeterminate;none
*47/*148;n/a;Indeterminate;none
*47/*149;n/a;Indeterminate;none
*47/*152;n/a;Indeterminate;none
*47/*153;n/a;Indeterminate;none
*47/*154;n/a;Indeterminate;none
*47/*155;n/a;Indeterminate;none
*47/*156;0.0;Poor Metabolizer;Abnormal/Priority/High Risk
*47/*157;n/a;Indeterminate;none
*47/*158;n/a;Indeterminate;none
*47/*159;n/a;Indeterminate;none
*47/*160;n/a;Indeterminate;none
*47/*161;0.0;Poor Metabolizer;Abnormal/Priority/High Risk
*47/*162;n/a;Indeterminate;none
*47/*163;n/a;Indeterminate;none
*48/*48;2.0;Normal Metabolizer;Normal/Routine/ Low Risk
*48/*49;1.5;Normal Metabolizer;Normal/Routine/ Low Risk
*48/*50;1.5;Normal Metabolizer;Normal/Routine/ Low Risk
*48/*51;1.0;Intermediate Metabolizer;Abnormal/Priority/High Risk
*48/*52;1.25;Normal Metabolizer;Normal/Routine/ Low Risk
*48/*53;2.0;Normal Metabolizer;Normal/Routine/ Low Risk
*48/*54;1.5;Normal Metabolizer;Normal/Routine/ Low Risk
*48/*55;1.5;Normal Metabolizer;Normal/Routine/ Low Risk
*48/*56;1.0;Intermediate Metabolizer;Abnormal/Priority/High Risk
*48/*57;1.0;Intermediate Metabolizer;Abnormal/Priority/High Risk
*48/*58;n/a;Indeterminate;none
*48/*59;1.5;Normal Metabolizer;Normal/Routine/ Low Risk
*48/*60;1.0;Intermediate Metabolizer;Abnormal/Priority/High Risk
*48/*61;n/a;Indeterminate;none
*48/*62;1.0;Intermediate Metabolizer;Abnormal/Priority/High Risk
*48/*63;n/a;Indeterminate;none
*48/*64;n/a;Indeterminate;none
*48/*65;n/a;Indeterminate;none
*48/*68;1.0;Intermediate Metabolizer;Abnormal/Priority/High Risk
*48/*69;1.0;Intermediate Metabolizer;Abnormal/Priority/High Risk
*48/*70;n/a;Indeterminate;none
*48/*71;n/a;Indeterminate;none
*48/*72;n/a;Indeterminate;none
*48/*73;n/a;Indeterminate;none
*48/*74;n/a;Indeterminate;none
*48/*75;n/a;Indeterminate;none
*48/*81;1.0;Intermediate Metabolizer;Abnormal/Priority/High Risk
*48/*82;n/a;Indeterminate;none
*48/*83;n/a;Indeterminate;none
*48/*84;n/a;Indeterminate;none
*48/*85;n/a;Indeterminate;none
*48/*86;n/a;Indeterminate;none
*48/*87;n/a;Indeterminate;none
*48/*88;n/a;Indeterminate;none
*48/*89;n/a;Indeterminate;none
*48/*90;n/a;Indeterminate;none
*48/*91;1.25;Normal Metabolizer;Normal/Routine/ Low Risk
*48/*92;1.0;Intermediate Metabolizer;Abnormal/Priority/High Risk
*48/*93;n/a;Indeterminate;none
*48/*94;n/a;Indeterminate;none
*48/*95;n/a;Indeterminate;none
*48/*96;1.0;Intermediate Metabolizer;Abnormal/Priority/High Risk
*48/*97;n/a;Indeterminate;none
*48/*98;n/a;Indeterminate;none
*48/*99;1.0;Intermediate Metabolizer;Abnormal/Priority/High Risk
*48/*100;1.0;Intermediate Metabolizer;Abnormal/Priority/High Risk
*48/*101;1.0;Intermediate Metabolizer;Abnormal/Priority/High Risk
*48/*102;n/a;Indeterminate;none
*48/*103;n/a;Indeterminate;none
*48/*104;n/a;Indeterminate;none
*48/*105;n/a;Indeterminate;none
*48/*106;n/a;Indeterminate;none
*48/*107;n/a;Indeterminate;none
*48/*108;n/a;Indeterminate;none
*48/*109;1.25;Normal Metabolizer;Normal/Routine/ Low Risk
*48/*110;n/a;Indeterminate;none
*48/*111;n/a;Indeterminate;none
*48/*112;n/a;Indeterminate;none
*48/*113;n/a;Indeterminate;none
*48/*114;1.0;Intermediate Metabolizer;Abnormal/Priority/High Risk
*48/*115;n/a;Indeterminate;none
*48/*116;n/a;Indeterminate;none
*48/*117;n/a;Indeterminate;none
*48/*118;n/a;Indeterminate;none
*48/*119;1.25;Normal Metabolizer;Normal/Routine/ Low Risk
*48/*120;1.0;Intermediate Metabolizer;Abnormal/Priority/High Risk
*48/*121;n/a;Indeterminate;none
*48/*122;n/a;Indeterminate;none
*48/*123;n/a;Indeterminate;none
*48/*124;1.0;Intermediate Metabolizer;Abnormal/Priority/High Risk
*48/*125;n/a;Indeterminate;none
*48/*126;n/a;Indeterminate;none
*48/*127;n/a;Indeterminate;none
*48/*128;n/a;Indeterminate;none
*48/*129;1.0;Intermediate Metabolizer;Abnormal/Priority/High Risk
*48/*130;n/a;Indeterminate;none
*48/*131;n/a;Indeterminate;none
*48/*132;1.25;Normal Metabolizer;Normal/Routine/ Low Risk
*48/*133;n/a;Indeterminate;none
*48/*134;n/a;Indeterminate;none
*48/*135;n/a;Indeterminate;none
*48/*136;n/a;Indeterminate;none
*48/*137;n/a;Indeterminate;none
*48/*138;n/a;Indeterminate;none
*48/*139;n/a;Indeterminate;none
*48/*140;n/a;Indeterminate;none
*48/*141;n/a;Indeterminate;none
*48/*142;n/a;Indeterminate;none
*48/*143;1.0;Intermediate Metabolizer;Abnormal/Priority/High Risk
*48/*144;1.0;Intermediate Metabolizer;Abnormal/Priority/High Risk
*48/*145;n/a;Indeterminate;none
*48/*146;n/a;Indeterminate;none
*48/*146x2;n/a;Indeterminate;none
*48/*147;n/a;Indeterminate;none
*48/*148;n/a;Indeterminate;none
*48/*149;n/a;Indeterminate;none
*48/*152;n/a;Indeterminate;none
*48/*153;n/a;Indeterminate;none
*48/*154;n/a;Indeterminate;none
*48/*155;n/a;Indeterminate;none
*48/*156;1.0;Intermediate Metabolizer;Abnormal/Priority/High Risk
*48/*157;n/a;Indeterminate;none
*48/*158;n/a;Indeterminate;none
*48/*159;n/a;Indeterminate;none
*48/*160;n/a;Indeterminate;none
*48/*161;1.0;Intermediate Metabolizer;Abnormal/Priority/High Risk
*48/*162;n/a;Indeterminate;none
*48/*163;n/a;Indeterminate;none
*49/*49;1.0;Intermediate Metabolizer;Abnormal/Priority/High Risk
*49/*50;1.0;Intermediate Metabolizer;Abnormal/Priority/High Risk
*49/*51;0.5;Intermediate Metabolizer;Abnormal/Priority/High Risk
*49/*52;0.75;Intermediate Metabolizer;Abnormal/Priority/High Risk
*49/*53;1.5;Normal Metabolizer;Normal/Routine/ Low Risk
*49/*54;1.0;Intermediate Metabolizer;Abnormal/Priority/High Risk
*49/*55;1.0;Intermediate Metabolizer;Abnormal/Priority/High Risk
*49/*56;0.5;Intermediate Metabolizer;Abnormal/Priority/High Risk
*49/*57;0.5;Intermediate Metabolizer;Abnormal/Priority/High Risk
*49/*58;n/a;Indeterminate;none
*49/*59;1.0;Intermediate Metabolizer;Abnormal/Priority/High Risk
*49/*60;0.5;Intermediate Metabolizer;Abnormal/Priority/High Risk
*49/*61;n/a;Indeterminate;none
*49/*62;0.5;Intermediate Metabolizer;Abnormal/Priority/High Risk
*49/*63;n/a;Indeterminate;none
*49/*64;n/a;Indeterminate;none
*49/*65;n/a;Indeterminate;none
*49/*68;0.5;Intermediate Metabolizer;Abnormal/Priority/High Risk
*49/*69;0.5;Intermediate Metabolizer;Abnormal/Priority/High Risk
*49/*70;n/a;Indeterminate;none
*49/*71;n/a;Indeterminate;none
*49/*72;n/a;Indeterminate;none
*49/*73;n/a;Indeterminate;none
*49/*74;n/a;Indeterminate;none
*49/*75;n/a;Indeterminate;none
*49/*81;0.5;Intermediate Metabolizer;Abnormal/Priority/High Risk
*49/*82;n/a;Indeterminate;none
*49/*83;n/a;Indeterminate;none
*49/*84;n/a;Indeterminate;none
*49/*85;n/a;Indeterminate;none
*49/*86;n/a;Indeterminate;none
*49/*87;n/a;Indeterminate;none
*49/*88;n/a;Indeterminate;none
*49/*89;n/a;Indeterminate;none
*49/*90;n/a;Indeterminate;none
*49/*91;0.75;Intermediate Metabolizer;Abnormal/Priority/High Risk
*49/*92;0.5;Intermediate Metabolizer;Abnormal/Priority/High Risk
*49/*93;n/a;Indeterminate;none
*49/*94;n/a;Indeterminate;none
*49/*95;n/a;Indeterminate;none
*49/*96;0.5;Intermediate Metabolizer;Abnormal/Priority/High Risk
*49/*97;n/a;Indeterminate;none
*49/*98;n/a;Indeterminate;none
*49/*99;0.5;Intermediate Metabolizer;Abnormal/Priority/High Risk
*49/*100;0.5;Intermediate Metabolizer;Abnormal/Priority/High Risk
*49/*101;0.5;Intermediate Metabolizer;Abnormal/Priority/High Risk
*49/*102;n/a;Indeterminate;none
*49/*103;n/a;Indeterminate;none
*49/*104;n/a;Indeterminate;none
*49/*105;n/a;Indeterminate;none
*49/*106;n/a;Indeterminate;none
*49/*107;n/a;Indeterminate;none
*49/*108;n/a;Indeterminate;none
*49/*109;0.75;Intermediate Metabolizer;Abnormal/Priority/High Risk
*49/*110;n/a;Indeterminate;none
*49/*111;n/a;Indeterminate;none
*49/*112;n/a;Indeterminate;none
*49/*113;n/a;Indeterminate;none
*49/*114;0.5;Intermediate Metabolizer;Abnormal/Priority/High Risk
*49/*115;n/a;Indeterminate;none
*49/*116;n/a;Indeterminate;none
*49/*117;n/a;Indeterminate;none
*49/*118;n/a;Indeterminate;none
*49/*119;0.75;Intermediate Metabolizer;Abnormal/Priority/High Risk
*49/*120;0.5;Intermediate Metabolizer;Abnormal/Priority/High Risk
*49/*121;n/a;Indeterminate;none
*49/*122;n/a;Indeterminate;none
*49/*123;n/a;Indeterminate;none
*49/*124;0.5;Intermediate Metabolizer;Abnormal/Priority/High Risk
*49/*125;n/a;Indeterminate;none
*49/*126;n/a;Indeterminate;none
*49/*127;n/a;Indeterminate;none
*49/*128;n/a;Indeterminate;none
*49/*129;0.5;Intermediate Metabolizer;Abnormal/Priority/High Risk
*49/*130;n/a;Indeterminate;none
*49/*131;n/a;Indeterminate;none
*49/*132;0.75;Intermediate Metabolizer;Abnormal/Priority/High Risk
*49/*133;n/a;Indeterminate;none
*49/*134;n/a;Indeterminate;none
*49/*135;n/a;Indeterminate;none
*49/*136;n/a;Indeterminate;none
*49/*137;n/a;Indeterminate;none
*49/*138;n/a;Indeterminate;none
*49/*139;n/a;Indeterminate;none
*49/*140;n/a;Indeterminate;none
*49/*141;n/a;Indeterminate;none
*49/*142;n/a;Indeterminate;none
*49/*143;0.5;Intermediate Metabolizer;Abnormal/Priority/High Risk
*49/*144;0.5;Intermediate Metabolizer;Abnormal/Priority/High Risk
*49/*145;n/a;Indeterminate;none
*49/*146;n/a;Indeterminate;none
*49/*146x2;n/a;Indeterminate;none
*49/*147;n/a;Indeterminate;none
*49/*148;n/a;Indeterminate;none
*49/*149;n/a;Indeterminate;none
*49/*152;n/a;Indeterminate;none
*49/*153;n/a;Indeterminate;none
*49/*154;n/a;Indeterminate;none
*49/*155;n/a;Indeterminate;none
*49/*156;0.5;Intermediate Metabolizer;Abnormal/Priority/High Risk
*49/*157;n/a;Indeterminate;none
*49/*158;n/a;Indeterminate;none
*49/*159;n/a;Indeterminate;none
*49/*160;n/a;Indeterminate;none
*49/*161;0.5;Intermediate Metabolizer;Abnormal/Priority/High Risk
*49/*162;n/a;Indeterminate;none
*49/*163;n/a;Indeterminate;none
*50/*50;1.0;Intermediate Metabolizer;Abnormal/Priority/High Risk
*50/*51;0.5;Intermediate Metabolizer;Abnormal/Priority/High Risk
*50/*52;0.75;Intermediate Metabolizer;Abnormal/Priority/High Risk
*50/*53;1.5;Normal Metabolizer;Normal/Routine/ Low Risk
*50/*54;1.0;Intermediate Metabolizer;Abnormal/Priority/High Risk
*50/*55;1.0;Intermediate Metabolizer;Abnormal/Priority/High Risk
*50/*56;0.5;Intermediate Metabolizer;Abnormal/Priority/High Risk
*50/*57;0.5;Intermediate Metabolizer;Abnormal/Priority/High Risk
*50/*58;n/a;Indeterminate;none
*50/*59;1.0;Intermediate Metabolizer;Abnormal/Priority/High Risk
*50/*60;0.5;Intermediate Metabolizer;Abnormal/Priority/High Risk
*50/*61;n/a;Indeterminate;none
*50/*62;0.5;Intermediate Metabolizer;Abnormal/Priority/High Risk
*50/*63;n/a;Indeterminate;none
*50/*64;n/a;Indeterminate;none
*50/*65;n/a;Indeterminate;none
*50/*68;0.5;Intermediate Metabolizer;Abnormal/Priority/High Risk
*50/*69;0.5;Intermediate Metabolizer;Abnormal/Priority/High Risk
*50/*70;n/a;Indeterminate;none
*50/*71;n/a;Indeterminate;none
*50/*72;n/a;Indeterminate;none
*50/*73;n/a;Indeterminate;none
*50/*74;n/a;Indeterminate;none
*50/*75;n/a;Indeterminate;none
*50/*81;0.5;Intermediate Metabolizer;Abnormal/Priority/High Risk
*50/*82;n/a;Indeterminate;none
*50/*83;n/a;Indeterminate;none
*50/*84;n/a;Indeterminate;none
*50/*85;n/a;Indeterminate;none
*50/*86;n/a;Indeterminate;none
*50/*87;n/a;Indeterminate;none
*50/*88;n/a;Indeterminate;none
*50/*89;n/a;Indeterminate;none
*50/*90;n/a;Indeterminate;none
*50/*91;0.75;Intermediate Metabolizer;Abnormal/Priority/High Risk
*50/*92;0.5;Intermediate Metabolizer;Abnormal/Priority/High Risk
*50/*93;n/a;Indeterminate;none
*50/*94;n/a;Indeterminate;none
*50/*95;n/a;Indeterminate;none
*50/*96;0.5;Intermediate Metabolizer;Abnormal/Priority/High Risk
*50/*97;n/a;Indeterminate;none
*50/*98;n/a;Indeterminate;none
*50/*99;0.5;Intermediate Metabolizer;Abnormal/Priority/High Risk
*50/*100;0.5;Intermediate Metabolizer;Abnormal/Priority/High Risk
*50/*101;0.5;Intermediate Metabolizer;Abnormal/Priority/High Risk
*50/*102;n/a;Indeterminate;none
*50/*103;n/a;Indeterminate;none
*50/*104;n/a;Indeterminate;none
*50/*105;n/a;Indeterminate;none
*50/*106;n/a;Indeterminate;none
*50/*107;n/a;Indeterminate;none
*50/*108;n/a;Indeterminate;none
*50/*109;0.75;Intermediate Metabolizer;Abnormal/Priority/High Risk
*50/*110;n/a;Indeterminate;none
*50/*111;n/a;Indeterminate;none
*50/*112;n/a;Indeterminate;none
*50/*113;n/a;Indeterminate;none
*50/*114;0.5;Intermediate Metabolizer;Abnormal/Priority/High Risk
*50/*115;n/a;Indeterminate;none
*50/*116;n/a;Indeterminate;none
*50/*117;n/a;Indeterminate;none
*50/*118;n/a;Indeterminate;none
*50/*119;0.75;Intermediate Metabolizer;Abnormal/Priority/High Risk
*50/*120;0.5;Intermediate Metabolizer;Abnormal/Priority/High Risk
*50/*121;n/a;Indeterminate;none
*50/*122;n/a;Indeterminate;none
*50/*123;n/a;Indeterminate;none
*50/*124;0.5;Intermediate Metabolizer;Abnormal/Priority/High Risk
*50/*125;n/a;Indeterminate;none
*50/*126;n/a;Indeterminate;none
*50/*127;n/a;Indeterminate;none
*50/*128;n/a;Indeterminate;none
*50/*129;0.5;Intermediate Metabolizer;Abnormal/Priority/High Risk
*50/*130;n/a;Indeterminate;none
*50/*131;n/a;Indeterminate;none
*50/*132;0.75;Intermediate Metabolizer;Abnormal/Priority/High Risk
*50/*133;n/a;Indeterminate;none
*50/*134;n/a;Indeterminate;none
*50/*135;n/a;Indeterminate;none
*50/*136;n/a;Indeterminate;none
*50/*137;n/a;Indeterminate;none
*50/*138;n/a;Indeterminate;none
*50/*139;n/a;Indeterminate;none
*50/*140;n/a;Indeterminate;none
*50/*141;n/a;Indeterminate;none
*50/*142;n/a;Indeterminate;none
*50/*143;0.5;Intermediate Metabolizer;Abnormal/Priority/High Risk
*50/*144;0.5;Intermediate Metabolizer;Abnormal/Priority/High Risk
*50/*145;n/a;Indeterminate;none
*50/*146;n/a;Indeterminate;none
*50/*146x2;n/a;Indeterminate;none
*50/*147;n/a;Indeterminate;none
*50/*148;n/a;Indeterminate;none
*50/*149;n/a;Indeterminate;none
*50/*152;n/a;Indeterminate;none
*50/*153;n/a;Indeterminate;none
*50/*154;n/a;Indeterminate;none
*50/*155;n/a;Indeterminate;none
*50/*156;0.5;Intermediate Metabolizer;Abnormal/Priority/High Risk
*50/*157;n/a;Indeterminate;none
*50/*158;n/a;Indeterminate;none
*50/*159;n/a;Indeterminate;none
*50/*160;n/a;Indeterminate;none
*50/*161;0.5;Intermediate Metabolizer;Abnormal/Priority/High Risk
*50/*162;n/a;Indeterminate;none
*50/*163;n/a;Indeterminate;none
*51/*51;0.0;Poor Metabolizer;Abnormal/Priority/High Risk
*51/*52;0.25;Intermediate Metabolizer;Abnormal/Priority/High Risk
*51/*53;1.0;Intermediate Metabolizer;Abnormal/Priority/High Risk
*51/*54;0.5;Intermediate Metabolizer;Abnormal/Priority/High Risk
*51/*55;0.5;Intermediate Metabolizer;Abnormal/Priority/High Risk
*51/*56;0.0;Poor Metabolizer;Abnormal/Priority/High Risk
*51/*57;0.0;Poor Metabolizer;Abnormal/Priority/High Risk
*51/*58;n/a;Indeterminate;none
*51/*59;0.5;Intermediate Metabolizer;Abnormal/Priority/High Risk
*51/*60;0.0;Poor Metabolizer;Abnormal/Priority/High Risk
*51/*61;n/a;Indeterminate;none
*51/*62;0.0;Poor Metabolizer;Abnormal/Priority/High Risk
*51/*63;n/a;Indeterminate;none
*51/*64;n/a;Indeterminate;none
*51/*65;n/a;Indeterminate;none
*51/*68;0.0;Poor Metabolizer;Abnormal/Priority/High Risk
*51/*69;0.0;Poor Metabolizer;Abnormal/Priority/High Risk
*51/*70;n/a;Indeterminate;none
*51/*71;n/a;Indeterminate;none
*51/*72;n/a;Indeterminate;none
*51/*73;n/a;Indeterminate;none
*51/*74;n/a;Indeterminate;none
*51/*75;n/a;Indeterminate;none
*51/*81;0.0;Poor Metabolizer;Abnormal/Priority/High Risk
*51/*82;n/a;Indeterminate;none
*51/*83;n/a;Indeterminate;none
*51/*84;n/a;Indeterminate;none
*51/*85;n/a;Indeterminate;none
*51/*86;n/a;Indeterminate;none
*51/*87;n/a;Indeterminate;none
*51/*88;n/a;Indeterminate;none
*51/*89;n/a;Indeterminate;none
*51/*90;n/a;Indeterminate;none
*51/*91;0.25;Intermediate Metabolizer;Abnormal/Priority/High Risk
*51/*92;0.0;Poor Metabolizer;Abnormal/Priority/High Risk
*51/*93;n/a;Indeterminate;none
*51/*94;n/a;Indeterminate;none
*51/*95;n/a;Indeterminate;none
*51/*96;0.0;Poor Metabolizer;Abnormal/Priority/High Risk
*51/*97;n/a;Indeterminate;none
*51/*98;n/a;Indeterminate;none
*51/*99;0.0;Poor Metabolizer;Abnormal/Priority/High Risk
*51/*100;0.0;Poor Metabolizer;Abnormal/Priority/High Risk
*51/*101;0.0;Poor Metabolizer;Abnormal/Priority/High Risk
*51/*102;n/a;Indeterminate;none
*51/*103;n/a;Indeterminate;none
*51/*104;n/a;Indeterminate;none
*51/*105;n/a;Indeterminate;none
*51/*106;n/a;Indeterminate;none
*51/*107;n/a;Indeterminate;none
*51/*108;n/a;Indeterminate;none
*51/*109;0.25;Intermediate Metabolizer;Abnormal/Priority/High Risk
*51/*110;n/a;Indeterminate;none
*51/*111;n/a;Indeterminate;none
*51/*112;n/a;Indeterminate;none
*51/*113;n/a;Indeterminate;none
*51/*114;0.0;Poor Metabolizer;Abnormal/Priority/High Risk
*51/*115;n/a;Indeterminate;none
*51/*116;n/a;Indeterminate;none
*51/*117;n/a;Indeterminate;none
*51/*118;n/a;Indeterminate;none
*51/*119;0.25;Intermediate Metabolizer;Abnormal/Priority/High Risk
*51/*120;0.0;Poor Metabolizer;Abnormal/Priority/High Risk
*51/*121;n/a;Indeterminate;none
*51/*122;n/a;Indeterminate;none
*51/*123;n/a;Indeterminate;none
*51/*124;0.0;Poor Metabolizer;Abnormal/Priority/High Risk
*51/*125;n/a;Indeterminate;none
*51/*126;n/a;Indeterminate;none
*51/*127;n/a;Indeterminate;none
*51/*128;n/a;Indeterminate;none
*51/*129;0.0;Poor Metabolizer;Abnormal/Priority/High Risk
*51/*130;n/a;Indeterminate;none
*51/*131;n/a;Indeterminate;none
*51/*132;0.25;Intermediate Metabolizer;Abnormal/Priority/High Risk
*51/*133;n/a;Indeterminate;none
*51/*134;n/a;Indeterminate;none
*51/*135;n/a;Indeterminate;none
*51/*136;n/a;Indeterminate;none
*51/*137;n/a;Indeterminate;none
*51/*138;n/a;Indeterminate;none
*51/*139;n/a;Indeterminate;none
*51/*140;n/a;Indeterminate;none
*51/*141;n/a;Indeterminate;none
*51/*142;n/a;Indeterminate;none
*51/*143;0.0;Poor Metabolizer;Abnormal/Priority/High Risk
*51/*144;0.0;Poor Metabolizer;Abnormal/Priority/High Risk
*51/*145;n/a;Indeterminate;none
*51/*146;n/a;Indeterminate;none
*51/*146x2;n/a;Indeterminate;none
*51/*147;n/a;Indeterminate;none
*51/*148;n/a;Indeterminate;none
*51/*149;n/a;Indeterminate;none
*51/*152;n/a;Indeterminate;none
*51/*153;n/a;Indeterminate;none
*51/*154;n/a;Indeterminate;none
*51/*155;n/a;Indeterminate;none
*51/*156;0.0;Poor Metabolizer;Abnormal/Priority/High Risk
*51/*157;n/a;Indeterminate;none
*51/*158;n/a;Indeterminate;none
*51/*159;n/a;Indeterminate;none
*51/*160;n/a;Indeterminate;none
*51/*161;0.0;Poor Metabolizer;Abnormal/Priority/High Risk
*51/*162;n/a;Indeterminate;none
*51/*163;n/a;Indeterminate;none
*52/*52;0.5;Intermediate Metabolizer;Abnormal/Priority/High Risk
*52/*53;1.25;Normal Metabolizer;Normal/Routine/ Low Risk
*52/*54;0.75;Intermediate Metabolizer;Abnormal/Priority/High Risk
*52/*55;0.75;Intermediate Metabolizer;Abnormal/Priority/High Risk
*52/*56;0.25;Intermediate Metabolizer;Abnormal/Priority/High Risk
*52/*57;0.25;Intermediate Metabolizer;Abnormal/Priority/High Risk
*52/*58;n/a;Indeterminate;none
*52/*59;0.75;Intermediate Metabolizer;Abnormal/Priority/High Risk
*52/*60;0.25;Intermediate Metabolizer;Abnormal/Priority/High Risk
*52/*61;n/a;Indeterminate;none
*52/*62;0.25;Intermediate Metabolizer;Abnormal/Priority/High Risk
*52/*63;n/a;Indeterminate;none
*52/*64;n/a;Indeterminate;none
*52/*65;n/a;Indeterminate;none
*52/*68;0.25;Intermediate Metabolizer;Abnormal/Priority/High Risk
*52/*69;0.25;Intermediate Metabolizer;Abnormal/Priority/High Risk
*52/*70;n/a;Indeterminate;none
*52/*71;n/a;Indeterminate;none
*52/*72;n/a;Indeterminate;none
*52/*73;n/a;Indeterminate;none
*52/*74;n/a;Indeterminate;none
*52/*75;n/a;Indeterminate;none
*52/*81;0.25;Intermediate Metabolizer;Abnormal/Priority/High Risk
*52/*82;n/a;Indeterminate;none
*52/*83;n/a;Indeterminate;none
*52/*84;n/a;Indeterminate;none
*52/*85;n/a;Indeterminate;none
*52/*86;n/a;Indeterminate;none
*52/*87;n/a;Indeterminate;none
*52/*88;n/a;Indeterminate;none
*52/*89;n/a;Indeterminate;none
*52/*90;n/a;Indeterminate;none
*52/*91;0.5;Intermediate Metabolizer;Abnormal/Priority/High Risk
*52/*92;0.25;Intermediate Metabolizer;Abnormal/Priority/High Risk
*52/*93;n/a;Indeterminate;none
*52/*94;n/a;Indeterminate;none
*52/*95;n/a;Indeterminate;none
*52/*96;0.25;Intermediate Metabolizer;Abnormal/Priority/High Risk
*52/*97;n/a;Indeterminate;none
*52/*98;n/a;Indeterminate;none
*52/*99;0.25;Intermediate Metabolizer;Abnormal/Priority/High Risk
*52/*100;0.25;Intermediate Metabolizer;Abnormal/Priority/High Risk
*52/*101;0.25;Intermediate Metabolizer;Abnormal/Priority/High Risk
*52/*102;n/a;Indeterminate;none
*52/*103;n/a;Indeterminate;none
*52/*104;n/a;Indeterminate;none
*52/*105;n/a;Indeterminate;none
*52/*106;n/a;Indeterminate;none
*52/*107;n/a;Indeterminate;none
*52/*108;n/a;Indeterminate;none
*52/*109;0.5;Intermediate Metabolizer;Abnormal/Priority/High Risk
*52/*110;n/a;Indeterminate;none
*52/*111;n/a;Indeterminate;none
*52/*112;n/a;Indeterminate;none
*52/*113;n/a;Indeterminate;none
*52/*114;0.25;Intermediate Metabolizer;Abnormal/Priority/High Risk
*52/*115;n/a;Indeterminate;none
*52/*116;n/a;Indeterminate;none
*52/*117;n/a;Indeterminate;none
*52/*118;n/a;Indeterminate;none
*52/*119;0.5;Intermediate Metabolizer;Abnormal/Priority/High Risk
*52/*120;0.25;Intermediate Metabolizer;Abnormal/Priority/High Risk
*52/*121;n/a;Indeterminate;none
*52/*122;n/a;Indeterminate;none
*52/*123;n/a;Indeterminate;none
*52/*124;0.25;Intermediate Metabolizer;Abnormal/Priority/High Risk
*52/*125;n/a;Indeterminate;none
*52/*126;n/a;Indeterminate;none
*52/*127;n/a;Indeterminate;none
*52/*128;n/a;Indeterminate;none
*52/*129;0.25;Intermediate Metabolizer;Abnormal/Priority/High Risk
*52/*130;n/a;Indeterminate;none
*52/*131;n/a;Indeterminate;none
*52/*132;0.5;Intermediate Metabolizer;Abnormal/Priority/High Risk
*52/*133;n/a;Indeterminate;none
*52/*134;n/a;Indeterminate;none
*52/*135;n/a;Indeterminate;none
*52/*136;n/a;Indeterminate;none
*52/*137;n/a;Indeterminate;none
*52/*138;n/a;Indeterminate;none
*52/*139;n/a;Indeterminate;none
*52/*140;n/a;Indeterminate;none
*52/*141;n/a;Indeterminate;none
*52/*142;n/a;Indeterminate;none
*52/*143;0.25;Intermediate Metabolizer;Abnormal/Priority/High Risk
*52/*144;0.25;Intermediate Metabolizer;Abnormal/Priority/High Risk
*52/*145;n/a;Indeterminate;none
*52/*146;n/a;Indeterminate;none
*52/*146x2;n/a;Indeterminate;none
*52/*147;n/a;Indeterminate;none
*52/*148;n/a;Indeterminate;none
*52/*149;n/a;Indeterminate;none
*52/*152;n/a;Indeterminate;none
*52/*153;n/a;Indeterminate;none
*52/*154;n/a;Indeterminate;none
*52/*155;n/a;Indeterminate;none
*52/*156;0.25;Intermediate Metabolizer;Abnormal/Priority/High Risk
*52/*157;n/a;Indeterminate;none
*52/*158;n/a;Indeterminate;none
*52/*159;n/a;Indeterminate;none
*52/*160;n/a;Indeterminate;none
*52/*161;0.25;Intermediate Metabolizer;Abnormal/Priority/High Risk
*52/*162;n/a;Indeterminate;none
*52/*163;n/a;Indeterminate;none
*53/*53;2.0;Normal Metabolizer;Normal/Routine/ Low Risk
*53/*54;1.5;Normal Metabolizer;Normal/Routine/ Low Risk
*53/*55;1.5;Normal Metabolizer;Normal/Routine/ Low Risk
*53/*56;1.0;Intermediate Metabolizer;Abnormal/Priority/High Risk
*53/*57;1.0;Intermediate Metabolizer;Abnormal/Priority/High Risk
*53/*58;n/a;Indeterminate;none
*53/*59;1.5;Normal Metabolizer;Normal/Routine/ Low Risk
*53/*60;1.0;Intermediate Metabolizer;Abnormal/Priority/High Risk
*53/*61;n/a;Indeterminate;none
*53/*62;1.0;Intermediate Metabolizer;Abnormal/Priority/High Risk
*53/*63;n/a;Indeterminate;none
*53/*64;n/a;Indeterminate;none
*53/*65;n/a;Indeterminate;none
*53/*68;1.0;Intermediate Metabolizer;Abnormal/Priority/High Risk
*53/*69;1.0;Intermediate Metabolizer;Abnormal/Priority/High Risk
*53/*70;n/a;Indeterminate;none
*53/*71;n/a;Indeterminate;none
*53/*72;n/a;Indeterminate;none
*53/*73;n/a;Indeterminate;none
*53/*74;n/a;Indeterminate;none
*53/*75;n/a;Indeterminate;none
*53/*81;1.0;Intermediate Metabolizer;Abnormal/Priority/High Risk
*53/*82;n/a;Indeterminate;none
*53/*83;n/a;Indeterminate;none
*53/*84;n/a;Indeterminate;none
*53/*85;n/a;Indeterminate;none
*53/*86;n/a;Indeterminate;none
*53/*87;n/a;Indeterminate;none
*53/*88;n/a;Indeterminate;none
*53/*89;n/a;Indeterminate;none
*53/*90;n/a;Indeterminate;none
*53/*91;1.25;Normal Metabolizer;Normal/Routine/ Low Risk
*53/*92;1.0;Intermediate Metabolizer;Abnormal/Priority/High Risk
*53/*93;n/a;Indeterminate;none
*53/*94;n/a;Indeterminate;none
*53/*95;n/a;Indeterminate;none
*53/*96;1.0;Intermediate Metabolizer;Abnormal/Priority/High Risk
*53/*97;n/a;Indeterminate;none
*53/*98;n/a;Indeterminate;none
*53/*99;1.0;Intermediate Metabolizer;Abnormal/Priority/High Risk
*53/*100;1.0;Intermediate Metabolizer;Abnormal/Priority/High Risk
*53/*101;1.0;Intermediate Metabolizer;Abnormal/Priority/High Risk
*53/*102;n/a;Indeterminate;none
*53/*103;n/a;Indeterminate;none
*53/*104;n/a;Indeterminate;none
*53/*105;n/a;Indeterminate;none
*53/*106;n/a;Indeterminate;none
*53/*107;n/a;Indeterminate;none
*53/*108;n/a;Indeterminate;none
*53/*109;1.25;Normal Metabolizer;Normal/Routine/ Low Risk
*53/*110;n/a;Indeterminate;none
*53/*111;n/a;Indeterminate;none
*53/*112;n/a;Indeterminate;none
*53/*113;n/a;Indeterminate;none
*53/*114;1.0;Intermediate Metabolizer;Abnormal/Priority/High Risk
*53/*115;n/a;Indeterminate;none
*53/*116;n/a;Indeterminate;none
*53/*117;n/a;Indeterminate;none
*53/*118;n/a;Indeterminate;none
*53/*119;1.25;Normal Metabolizer;Normal/Routine/ Low Risk
*53/*120;1.0;Intermediate Metabolizer;Abnormal/Priority/High Risk
*53/*121;n/a;Indeterminate;none
*53/*122;n/a;Indeterminate;none
*53/*123;n/a;Indeterminate;none
*53/*124;1.0;Intermediate Metabolizer;Abnormal/Priority/High Risk
*53/*125;n/a;Indeterminate;none
*53/*126;n/a;Indeterminate;none
*53/*127;n/a;Indeterminate;none
*53/*128;n/a;Indeterminate;none
*53/*129;1.0;Intermediate Metabolizer;Abnormal/Priority/High Risk
*53/*130;n/a;Indeterminate;none
*53/*131;n/a;Indeterminate;none
*53/*132;1.25;Normal Metabolizer;Normal/Routine/ Low Risk
*53/*133;n/a;Indeterminate;none
*53/*134;n/a;Indeterminate;none
*53/*135;n/a;Indeterminate;none
*53/*136;n/a;Indeterminate;none
*53/*137;n/a;Indeterminate;none
*53/*138;n/a;Indeterminate;none
*53/*139;n/a;Indeterminate;none
*53/*140;n/a;Indeterminate;none
*53/*141;n/a;Indeterminate;none
*53/*142;n/a;Indeterminate;none
*53/*143;1.0;Intermediate Metabolizer;Abnormal/Priority/High Risk
*53/*144;1.0;Intermediate Metabolizer;Abnormal/Priority/High Risk
*53/*145;n/a;Indeterminate;none
*53/*146;n/a;Indeterminate;none
*53/*146x2;n/a;Indeterminate;none
*53/*147;n/a;Indeterminate;none
*53/*148;n/a;Indeterminate;none
*53/*149;n/a;Indeterminate;none
*53/*152;n/a;Indeterminate;none
*53/*153;n/a;Indeterminate;none
*53/*154;n/a;Indeterminate;none
*53/*155;n/a;Indeterminate;none
*53/*156;1.0;Intermediate Metabolizer;Abnormal/Priority/High Risk
*53/*157;n/a;Indeterminate;none
*53/*158;n/a;Indeterminate;none
*53/*159;n/a;Indeterminate;none
*53/*160;n/a;Indeterminate;none
*53/*161;1.0;Intermediate Metabolizer;Abnormal/Priority/High Risk
*53/*162;n/a;Indeterminate;none
*53/*163;n/a;Indeterminate;none
*54/*54;1.0;Intermediate Metabolizer;Abnormal/Priority/High Risk
*54/*55;1.0;Intermediate Metabolizer;Abnormal/Priority/High Risk
*54/*56;0.5;Intermediate Metabolizer;Abnormal/Priority/High Risk
*54/*57;0.5;Intermediate Metabolizer;Abnormal/Priority/High Risk
*54/*58;n/a;Indeterminate;none
*54/*59;1.0;Intermediate Metabolizer;Abnormal/Priority/High Risk
*54/*60;0.5;Intermediate Metabolizer;Abnormal/Priority/High Risk
*54/*61;n/a;Indeterminate;none
*54/*62;0.5;Intermediate Metabolizer;Abnormal/Priority/High Risk
*54/*63;n/a;Indeterminate;none
*54/*64;n/a;Indeterminate;none
*54/*65;n/a;Indeterminate;none
*54/*68;0.5;Intermediate Metabolizer;Abnormal/Priority/High Risk
*54/*69;0.5;Intermediate Metabolizer;Abnormal/Priority/High Risk
*54/*70;n/a;Indeterminate;none
*54/*71;n/a;Indeterminate;none
*54/*72;n/a;Indeterminate;none
*54/*73;n/a;Indeterminate;none
*54/*74;n/a;Indeterminate;none
*54/*75;n/a;Indeterminate;none
*54/*81;0.5;Intermediate Metabolizer;Abnormal/Priority/High Risk
*54/*82;n/a;Indeterminate;none
*54/*83;n/a;Indeterminate;none
*54/*84;n/a;Indeterminate;none
*54/*85;n/a;Indeterminate;none
*54/*86;n/a;Indeterminate;none
*54/*87;n/a;Indeterminate;none
*54/*88;n/a;Indeterminate;none
*54/*89;n/a;Indeterminate;none
*54/*90;n/a;Indeterminate;none
*54/*91;0.75;Intermediate Metabolizer;Abnormal/Priority/High Risk
*54/*92;0.5;Intermediate Metabolizer;Abnormal/Priority/High Risk
*54/*93;n/a;Indeterminate;none
*54/*94;n/a;Indeterminate;none
*54/*95;n/a;Indeterminate;none
*54/*96;0.5;Intermediate Metabolizer;Abnormal/Priority/High Risk
*54/*97;n/a;Indeterminate;none
*54/*98;n/a;Indeterminate;none
*54/*99;0.5;Intermediate Metabolizer;Abnormal/Priority/High Risk
*54/*100;0.5;Intermediate Metabolizer;Abnormal/Priority/High Risk
*54/*101;0.5;Intermediate Metabolizer;Abnormal/Priority/High Risk
*54/*102;n/a;Indeterminate;none
*54/*103;n/a;Indeterminate;none
*54/*104;n/a;Indeterminate;none
*54/*105;n/a;Indeterminate;none
*54/*106;n/a;Indeterminate;none
*54/*107;n/a;Indeterminate;none
*54/*108;n/a;Indeterminate;none
*54/*109;0.75;Intermediate Metabolizer;Abnormal/Priority/High Risk
*54/*110;n/a;Indeterminate;none
*54/*111;n/a;Indeterminate;none
*54/*112;n/a;Indeterminate;none
*54/*113;n/a;Indeterminate;none
*54/*114;0.5;Intermediate Metabolizer;Abnormal/Priority/High Risk
*54/*115;n/a;Indeterminate;none
*54/*116;n/a;Indeterminate;none
*54/*117;n/a;Indeterminate;none
*54/*118;n/a;Indeterminate;none
*54/*119;0.75;Intermediate Metabolizer;Abnormal/Priority/High Risk
*54/*120;0.5;Intermediate Metabolizer;Abnormal/Priority/High Risk
*54/*121;n/a;Indeterminate;none
*54/*122;n/a;Indeterminate;none
*54/*123;n/a;Indeterminate;none
*54/*124;0.5;Intermediate Metabolizer;Abnormal/Priority/High Risk
*54/*125;n/a;Indeterminate;none
*54/*126;n/a;Indeterminate;none
*54/*127;n/a;Indeterminate;none
*54/*128;n/a;Indeterminate;none
*54/*129;0.5;Intermediate Metabolizer;Abnormal/Priority/High Risk
*54/*130;n/a;Indeterminate;none
*54/*131;n/a;Indeterminate;none
*54/*132;0.75;Intermediate Metabolizer;Abnormal/Priority/High Risk
*54/*133;n/a;Indeterminate;none
*54/*134;n/a;Indeterminate;none
*54/*135;n/a;Indeterminate;none
*54/*136;n/a;Indeterminate;none
*54/*137;n/a;Indeterminate;none
*54/*138;n/a;Indeterminate;none
*54/*139;n/a;Indeterminate;none
*54/*140;n/a;Indeterminate;none
*54/*141;n/a;Indeterminate;none
*54/*142;n/a;Indeterminate;none
*54/*143;0.5;Intermediate Metabolizer;Abnormal/Priority/High Risk
*54/*144;0.5;Intermediate Metabolizer;Abnormal/Priority/High Risk
*54/*145;n/a;Indeterminate;none
*54/*146;n/a;Indeterminate;none
*54/*146x2;n/a;Indeterminate;none
*54/*147;n/a;Indeterminate;none
*54/*148;n/a;Indeterminate;none
*54/*149;n/a;Indeterminate;none
*54/*152;n/a;Indeterminate;none
*54/*153;n/a;Indeterminate;none
*54/*154;n/a;Indeterminate;none
*54/*155;n/a;Indeterminate;none
*54/*156;0.5;Intermediate Metabolizer;Abnormal/Priority/High Risk
*54/*157;n/a;Indeterminate;none
*54/*158;n/a;Indeterminate;none
*54/*159;n/a;Indeterminate;none
*54/*160;n/a;Indeterminate;none
*54/*161;0.5;Intermediate Metabolizer;Abnormal/Priority/High Risk
*54/*162;n/a;Indeterminate;none
*54/*163;n/a;Indeterminate;none
*55/*55;1.0;Intermediate Metabolizer;Abnormal/Priority/High Risk
*55/*56;0.5;Intermediate Metabolizer;Abnormal/Priority/High Risk
*55/*57;0.5;Intermediate Metabolizer;Abnormal/Priority/High Risk
*55/*58;n/a;Indeterminate;none
*55/*59;1.0;Intermediate Metabolizer;Abnormal/Priority/High Risk
*55/*60;0.5;Intermediate Metabolizer;Abnormal/Priority/High Risk
*55/*61;n/a;Indeterminate;none
*55/*62;0.5;Intermediate Metabolizer;Abnormal/Priority/High Risk
*55/*63;n/a;Indeterminate;none
*55/*64;n/a;Indeterminate;none
*55/*65;n/a;Indeterminate;none
*55/*68;0.5;Intermediate Metabolizer;Abnormal/Priority/High Risk
*55/*69;0.5;Intermediate Metabolizer;Abnormal/Priority/High Risk
*55/*70;n/a;Indeterminate;none
*55/*71;n/a;Indeterminate;none
*55/*72;n/a;Indeterminate;none
*55/*73;n/a;Indeterminate;none
*55/*74;n/a;Indeterminate;none
*55/*75;n/a;Indeterminate;none
*55/*81;0.5;Intermediate Metabolizer;Abnormal/Priority/High Risk
*55/*82;n/a;Indeterminate;none
*55/*83;n/a;Indeterminate;none
*55/*84;n/a;Indeterminate;none
*55/*85;n/a;Indeterminate;none
*55/*86;n/a;Indeterminate;none
*55/*87;n/a;Indeterminate;none
*55/*88;n/a;Indeterminate;none
*55/*89;n/a;Indeterminate;none
*55/*90;n/a;Indeterminate;none
*55/*91;0.75;Intermediate Metabolizer;Abnormal/Priority/High Risk
*55/*92;0.5;Intermediate Metabolizer;Abnormal/Priority/High Risk
*55/*93;n/a;Indeterminate;none
*55/*94;n/a;Indeterminate;none
*55/*95;n/a;Indeterminate;none
*55/*96;0.5;Intermediate Metabolizer;Abnormal/Priority/High Risk
*55/*97;n/a;Indeterminate;none
*55/*98;n/a;Indeterminate;none
*55/*99;0.5;Intermediate Metabolizer;Abnormal/Priority/High Risk
*55/*100;0.5;Intermediate Metabolizer;Abnormal/Priority/High Risk
*55/*101;0.5;Intermediate Metabolizer;Abnormal/Priority/High Risk
*55/*102;n/a;Indeterminate;none
*55/*103;n/a;Indeterminate;none
*55/*104;n/a;Indeterminate;none
*55/*105;n/a;Indeterminate;none
*55/*106;n/a;Indeterminate;none
*55/*107;n/a;Indeterminate;none
*55/*108;n/a;Indeterminate;none
*55/*109;0.75;Intermediate Metabolizer;Abnormal/Priority/High Risk
*55/*110;n/a;Indeterminate;none
*55/*111;n/a;Indeterminate;none
*55/*112;n/a;Indeterminate;none
*55/*113;n/a;Indeterminate;none
*55/*114;0.5;Intermediate Metabolizer;Abnormal/Priority/High Risk
*55/*115;n/a;Indeterminate;none
*55/*116;n/a;Indeterminate;none
*55/*117;n/a;Indeterminate;none
*55/*118;n/a;Indeterminate;none
*55/*119;0.75;Intermediate Metabolizer;Abnormal/Priority/High Risk
*55/*120;0.5;Intermediate Metabolizer;Abnormal/Priority/High Risk
*55/*121;n/a;Indeterminate;none
*55/*122;n/a;Indeterminate;none
*55/*123;n/a;Indeterminate;none
*55/*124;0.5;Intermediate Metabolizer;Abnormal/Priority/High Risk
*55/*125;n/a;Indeterminate;none
*55/*126;n/a;Indeterminate;none
*55/*127;n/a;Indeterminate;none
*55/*128;n/a;Indeterminate;none
*55/*129;0.5;Intermediate Metabolizer;Abnormal/Priority/High Risk
*55/*130;n/a;Indeterminate;none
*55/*131;n/a;Indeterminate;none
*55/*132;0.75;Intermediate Metabolizer;Abnormal/Priority/High Risk
*55/*133;n/a;Indeterminate;none
*55/*134;n/a;Indeterminate;none
*55/*135;n/a;Indeterminate;none
*55/*136;n/a;Indeterminate;none
*55/*137;n/a;Indeterminate;none
*55/*138;n/a;Indeterminate;none
*55/*139;n/a;Indeterminate;none
*55/*140;n/a;Indeterminate;none
*55/*141;n/a;Indeterminate;none
*55/*142;n/a;Indeterminate;none
*55/*143;0.5;Intermediate Metabolizer;Abnormal/Priority/High Risk
*55/*144;0.5;Intermediate Metabolizer;Abnormal/Priority/High Risk
*55/*145;n/a;Indeterminate;none
*55/*146;n/a;Indeterminate;none
*55/*146x2;n/a;Indeterminate;none
*55/*147;n/a;Indeterminate;none
*55/*148;n/a;Indeterminate;none
*55/*149;n/a;Indeterminate;none
*55/*152;n/a;Indeterminate;none
*55/*153;n/a;Indeterminate;none
*55/*154;n/a;Indeterminate;none
*55/*155;n/a;Indeterminate;none
*55/*156;0.5;Intermediate Metabolizer;Abnormal/Priority/High Risk
*55/*157;n/a;Indeterminate;none
*55/*158;n/a;Indeterminate;none
*55/*159;n/a;Indeterminate;none
*55/*160;n/a;Indeterminate;none
*55/*161;0.5;Intermediate Metabolizer;Abnormal/Priority/High Risk
*55/*162;n/a;Indeterminate;none
*55/*163;n/a;Indeterminate;none
*56/*56;0.0;Poor Metabolizer;Abnormal/Priority/High Risk
*56/*57;0.0;Poor Metabolizer;Abnormal/Priority/High Risk
*56/*58;n/a;Indeterminate;none
*56/*59;0.5;Intermediate Metabolizer;Abnormal/Priority/High Risk
*56/*60;0.0;Poor Metabolizer;Abnormal/Priority/High Risk
*56/*61;n/a;Indeterminate;none
*56/*62;0.0;Poor Metabolizer;Abnormal/Priority/High Risk
*56/*63;n/a;Indeterminate;none
*56/*64;n/a;Indeterminate;none
*56/*65;n/a;Indeterminate;none
*56/*68;0.0;Poor Metabolizer;Abnormal/Priority/High Risk
*56/*69;0.0;Poor Metabolizer;Abnormal/Priority/High Risk
*56/*70;n/a;Indeterminate;none
*56/*71;n/a;Indeterminate;none
*56/*72;n/a;Indeterminate;none
*56/*73;n/a;Indeterminate;none
*56/*74;n/a;Indeterminate;none
*56/*75;n/a;Indeterminate;none
*56/*81;0.0;Poor Metabolizer;Abnormal/Priority/High Risk
*56/*82;n/a;Indeterminate;none
*56/*83;n/a;Indeterminate;none
*56/*84;n/a;Indeterminate;none
*56/*85;n/a;Indeterminate;none
*56/*86;n/a;Indeterminate;none
*56/*87;n/a;Indeterminate;none
*56/*88;n/a;Indeterminate;none
*56/*89;n/a;Indeterminate;none
*56/*90;n/a;Indeterminate;none
*56/*91;0.25;Intermediate Metabolizer;Abnormal/Priority/High Risk
*56/*92;0.0;Poor Metabolizer;Abnormal/Priority/High Risk
*56/*93;n/a;Indeterminate;none
*56/*94;n/a;Indeterminate;none
*56/*95;n/a;Indeterminate;none
*56/*96;0.0;Poor Metabolizer;Abnormal/Priority/High Risk
*56/*97;n/a;Indeterminate;none
*56/*98;n/a;Indeterminate;none
*56/*99;0.0;Poor Metabolizer;Abnormal/Priority/High Risk
*56/*100;0.0;Poor Metabolizer;Abnormal/Priority/High Risk
*56/*101;0.0;Poor Metabolizer;Abnormal/Priority/High Risk
*56/*102;n/a;Indeterminate;none
*56/*103;n/a;Indeterminate;none
*56/*104;n/a;Indeterminate;none
*56/*105;n/a;Indeterminate;none
*56/*106;n/a;Indeterminate;none
*56/*107;n/a;Indeterminate;none
*56/*108;n/a;Indeterminate;none
*56/*109;0.25;Intermediate Metabolizer;Abnormal/Priority/High Risk
*56/*110;n/a;Indeterminate;none
*56/*111;n/a;Indeterminate;none
*56/*112;n/a;Indeterminate;none
*56/*113;n/a;Indeterminate;none
*56/*114;0.0;Poor Metabolizer;Abnormal/Priority/High Risk
*56/*115;n/a;Indeterminate;none
*56/*116;n/a;Indeterminate;none
*56/*117;n/a;Indeterminate;none
*56/*118;n/a;Indeterminate;none
*56/*119;0.25;Intermediate Metabolizer;Abnormal/Priority/High Risk
*56/*120;0.0;Poor Metabolizer;Abnormal/Priority/High Risk
*56/*121;n/a;Indeterminate;none
*56/*122;n/a;Indeterminate;none
*56/*123;n/a;Indeterminate;none
*56/*124;0.0;Poor Metabolizer;Abnormal/Priority/High Risk
*56/*125;n/a;Indeterminate;none
*56/*126;n/a;Indeterminate;none
*56/*127;n/a;Indeterminate;none
*56/*128;n/a;Indeterminate;none
*56/*129;0.0;Poor Metabolizer;Abnormal/Priority/High Risk
*56/*130;n/a;Indeterminate;none
*56/*131;n/a;Indeterminate;none
*56/*132;0.25;Intermediate Metabolizer;Abnormal/Priority/High Risk
*56/*133;n/a;Indeterminate;none
*56/*134;n/a;Indeterminate;none
*56/*135;n/a;Indeterminate;none
*56/*136;n/a;Indeterminate;none
*56/*137;n/a;Indeterminate;none
*56/*138;n/a;Indeterminate;none
*56/*139;n/a;Indeterminate;none
*56/*140;n/a;Indeterminate;none
*56/*141;n/a;Indeterminate;none
*56/*142;n/a;Indeterminate;none
*56/*143;0.0;Poor Metabolizer;Abnormal/Priority/High Risk
*56/*144;0.0;Poor Metabolizer;Abnormal/Priority/High Risk
*56/*145;n/a;Indeterminate;none
*56/*146;n/a;Indeterminate;none
*56/*146x2;n/a;Indeterminate;none
*56/*147;n/a;Indeterminate;none
*56/*148;n/a;Indeterminate;none
*56/*149;n/a;Indeterminate;none
*56/*152;n/a;Indeterminate;none
*56/*153;n/a;Indeterminate;none
*56/*154;n/a;Indeterminate;none
*56/*155;n/a;Indeterminate;none
*56/*156;0.0;Poor Metabolizer;Abnormal/Priority/High Risk
*56/*157;n/a;Indeterminate;none
*56/*158;n/a;Indeterminate;none
*56/*159;n/a;Indeterminate;none
*56/*160;n/a;Indeterminate;none
*56/*161;0.0;Poor Metabolizer;Abnormal/Priority/High Risk
*56/*162;n/a;Indeterminate;none
*56/*163;n/a;Indeterminate;none
*57/*57;0.0;Poor Metabolizer;Abnormal/Priority/High Risk
*57/*58;n/a;Indeterminate;none
*57/*59;0.5;Intermediate Metabolizer;Abnormal/Priority/High Risk
*57/*60;0.0;Poor Metabolizer;Abnormal/Priority/High Risk
*57/*61;n/a;Indeterminate;none
*57/*62;0.0;Poor Metabolizer;Abnormal/Priority/High Risk
*57/*63;n/a;Indeterminate;none
*57/*64;n/a;Indeterminate;none
*57/*65;n/a;Indeterminate;none
*57/*68;0.0;Poor Metabolizer;Abnormal/Priority/High Risk
*57/*69;0.0;Poor Metabolizer;Abnormal/Priority/High Risk
*57/*70;n/a;Indeterminate;none
*57/*71;n/a;Indeterminate;none
*57/*72;n/a;Indeterminate;none
*57/*73;n/a;Indeterminate;none
*57/*74;n/a;Indeterminate;none
*57/*75;n/a;Indeterminate;none
*57/*81;0.0;Poor Metabolizer;Abnormal/Priority/High Risk
*57/*82;n/a;Indeterminate;none
*57/*83;n/a;Indeterminate;none
*57/*84;n/a;Indeterminate;none
*57/*85;n/a;Indeterminate;none
*57/*86;n/a;Indeterminate;none
*57/*87;n/a;Indeterminate;none
*57/*88;n/a;Indeterminate;none
*57/*89;n/a;Indeterminate;none
*57/*90;n/a;Indeterminate;none
*57/*91;0.25;Intermediate Metabolizer;Abnormal/Priority/High Risk
*57/*92;0.0;Poor Metabolizer;Abnormal/Priority/High Risk
*57/*93;n/a;Indeterminate;none
*57/*94;n/a;Indeterminate;none
*57/*95;n/a;Indeterminate;none
*57/*96;0.0;Poor Metabolizer;Abnormal/Priority/High Risk
*57/*97;n/a;Indeterminate;none
*57/*98;n/a;Indeterminate;none
*57/*99;0.0;Poor Metabolizer;Abnormal/Priority/High Risk
*57/*100;0.0;Poor Metabolizer;Abnormal/Priority/High Risk
*57/*101;0.0;Poor Metabolizer;Abnormal/Priority/High Risk
*57/*102;n/a;Indeterminate;none
*57/*103;n/a;Indeterminate;none
*57/*104;n/a;Indeterminate;none
*57/*105;n/a;Indeterminate;none
*57/*106;n/a;Indeterminate;none
*57/*107;n/a;Indeterminate;none
*57/*108;n/a;Indeterminate;none
*57/*109;0.25;Intermediate Metabolizer;Abnormal/Priority/High Risk
*57/*110;n/a;Indeterminate;none
*57/*111;n/a;Indeterminate;none
*57/*112;n/a;Indeterminate;none
*57/*113;n/a;Indeterminate;none
*57/*114;0.0;Poor Metabolizer;Abnormal/Priority/High Risk
*57/*115;n/a;Indeterminate;none
*57/*116;n/a;Indeterminate;none
*57/*117;n/a;Indeterminate;none
*57/*118;n/a;Indeterminate;none
*57/*119;0.25;Intermediate Metabolizer;Abnormal/Priority/High Risk
*57/*120;0.0;Poor Metabolizer;Abnormal/Priority/High Risk
*57/*121;n/a;Indeterminate;none
*57/*122;n/a;Indeterminate;none
*57/*123;n/a;Indeterminate;none
*57/*124;0.0;Poor Metabolizer;Abnormal/Priority/High Risk
*57/*125;n/a;Indeterminate;none
*57/*126;n/a;Indeterminate;none
*57/*127;n/a;Indeterminate;none
*57/*128;n/a;Indeterminate;none
*57/*129;0.0;Poor Metabolizer;Abnormal/Priority/High Risk
*57/*130;n/a;Indeterminate;none
*57/*131;n/a;Indeterminate;none
*57/*132;0.25;Intermediate Metabolizer;Abnormal/Priority/High Risk
*57/*133;n/a;Indeterminate;none
*57/*134;n/a;Indeterminate;none
*57/*135;n/a;Indeterminate;none
*57/*136;n/a;Indeterminate;none
*57/*137;n/a;Indeterminate;none
*57/*138;n/a;Indeterminate;none
*57/*139;n/a;Indeterminate;none
*57/*140;n/a;Indeterminate;none
*57/*141;n/a;Indeterminate;none
*57/*142;n/a;Indeterminate;none
*57/*143;0.0;Poor Metabolizer;Abnormal/Priority/High Risk
*57/*144;0.0;Poor Metabolizer;Abnormal/Priority/High Risk
*57/*145;n/a;Indeterminate;none
*57/*146;n/a;Indeterminate;none
*57/*146x2;n/a;Indeterminate;none
*57/*147;n/a;Indeterminate;none
*57/*148;n/a;Indeterminate;none
*57/*149;n/a;Indeterminate;none
*57/*152;n/a;Indeterminate;none
*57/*153;n/a;Indeterminate;none
*57/*154;n/a;Indeterminate;none
*57/*155;n/a;Indeterminate;none
*57/*156;0.0;Poor Metabolizer;Abnormal/Priority/High Risk
*57/*157;n/a;Indeterminate;none
*57/*158;n/a;Indeterminate;none
*57/*159;n/a;Indeterminate;none
*57/*160;n/a;Indeterminate;none
*57/*161;0.0;Poor Metabolizer;Abnormal/Priority/High Risk
*57/*162;n/a;Indeterminate;none
*57/*163;n/a;Indeterminate;none
*58/*58;n/a;Indeterminate;none
*58/*59;n/a;Indeterminate;none
*58/*60;n/a;Indeterminate;none
*58/*61;n/a;Indeterminate;none
*58/*62;n/a;Indeterminate;none
*58/*63;n/a;Indeterminate;none
*58/*64;n/a;Indeterminate;none
*58/*65;n/a;Indeterminate;none
*58/*68;n/a;Indeterminate;none
*58/*69;n/a;Indeterminate;none
*58/*70;n/a;Indeterminate;none
*58/*71;n/a;Indeterminate;none
*58/*72;n/a;Indeterminate;none
*58/*73;n/a;Indeterminate;none
*58/*74;n/a;Indeterminate;none
*58/*75;n/a;Indeterminate;none
*58/*81;n/a;Indeterminate;none
*58/*82;n/a;Indeterminate;none
*58/*83;n/a;Indeterminate;none
*58/*84;n/a;Indeterminate;none
*58/*85;n/a;Indeterminate;none
*58/*86;n/a;Indeterminate;none
*58/*87;n/a;Indeterminate;none
*58/*88;n/a;Indeterminate;none
*58/*89;n/a;Indeterminate;none
*58/*90;n/a;Indeterminate;none
*58/*91;n/a;Indeterminate;none
*58/*92;n/a;Indeterminate;none
*58/*93;n/a;Indeterminate;none
*58/*94;n/a;Indeterminate;none
*58/*95;n/a;Indeterminate;none
*58/*96;n/a;Indeterminate;none
*58/*97;n/a;Indeterminate;none
*58/*98;n/a;Indeterminate;none
*58/*99;n/a;Indeterminate;none
*58/*100;n/a;Indeterminate;none
*58/*101;n/a;Indeterminate;none
*58/*102;n/a;Indeterminate;none
*58/*103;n/a;Indeterminate;none
*58/*104;n/a;Indeterminate;none
*58/*105;n/a;Indeterminate;none
*58/*106;n/a;Indeterminate;none
*58/*107;n/a;Indeterminate;none
*58/*108;n/a;Indeterminate;none
*58/*109;n/a;Indeterminate;none
*58/*110;n/a;Indeterminate;none
*58/*111;n/a;Indeterminate;none
*58/*112;n/a;Indeterminate;none
*58/*113;n/a;Indeterminate;none
*58/*114;n/a;Indeterminate;none
*58/*115;n/a;Indeterminate;none
*58/*116;n/a;Indeterminate;none
*58/*117;n/a;Indeterminate;none
*58/*118;n/a;Indeterminate;none
*58/*119;n/a;Indeterminate;none
*58/*120;n/a;Indeterminate;none
*58/*121;n/a;Indeterminate;none
*58/*122;n/a;Indeterminate;none
*58/*123;n/a;Indeterminate;none
*58/*124;n/a;Indeterminate;none
*58/*125;n/a;Indeterminate;none
*58/*126;n/a;Indeterminate;none
*58/*127;n/a;Indeterminate;none
*58/*128;n/a;Indeterminate;none
*58/*129;n/a;Indeterminate;none
*58/*130;n/a;Indeterminate;none
*58/*131;n/a;Indeterminate;none
*58/*132;n/a;Indeterminate;none
*58/*133;n/a;Indeterminate;none
*58/*134;n/a;Indeterminate;none
*58/*135;n/a;Indeterminate;none
*58/*136;n/a;Indeterminate;none
*58/*137;n/a;Indeterminate;none
*58/*138;n/a;Indeterminate;none
*58/*139;n/a;Indeterminate;none
*58/*140;n/a;Indeterminate;none
*58/*141;n/a;Indeterminate;none
*58/*142;n/a;Indeterminate;none
*58/*143;n/a;Indeterminate;none
*58/*144;n/a;Indeterminate;none
*58/*145;n/a;Indeterminate;none
*58/*146;n/a;Indeterminate;none
*58/*146x2;n/a;Indeterminate;none
*58/*147;n/a;Indeterminate;none
*58/*148;n/a;Indeterminate;none
*58/*149;n/a;Indeterminate;none
*58/*152;n/a;Indeterminate;none
*58/*153;n/a;Indeterminate;none
*58/*154;n/a;Indeterminate;none
*58/*155;n/a;Indeterminate;none
*58/*156;n/a;Indeterminate;none
*58/*157;n/a;Indeterminate;none
*58/*158;n/a;Indeterminate;none
*58/*159;n/a;Indeterminate;none
*58/*160;n/a;Indeterminate;none
*58/*161;n/a;Indeterminate;none
*58/*162;n/a;Indeterminate;none
*58/*163;n/a;Indeterminate;none
*59/*59;1.0;Intermediate Metabolizer;Abnormal/Priority/High Risk
*59/*60;0.5;Intermediate Metabolizer;Abnormal/Priority/High Risk
*59/*61;n/a;Indeterminate;none
*59/*62;0.5;Intermediate Metabolizer;Abnormal/Priority/High Risk
*59/*63;n/a;Indeterminate;none
*59/*64;n/a;Indeterminate;none
*59/*65;n/a;Indeterminate;none
*59/*68;0.5;Intermediate Metabolizer;Abnormal/Priority/High Risk
*59/*69;0.5;Intermediate Metabolizer;Abnormal/Priority/High Risk
*59/*70;n/a;Indeterminate;none
*59/*71;n/a;Indeterminate;none
*59/*72;n/a;Indeterminate;none
*59/*73;n/a;Indeterminate;none
*59/*74;n/a;Indeterminate;none
*59/*75;n/a;Indeterminate;none
*59/*81;0.5;Intermediate Metabolizer;Abnormal/Priority/High Risk
*59/*82;n/a;Indeterminate;none
*59/*83;n/a;Indeterminate;none
*59/*84;n/a;Indeterminate;none
*59/*85;n/a;Indeterminate;none
*59/*86;n/a;Indeterminate;none
*59/*87;n/a;Indeterminate;none
*59/*88;n/a;Indeterminate;none
*59/*89;n/a;Indeterminate;none
*59/*90;n/a;Indeterminate;none
*59/*91;0.75;Intermediate Metabolizer;Abnormal/Priority/High Risk
*59/*92;0.5;Intermediate Metabolizer;Abnormal/Priority/High Risk
*59/*93;n/a;Indeterminate;none
*59/*94;n/a;Indeterminate;none
*59/*95;n/a;Indeterminate;none
*59/*96;0.5;Intermediate Metabolizer;Abnormal/Priority/High Risk
*59/*97;n/a;Indeterminate;none
*59/*98;n/a;Indeterminate;none
*59/*99;0.5;Intermediate Metabolizer;Abnormal/Priority/High Risk
*59/*100;0.5;Intermediate Metabolizer;Abnormal/Priority/High Risk
*59/*101;0.5;Intermediate Metabolizer;Abnormal/Priority/High Risk
*59/*102;n/a;Indeterminate;none
*59/*103;n/a;Indeterminate;none
*59/*104;n/a;Indeterminate;none
*59/*105;n/a;Indeterminate;none
*59/*106;n/a;Indeterminate;none
*59/*107;n/a;Indeterminate;none
*59/*108;n/a;Indeterminate;none
*59/*109;0.75;Intermediate Metabolizer;Abnormal/Priority/High Risk
*59/*110;n/a;Indeterminate;none
*59/*111;n/a;Indeterminate;none
*59/*112;n/a;Indeterminate;none
*59/*113;n/a;Indeterminate;none
*59/*114;0.5;Intermediate Metabolizer;Abnormal/Priority/High Risk
*59/*115;n/a;Indeterminate;none
*59/*116;n/a;Indeterminate;none
*59/*117;n/a;Indeterminate;none
*59/*118;n/a;Indeterminate;none
*59/*119;0.75;Intermediate Metabolizer;Abnormal/Priority/High Risk
*59/*120;0.5;Intermediate Metabolizer;Abnormal/Priority/High Risk
*59/*121;n/a;Indeterminate;none
*59/*122;n/a;Indeterminate;none
*59/*123;n/a;Indeterminate;none
*59/*124;0.5;Intermediate Metabolizer;Abnormal/Priority/High Risk
*59/*125;n/a;Indeterminate;none
*59/*126;n/a;Indeterminate;none
*59/*127;n/a;Indeterminate;none
*59/*128;n/a;Indeterminate;none
*59/*129;0.5;Intermediate Metabolizer;Abnormal/Priority/High Risk
*59/*130;n/a;Indeterminate;none
*59/*131;n/a;Indeterminate;none
*59/*132;0.75;Intermediate Metabolizer;Abnormal/Priority/High Risk
*59/*133;n/a;Indeterminate;none
*59/*134;n/a;Indeterminate;none
*59/*135;n/a;Indeterminate;none
*59/*136;n/a;Indeterminate;none
*59/*137;n/a;Indeterminate;none
*59/*138;n/a;Indeterminate;none
*59/*139;n/a;Indeterminate;none
*59/*140;n/a;Indeterminate;none
*59/*141;n/a;Indeterminate;none
*59/*142;n/a;Indeterminate;none
*59/*143;0.5;Intermediate Metabolizer;Abnormal/Priority/High Risk
*59/*144;0.5;Intermediate Metabolizer;Abnormal/Priority/High Risk
*59/*145;n/a;Indeterminate;none
*59/*146;n/a;Indeterminate;none
*59/*146x2;n/a;Indeterminate;none
*59/*147;n/a;Indeterminate;none
*59/*148;n/a;Indeterminate;none
*59/*149;n/a;Indeterminate;none
*59/*152;n/a;Indeterminate;none
*59/*153;n/a;Indeterminate;none
*59/*154;n/a;Indeterminate;none
*59/*155;n/a;Indeterminate;none
*59/*156;0.5;Intermediate Metabolizer;Abnormal/Priority/High Risk
*59/*157;n/a;Indeterminate;none
*59/*158;n/a;Indeterminate;none
*59/*159;n/a;Indeterminate;none
*59/*160;n/a;Indeterminate;none
*59/*161;0.5;Intermediate Metabolizer;Abnormal/Priority/High Risk
*59/*162;n/a;Indeterminate;none
*59/*163;n/a;Indeterminate;none
*60/*60;0.0;Poor Metabolizer;Abnormal/Priority/High Risk
*60/*61;n/a;Indeterminate;none
*60/*62;0.0;Poor Metabolizer;Abnormal/Priority/High Risk
*60/*63;n/a;Indeterminate;none
*60/*64;n/a;Indeterminate;none
*60/*65;n/a;Indeterminate;none
*60/*68;0.0;Poor Metabolizer;Abnormal/Priority/High Risk
*60/*69;0.0;Poor Metabolizer;Abnormal/Priority/High Risk
*60/*70;n/a;Indeterminate;none
*60/*71;n/a;Indeterminate;none
*60/*72;n/a;Indeterminate;none
*60/*73;n/a;Indeterminate;none
*60/*74;n/a;Indeterminate;none
*60/*75;n/a;Indeterminate;none
*60/*81;0.0;Poor Metabolizer;Abnormal/Priority/High Risk
*60/*82;n/a;Indeterminate;none
*60/*83;n/a;Indeterminate;none
*60/*84;n/a;Indeterminate;none
*60/*85;n/a;Indeterminate;none
*60/*86;n/a;Indeterminate;none
*60/*87;n/a;Indeterminate;none
*60/*88;n/a;Indeterminate;none
*60/*89;n/a;Indeterminate;none
*60/*90;n/a;Indeterminate;none
*60/*91;0.25;Intermediate Metabolizer;Abnormal/Priority/High Risk
*60/*92;0.0;Poor Metabolizer;Abnormal/Priority/High Risk
*60/*93;n/a;Indeterminate;none
*60/*94;n/a;Indeterminate;none
*60/*95;n/a;Indeterminate;none
*60/*96;0.0;Poor Metabolizer;Abnormal/Priority/High Risk
*60/*97;n/a;Indeterminate;none
*60/*98;n/a;Indeterminate;none
*60/*99;0.0;Poor Metabolizer;Abnormal/Priority/High Risk
*60/*100;0.0;Poor Metabolizer;Abnormal/Priority/High Risk
*60/*101;0.0;Poor Metabolizer;Abnormal/Priority/High Risk
*60/*102;n/a;Indeterminate;none
*60/*103;n/a;Indeterminate;none
*60/*104;n/a;Indeterminate;none
*60/*105;n/a;Indeterminate;none
*60/*106;n/a;Indeterminate;none
*60/*107;n/a;Indeterminate;none
*60/*108;n/a;Indeterminate;none
*60/*109;0.25;Intermediate Metabolizer;Abnormal/Priority/High Risk
*60/*110;n/a;Indeterminate;none
*60/*111;n/a;Indeterminate;none
*60/*112;n/a;Indeterminate;none
*60/*113;n/a;Indeterminate;none
*60/*114;0.0;Poor Metabolizer;Abnormal/Priority/High Risk
*60/*115;n/a;Indeterminate;none
*60/*116;n/a;Indeterminate;none
*60/*117;n/a;Indeterminate;none
*60/*118;n/a;Indeterminate;none
*60/*119;0.25;Intermediate Metabolizer;Abnormal/Priority/High Risk
*60/*120;0.0;Poor Metabolizer;Abnormal/Priority/High Risk
*60/*121;n/a;Indeterminate;none
*60/*122;n/a;Indeterminate;none
*60/*123;n/a;Indeterminate;none
*60/*124;0.0;Poor Metabolizer;Abnormal/Priority/High Risk
*60/*125;n/a;Indeterminate;none
*60/*126;n/a;Indeterminate;none
*60/*127;n/a;Indeterminate;none
*60/*128;n/a;Indeterminate;none
*60/*129;0.0;Poor Metabolizer;Abnormal/Priority/High Risk
*60/*130;n/a;Indeterminate;none
*60/*131;n/a;Indeterminate;none
*60/*132;0.25;Intermediate Metabolizer;Abnormal/Priority/High Risk
*60/*133;n/a;Indeterminate;none
*60/*134;n/a;Indeterminate;none
*60/*135;n/a;Indeterminate;none
*60/*136;n/a;Indeterminate;none
*60/*137;n/a;Indeterminate;none
*60/*138;n/a;Indeterminate;none
*60/*139;n/a;Indeterminate;none
*60/*140;n/a;Indeterminate;none
*60/*141;n/a;Indeterminate;none
*60/*142;n/a;Indeterminate;none
*60/*143;0.0;Poor Metabolizer;Abnormal/Priority/High Risk
*60/*144;0.0;Poor Metabolizer;Abnormal/Priority/High Risk
*60/*145;n/a;Indeterminate;none
*60/*146;n/a;Indeterminate;none
*60/*146x2;n/a;Indeterminate;none
*60/*147;n/a;Indeterminate;none
*60/*148;n/a;Indeterminate;none
*60/*149;n/a;Indeterminate;none
*60/*152;n/a;Indeterminate;none
*60/*153;n/a;Indeterminate;none
*60/*154;n/a;Indeterminate;none
*60/*155;n/a;Indeterminate;none
*60/*156;0.0;Poor Metabolizer;Abnormal/Priority/High Risk
*60/*157;n/a;Indeterminate;none
*60/*158;n/a;Indeterminate;none
*60/*159;n/a;Indeterminate;none
*60/*160;n/a;Indeterminate;none
*60/*161;0.0;Poor Metabolizer;Abnormal/Priority/High Risk
*60/*162;n/a;Indeterminate;none
*60/*163;n/a;Indeterminate;none
*61/*61;n/a;Indeterminate;none
*61/*62;n/a;Indeterminate;none
*61/*63;n/a;Indeterminate;none
*61/*64;n/a;Indeterminate;none
*61/*65;n/a;Indeterminate;none
*61/*68;n/a;Indeterminate;none
*61/*69;n/a;Indeterminate;none
*61/*70;n/a;Indeterminate;none
*61/*71;n/a;Indeterminate;none
*61/*72;n/a;Indeterminate;none
*61/*73;n/a;Indeterminate;none
*61/*74;n/a;Indeterminate;none
*61/*75;n/a;Indeterminate;none
*61/*81;n/a;Indeterminate;none
*61/*82;n/a;Indeterminate;none
*61/*83;n/a;Indeterminate;none
*61/*84;n/a;Indeterminate;none
*61/*85;n/a;Indeterminate;none
*61/*86;n/a;Indeterminate;none
*61/*87;n/a;Indeterminate;none
*61/*88;n/a;Indeterminate;none
*61/*89;n/a;Indeterminate;none
*61/*90;n/a;Indeterminate;none
*61/*91;n/a;Indeterminate;none
*61/*92;n/a;Indeterminate;none
*61/*93;n/a;Indeterminate;none
*61/*94;n/a;Indeterminate;none
*61/*95;n/a;Indeterminate;none
*61/*96;n/a;Indeterminate;none
*61/*97;n/a;Indeterminate;none
*61/*98;n/a;Indeterminate;none
*61/*99;n/a;Indeterminate;none
*61/*100;n/a;Indeterminate;none
*61/*101;n/a;Indeterminate;none
*61/*102;n/a;Indeterminate;none
*61/*103;n/a;Indeterminate;none
*61/*104;n/a;Indeterminate;none
*61/*105;n/a;Indeterminate;none
*61/*106;n/a;Indeterminate;none
*61/*107;n/a;Indeterminate;none
*61/*108;n/a;Indeterminate;none
*61/*109;n/a;Indeterminate;none
*61/*110;n/a;Indeterminate;none
*61/*111;n/a;Indeterminate;none
*61/*112;n/a;Indeterminate;none
*61/*113;n/a;Indeterminate;none
*61/*114;n/a;Indeterminate;none
*61/*115;n/a;Indeterminate;none
*61/*116;n/a;Indeterminate;none
*61/*117;n/a;Indeterminate;none
*61/*118;n/a;Indeterminate;none
*61/*119;n/a;Indeterminate;none
*61/*120;n/a;Indeterminate;none
*61/*121;n/a;Indeterminate;none
*61/*122;n/a;Indeterminate;none
*61/*123;n/a;Indeterminate;none
*61/*124;n/a;Indeterminate;none
*61/*125;n/a;Indeterminate;none
*61/*126;n/a;Indeterminate;none
*61/*127;n/a;Indeterminate;none
*61/*128;n/a;Indeterminate;none
*61/*129;n/a;Indeterminate;none
*61/*130;n/a;Indeterminate;none
*61/*131;n/a;Indeterminate;none
*61/*132;n/a;Indeterminate;none
*61/*133;n/a;Indeterminate;none
*61/*134;n/a;Indeterminate;none
*61/*135;n/a;Indeterminate;none
*61/*136;n/a;Indeterminate;none
*61/*137;n/a;Indeterminate;none
*61/*138;n/a;Indeterminate;none
*61/*139;n/a;Indeterminate;none
*61/*140;n/a;Indeterminate;none
*61/*141;n/a;Indeterminate;none
*61/*142;n/a;Indeterminate;none
*61/*143;n/a;Indeterminate;none
*61/*144;n/a;Indeterminate;none
*61/*145;n/a;Indeterminate;none
*61/*146;n/a;Indeterminate;none
*61/*146x2;n/a;Indeterminate;none
*61/*147;n/a;Indeterminate;none
*61/*148;n/a;Indeterminate;none
*61/*149;n/a;Indeterminate;none
*61/*152;n/a;Indeterminate;none
*61/*153;n/a;Indeterminate;none
*61/*154;n/a;Indeterminate;none
*61/*155;n/a;Indeterminate;none
*61/*156;n/a;Indeterminate;none
*61/*157;n/a;Indeterminate;none
*61/*158;n/a;Indeterminate;none
*61/*159;n/a;Indeterminate;none
*61/*160;n/a;Indeterminate;none
*61/*161;n/a;Indeterminate;none
*61/*162;n/a;Indeterminate;none
*61/*163;n/a;Indeterminate;none
*62/*62;0.0;Poor Metabolizer;Abnormal/Priority/High Risk
*62/*63;n/a;Indeterminate;none
*62/*64;n/a;Indeterminate;none
*62/*65;n/a;Indeterminate;none
*62/*68;0.0;Poor Metabolizer;Abnormal/Priority/High Risk
*62/*69;0.0;Poor Metabolizer;Abnormal/Priority/High Risk
*62/*70;n/a;Indeterminate;none
*62/*71;n/a;Indeterminate;none
*62/*72;n/a;Indeterminate;none
*62/*73;n/a;Indeterminate;none
*62/*74;n/a;Indeterminate;none
*62/*75;n/a;Indeterminate;none
*62/*81;0.0;Poor Metabolizer;Abnormal/Priority/High Risk
*62/*82;n/a;Indeterminate;none
*62/*83;n/a;Indeterminate;none
*62/*84;n/a;Indeterminate;none
*62/*85;n/a;Indeterminate;none
*62/*86;n/a;Indeterminate;none
*62/*87;n/a;Indeterminate;none
*62/*88;n/a;Indeterminate;none
*62/*89;n/a;Indeterminate;none
*62/*90;n/a;Indeterminate;none
*62/*91;0.25;Intermediate Metabolizer;Abnormal/Priority/High Risk
*62/*92;0.0;Poor Metabolizer;Abnormal/Priority/High Risk
*62/*93;n/a;Indeterminate;none
*62/*94;n/a;Indeterminate;none
*62/*95;n/a;Indeterminate;none
*62/*96;0.0;Poor Metabolizer;Abnormal/Priority/High Risk
*62/*97;n/a;Indeterminate;none
*62/*98;n/a;Indeterminate;none
*62/*99;0.0;Poor Metabolizer;Abnormal/Priority/High Risk
*62/*100;0.0;Poor Metabolizer;Abnormal/Priority/High Risk
*62/*101;0.0;Poor Metabolizer;Abnormal/Priority/High Risk
*62/*102;n/a;Indeterminate;none
*62/*103;n/a;Indeterminate;none
*62/*104;n/a;Indeterminate;none
*62/*105;n/a;Indeterminate;none
*62/*106;n/a;Indeterminate;none
*62/*107;n/a;Indeterminate;none
*62/*108;n/a;Indeterminate;none
*62/*109;0.25;Intermediate Metabolizer;Abnormal/Priority/High Risk
*62/*110;n/a;Indeterminate;none
*62/*111;n/a;Indeterminate;none
*62/*112;n/a;Indeterminate;none
*62/*113;n/a;Indeterminate;none
*62/*114;0.0;Poor Metabolizer;Abnormal/Priority/High Risk
*62/*115;n/a;Indeterminate;none
*62/*116;n/a;Indeterminate;none
*62/*117;n/a;Indeterminate;none
*62/*118;n/a;Indeterminate;none
*62/*119;0.25;Intermediate Metabolizer;Abnormal/Priority/High Risk
*62/*120;0.0;Poor Metabolizer;Abnormal/Priority/High Risk
*62/*121;n/a;Indeterminate;none
*62/*122;n/a;Indeterminate;none
*62/*123;n/a;Indeterminate;none
*62/*124;0.0;Poor Metabolizer;Abnormal/Priority/High Risk
*62/*125;n/a;Indeterminate;none
*62/*126;n/a;Indeterminate;none
*62/*127;n/a;Indeterminate;none
*62/*128;n/a;Indeterminate;none
*62/*129;0.0;Poor Metabolizer;Abnormal/Priority/High Risk
*62/*130;n/a;Indeterminate;none
*62/*131;n/a;Indeterminate;none
*62/*132;0.25;Intermediate Metabolizer;Abnormal/Priority/High Risk
*62/*133;n/a;Indeterminate;none
*62/*134;n/a;Indeterminate;none
*62/*135;n/a;Indeterminate;none
*62/*136;n/a;Indeterminate;none
*62/*137;n/a;Indeterminate;none
*62/*138;n/a;Indeterminate;none
*62/*139;n/a;Indeterminate;none
*62/*140;n/a;Indeterminate;none
*62/*141;n/a;Indeterminate;none
*62/*142;n/a;Indeterminate;none
*62/*143;0.0;Poor Metabolizer;Abnormal/Priority/High Risk
*62/*144;0.0;Poor Metabolizer;Abnormal/Priority/High Risk
*62/*145;n/a;Indeterminate;none
*62/*146;n/a;Indeterminate;none
*62/*146x2;n/a;Indeterminate;none
*62/*147;n/a;Indeterminate;none
*62/*148;n/a;Indeterminate;none
*62/*149;n/a;Indeterminate;none
*62/*152;n/a;Indeterminate;none
*62/*153;n/a;Indeterminate;none
*62/*154;n/a;Indeterminate;none
*62/*155;n/a;Indeterminate;none
*62/*156;0.0;Poor Metabolizer;Abnormal/Priority/High Risk
*62/*157;n/a;Indeterminate;none
*62/*158;n/a;Indeterminate;none
*62/*159;n/a;Indeterminate;none
*62/*160;n/a;Indeterminate;none
*62/*161;0.0;Poor Metabolizer;Abnormal/Priority/High Risk
*62/*162;n/a;Indeterminate;none
*62/*163;n/a;Indeterminate;none
*63/*63;n/a;Indeterminate;none
*63/*64;n/a;Indeterminate;none
*63/*65;n/a;Indeterminate;none
*63/*68;n/a;Indeterminate;none
*63/*69;n/a;Indeterminate;none
*63/*70;n/a;Indeterminate;none
*63/*71;n/a;Indeterminate;none
*63/*72;n/a;Indeterminate;none
*63/*73;n/a;Indeterminate;none
*63/*74;n/a;Indeterminate;none
*63/*75;n/a;Indeterminate;none
*63/*81;n/a;Indeterminate;none
*63/*82;n/a;Indeterminate;none
*63/*83;n/a;Indeterminate;none
*63/*84;n/a;Indeterminate;none
*63/*85;n/a;Indeterminate;none
*63/*86;n/a;Indeterminate;none
*63/*87;n/a;Indeterminate;none
*63/*88;n/a;Indeterminate;none
*63/*89;n/a;Indeterminate;none
*63/*90;n/a;Indeterminate;none
*63/*91;n/a;Indeterminate;none
*63/*92;n/a;Indeterminate;none
*63/*93;n/a;Indeterminate;none
*63/*94;n/a;Indeterminate;none
*63/*95;n/a;Indeterminate;none
*63/*96;n/a;Indeterminate;none
*63/*97;n/a;Indeterminate;none
*63/*98;n/a;Indeterminate;none
*63/*99;n/a;Indeterminate;none
*63/*100;n/a;Indeterminate;none
*63/*101;n/a;Indeterminate;none
*63/*102;n/a;Indeterminate;none
*63/*103;n/a;Indeterminate;none
*63/*104;n/a;Indeterminate;none
*63/*105;n/a;Indeterminate;none
*63/*106;n/a;Indeterminate;none
*63/*107;n/a;Indeterminate;none
*63/*108;n/a;Indeterminate;none
*63/*109;n/a;Indeterminate;none
*63/*110;n/a;Indeterminate;none
*63/*111;n/a;Indeterminate;none
*63/*112;n/a;Indeterminate;none
*63/*113;n/a;Indeterminate;none
*63/*114;n/a;Indeterminate;none
*63/*115;n/a;Indeterminate;none
*63/*116;n/a;Indeterminate;none
*63/*117;n/a;Indeterminate;none
*63/*118;n/a;Indeterminate;none
*63/*119;n/a;Indeterminate;none
*63/*120;n/a;Indeterminate;none
*63/*121;n/a;Indeterminate;none
*63/*122;n/a;Indeterminate;none
*63/*123;n/a;Indeterminate;none
*63/*124;n/a;Indeterminate;none
*63/*125;n/a;Indeterminate;none
*63/*126;n/a;Indeterminate;none
*63/*127;n/a;Indeterminate;none
*63/*128;n/a;Indeterminate;none
*63/*129;n/a;Indeterminate;none
*63/*130;n/a;Indeterminate;none
*63/*131;n/a;Indeterminate;none
*63/*132;n/a;Indeterminate;none
*63/*133;n/a;Indeterminate;none
*63/*134;n/a;Indeterminate;none
*63/*135;n/a;Indeterminate;none
*63/*136;n/a;Indeterminate;none
*63/*137;n/a;Indeterminate;none
*63/*138;n/a;Indeterminate;none
*63/*139;n/a;Indeterminate;none
*63/*140;n/a;Indeterminate;none
*63/*141;n/a;Indeterminate;none
*63/*142;n/a;Indeterminate;none
*63/*143;n/a;Indeterminate;none
*63/*144;n/a;Indeterminate;none
*63/*145;n/a;Indeterminate;none
*63/*146;n/a;Indeterminate;none
*63/*146x2;n/a;Indeterminate;none
*63/*147;n/a;Indeterminate;none
*63/*148;n/a;Indeterminate;none
*63/*149;n/a;Indeterminate;none
*63/*152;n/a;Indeterminate;none
*63/*153;n/a;Indeterminate;none
*63/*154;n/a;Indeterminate;none
*63/*155;n/a;Indeterminate;none
*63/*156;n/a;Indeterminate;none
*63/*157;n/a;Indeterminate;none
*63/*158;n/a;Indeterminate;none
*63/*159;n/a;Indeterminate;none
*63/*160;n/a;Indeterminate;none
*63/*161;n/a;Indeterminate;none
*63/*162;n/a;Indeterminate;none
*63/*163;n/a;Indeterminate;none
*64/*64;n/a;Indeterminate;none
*64/*65;n/a;Indeterminate;none
*64/*68;n/a;Indeterminate;none
*64/*69;n/a;Indeterminate;none
*64/*70;n/a;Indeterminate;none
*64/*71;n/a;Indeterminate;none
*64/*72;n/a;Indeterminate;none
*64/*73;n/a;Indeterminate;none
*64/*74;n/a;Indeterminate;none
*64/*75;n/a;Indeterminate;none
*64/*81;n/a;Indeterminate;none
*64/*82;n/a;Indeterminate;none
*64/*83;n/a;Indeterminate;none
*64/*84;n/a;Indeterminate;none
*64/*85;n/a;Indeterminate;none
*64/*86;n/a;Indeterminate;none
*64/*87;n/a;Indeterminate;none
*64/*88;n/a;Indeterminate;none
*64/*89;n/a;Indeterminate;none
*64/*90;n/a;Indeterminate;none
*64/*91;n/a;Indeterminate;none
*64/*92;n/a;Indeterminate;none
*64/*93;n/a;Indeterminate;none
*64/*94;n/a;Indeterminate;none
*64/*95;n/a;Indeterminate;none
*64/*96;n/a;Indeterminate;none
*64/*97;n/a;Indeterminate;none
*64/*98;n/a;Indeterminate;none
*64/*99;n/a;Indeterminate;none
*64/*100;n/a;Indeterminate;none
*64/*101;n/a;Indeterminate;none
*64/*102;n/a;Indeterminate;none
*64/*103;n/a;Indeterminate;none
*64/*104;n/a;Indeterminate;none
*64/*105;n/a;Indeterminate;none
*64/*106;n/a;Indeterminate;none
*64/*107;n/a;Indeterminate;none
*64/*108;n/a;Indeterminate;none
*64/*109;n/a;Indeterminate;none
*64/*110;n/a;Indeterminate;none
*64/*111;n/a;Indeterminate;none
*64/*112;n/a;Indeterminate;none
*64/*113;n/a;Indeterminate;none
*64/*114;n/a;Indeterminate;none
*64/*115;n/a;Indeterminate;none
*64/*116;n/a;Indeterminate;none
*64/*117;n/a;Indeterminate;none
*64/*118;n/a;Indeterminate;none
*64/*119;n/a;Indeterminate;none
*64/*120;n/a;Indeterminate;none
*64/*121;n/a;Indeterminate;none
*64/*122;n/a;Indeterminate;none
*64/*123;n/a;Indeterminate;none
*64/*124;n/a;Indeterminate;none
*64/*125;n/a;Indeterminate;none
*64/*126;n/a;Indeterminate;none
*64/*127;n/a;Indeterminate;none
*64/*128;n/a;Indeterminate;none
*64/*129;n/a;Indeterminate;none
*64/*130;n/a;Indeterminate;none
*64/*131;n/a;Indeterminate;none
*64/*132;n/a;Indeterminate;none
*64/*133;n/a;Indeterminate;none
*64/*134;n/a;Indeterminate;none
*64/*135;n/a;Indeterminate;none
*64/*136;n/a;Indeterminate;none
*64/*137;n/a;Indeterminate;none
*64/*138;n/a;Indeterminate;none
*64/*139;n/a;Indeterminate;none
*64/*140;n/a;Indeterminate;none
*64/*141;n/a;Indeterminate;none
*64/*142;n/a;Indeterminate;none
*64/*143;n/a;Indeterminate;none
*64/*144;n/a;Indeterminate;none
*64/*145;n/a;Indeterminate;none
*64/*146;n/a;Indeterminate;none
*64/*146x2;n/a;Indeterminate;none
*64/*147;n/a;Indeterminate;none
*64/*148;n/a;Indeterminate;none
*64/*149;n/a;Indeterminate;none
*64/*152;n/a;Indeterminate;none
*64/*153;n/a;Indeterminate;none
*64/*154;n/a;Indeterminate;none
*64/*155;n/a;Indeterminate;none
*64/*156;n/a;Indeterminate;none
*64/*157;n/a;Indeterminate;none
*64/*158;n/a;Indeterminate;none
*64/*159;n/a;Indeterminate;none
*64/*160;n/a;Indeterminate;none
*64/*161;n/a;Indeterminate;none
*64/*162;n/a;Indeterminate;none
*64/*163;n/a;Indeterminate;none
*65/*65;n/a;Indeterminate;none
*65/*68;n/a;Indeterminate;none
*65/*69;n/a;Indeterminate;none
*65/*70;n/a;Indeterminate;none
*65/*71;n/a;Indeterminate;none
*65/*72;n/a;Indeterminate;none
*65/*73;n/a;Indeterminate;none
*65/*74;n/a;Indeterminate;none
*65/*75;n/a;Indeterminate;none
*65/*81;n/a;Indeterminate;none
*65/*82;n/a;Indeterminate;none
*65/*83;n/a;Indeterminate;none
*65/*84;n/a;Indeterminate;none
*65/*85;n/a;Indeterminate;none
*65/*86;n/a;Indeterminate;none
*65/*87;n/a;Indeterminate;none
*65/*88;n/a;Indeterminate;none
*65/*89;n/a;Indeterminate;none
*65/*90;n/a;Indeterminate;none
*65/*91;n/a;Indeterminate;none
*65/*92;n/a;Indeterminate;none
*65/*93;n/a;Indeterminate;none
*65/*94;n/a;Indeterminate;none
*65/*95;n/a;Indeterminate;none
*65/*96;n/a;Indeterminate;none
*65/*97;n/a;Indeterminate;none
*65/*98;n/a;Indeterminate;none
*65/*99;n/a;Indeterminate;none
*65/*100;n/a;Indeterminate;none
*65/*101;n/a;Indeterminate;none
*65/*102;n/a;Indeterminate;none
*65/*103;n/a;Indeterminate;none
*65/*104;n/a;Indeterminate;none
*65/*105;n/a;Indeterminate;none
*65/*106;n/a;Indeterminate;none
*65/*107;n/a;Indeterminate;none
*65/*108;n/a;Indeterminate;none
*65/*109;n/a;Indeterminate;none
*65/*110;n/a;Indeterminate;none
*65/*111;n/a;Indeterminate;none
*65/*112;n/a;Indeterminate;none
*65/*113;n/a;Indeterminate;none
*65/*114;n/a;Indeterminate;none
*65/*115;n/a;Indeterminate;none
*65/*116;n/a;Indeterminate;none
*65/*117;n/a;Indeterminate;none
*65/*118;n/a;Indeterminate;none
*65/*119;n/a;Indeterminate;none
*65/*120;n/a;Indeterminate;none
*65/*121;n/a;Indeterminate;none
*65/*122;n/a;Indeterminate;none
*65/*123;n/a;Indeterminate;none
*65/*124;n/a;Indeterminate;none
*65/*125;n/a;Indeterminate;none
*65/*126;n/a;Indeterminate;none
*65/*127;n/a;Indeterminate;none
*65/*128;n/a;Indeterminate;none
*65/*129;n/a;Indeterminate;none
*65/*130;n/a;Indeterminate;none
*65/*131;n/a;Indeterminate;none
*65/*132;n/a;Indeterminate;none
*65/*133;n/a;Indeterminate;none
*65/*134;n/a;Indeterminate;none
*65/*135;n/a;Indeterminate;none
*65/*136;n/a;Indeterminate;none
*65/*137;n/a;Indeterminate;none
*65/*138;n/a;Indeterminate;none
*65/*139;n/a;Indeterminate;none
*65/*140;n/a;Indeterminate;none
*65/*141;n/a;Indeterminate;none
*65/*142;n/a;Indeterminate;none
*65/*143;n/a;Indeterminate;none
*65/*144;n/a;Indeterminate;none
*65/*145;n/a;Indeterminate;none
*65/*146;n/a;Indeterminate;none
*65/*146x2;n/a;Indeterminate;none
*65/*147;n/a;Indeterminate;none
*65/*148;n/a;Indeterminate;none
*65/*149;n/a;Indeterminate;none
*65/*152;n/a;Indeterminate;none
*65/*153;n/a;Indeterminate;none
*65/*154;n/a;Indeterminate;none
*65/*155;n/a;Indeterminate;none
*65/*156;n/a;Indeterminate;none
*65/*157;n/a;Indeterminate;none
*65/*158;n/a;Indeterminate;none
*65/*159;n/a;Indeterminate;none
*65/*160;n/a;Indeterminate;none
*65/*161;n/a;Indeterminate;none
*65/*162;n/a;Indeterminate;none
*65/*163;n/a;Indeterminate;none
*68/*68;0.0;Poor Metabolizer;Abnormal/Priority/High Risk
*68/*69;0.0;Poor Metabolizer;Abnormal/Priority/High Risk
*68/*70;n/a;Indeterminate;none
*68/*71;n/a;Indeterminate;none
*68/*72;n/a;Indeterminate;none
*68/*73;n/a;Indeterminate;none
*68/*74;n/a;Indeterminate;none
*68/*75;n/a;Indeterminate;none
*68/*81;0.0;Poor Metabolizer;Abnormal/Priority/High Risk
*68/*82;n/a;Indeterminate;none
*68/*83;n/a;Indeterminate;none
*68/*84;n/a;Indeterminate;none
*68/*85;n/a;Indeterminate;none
*68/*86;n/a;Indeterminate;none
*68/*87;n/a;Indeterminate;none
*68/*88;n/a;Indeterminate;none
*68/*89;n/a;Indeterminate;none
*68/*90;n/a;Indeterminate;none
*68/*91;0.25;Intermediate Metabolizer;Abnormal/Priority/High Risk
*68/*92;0.0;Poor Metabolizer;Abnormal/Priority/High Risk
*68/*93;n/a;Indeterminate;none
*68/*94;n/a;Indeterminate;none
*68/*95;n/a;Indeterminate;none
*68/*96;0.0;Poor Metabolizer;Abnormal/Priority/High Risk
*68/*97;n/a;Indeterminate;none
*68/*98;n/a;Indeterminate;none
*68/*99;0.0;Poor Metabolizer;Abnormal/Priority/High Risk
*68/*100;0.0;Poor Metabolizer;Abnormal/Priority/High Risk
*68/*101;0.0;Poor Metabolizer;Abnormal/Priority/High Risk
*68/*102;n/a;Indeterminate;none
*68/*103;n/a;Indeterminate;none
*68/*104;n/a;Indeterminate;none
*68/*105;n/a;Indeterminate;none
*68/*106;n/a;Indeterminate;none
*68/*107;n/a;Indeterminate;none
*68/*108;n/a;Indeterminate;none
*68/*109;0.25;Intermediate Metabolizer;Abnormal/Priority/High Risk
*68/*110;n/a;Indeterminate;none
*68/*111;n/a;Indeterminate;none
*68/*112;n/a;Indeterminate;none
*68/*113;n/a;Indeterminate;none
*68/*114;0.0;Poor Metabolizer;Abnormal/Priority/High Risk
*68/*115;n/a;Indeterminate;none
*68/*116;n/a;Indeterminate;none
*68/*117;n/a;Indeterminate;none
*68/*118;n/a;Indeterminate;none
*68/*119;0.25;Intermediate Metabolizer;Abnormal/Priority/High Risk
*68/*120;0.0;Poor Metabolizer;Abnormal/Priority/High Risk
*68/*121;n/a;Indeterminate;none
*68/*122;n/a;Indeterminate;none
*68/*123;n/a;Indeterminate;none
*68/*124;0.0;Poor Metabolizer;Abnormal/Priority/High Risk
*68/*125;n/a;Indeterminate;none
*68/*126;n/a;Indeterminate;none
*68/*127;n/a;Indeterminate;none
*68/*128;n/a;Indeterminate;none
*68/*129;0.0;Poor Metabolizer;Abnormal/Priority/High Risk
*68/*130;n/a;Indeterminate;none
*68/*131;n/a;Indeterminate;none
*68/*132;0.25;Intermediate Metabolizer;Abnormal/Priority/High Risk
*68/*133;n/a;Indeterminate;none
*68/*134;n/a;Indeterminate;none
*68/*135;n/a;Indeterminate;none
*68/*136;n/a;Indeterminate;none
*68/*137;n/a;Indeterminate;none
*68/*138;n/a;Indeterminate;none
*68/*139;n/a;Indeterminate;none
*68/*140;n/a;Indeterminate;none
*68/*141;n/a;Indeterminate;none
*68/*142;n/a;Indeterminate;none
*68/*143;0.0;Poor Metabolizer;Abnormal/Priority/High Risk
*68/*144;0.0;Poor Metabolizer;Abnormal/Priority/High Risk
*68/*145;n/a;Indeterminate;none
*68/*146;n/a;Indeterminate;none
*68/*146x2;n/a;Indeterminate;none
*68/*147;n/a;Indeterminate;none
*68/*148;n/a;Indeterminate;none
*68/*149;n/a;Indeterminate;none
*68/*152;n/a;Indeterminate;none
*68/*153;n/a;Indeterminate;none
*68/*154;n/a;Indeterminate;none
*68/*155;n/a;Indeterminate;none
*68/*156;0.0;Poor Metabolizer;Abnormal/Priority/High Risk
*68/*157;n/a;Indeterminate;none
*68/*158;n/a;Indeterminate;none
*68/*159;n/a;Indeterminate;none
*68/*160;n/a;Indeterminate;none
*68/*161;0.0;Poor Metabolizer;Abnormal/Priority/High Risk
*68/*162;n/a;Indeterminate;none
*68/*163;n/a;Indeterminate;none
*69/*69;0.0;Poor Metabolizer;Abnormal/Priority/High Risk
*69/*70;n/a;Indeterminate;none
*69/*71;n/a;Indeterminate;none
*69/*72;n/a;Indeterminate;none
*69/*73;n/a;Indeterminate;none
*69/*74;n/a;Indeterminate;none
*69/*75;n/a;Indeterminate;none
*69/*81;0.0;Poor Metabolizer;Abnormal/Priority/High Risk
*69/*82;n/a;Indeterminate;none
*69/*83;n/a;Indeterminate;none
*69/*84;n/a;Indeterminate;none
*69/*85;n/a;Indeterminate;none
*69/*86;n/a;Indeterminate;none
*69/*87;n/a;Indeterminate;none
*69/*88;n/a;Indeterminate;none
*69/*89;n/a;Indeterminate;none
*69/*90;n/a;Indeterminate;none
*69/*91;0.25;Intermediate Metabolizer;Abnormal/Priority/High Risk
*69/*92;0.0;Poor Metabolizer;Abnormal/Priority/High Risk
*69/*93;n/a;Indeterminate;none
*69/*94;n/a;Indeterminate;none
*69/*95;n/a;Indeterminate;none
*69/*96;0.0;Poor Metabolizer;Abnormal/Priority/High Risk
*69/*97;n/a;Indeterminate;none
*69/*98;n/a;Indeterminate;none
*69/*99;0.0;Poor Metabolizer;Abnormal/Priority/High Risk
*69/*100;0.0;Poor Metabolizer;Abnormal/Priority/High Risk
*69/*101;0.0;Poor Metabolizer;Abnormal/Priority/High Risk
*69/*102;n/a;Indeterminate;none
*69/*103;n/a;Indeterminate;none
*69/*104;n/a;Indeterminate;none
*69/*105;n/a;Indeterminate;none
*69/*106;n/a;Indeterminate;none
*69/*107;n/a;Indeterminate;none
*69/*108;n/a;Indeterminate;none
*69/*109;0.25;Intermediate Metabolizer;Abnormal/Priority/High Risk
*69/*110;n/a;Indeterminate;none
*69/*111;n/a;Indeterminate;none
*69/*112;n/a;Indeterminate;none
*69/*113;n/a;Indeterminate;none
*69/*114;0.0;Poor Metabolizer;Abnormal/Priority/High Risk
*69/*115;n/a;Indeterminate;none
*69/*116;n/a;Indeterminate;none
*69/*117;n/a;Indeterminate;none
*69/*118;n/a;Indeterminate;none
*69/*119;0.25;Intermediate Metabolizer;Abnormal/Priority/High Risk
*69/*120;0.0;Poor Metabolizer;Abnormal/Priority/High Risk
*69/*121;n/a;Indeterminate;none
*69/*122;n/a;Indeterminate;none
*69/*123;n/a;Indeterminate;none
*69/*124;0.0;Poor Metabolizer;Abnormal/Priority/High Risk
*69/*125;n/a;Indeterminate;none
*69/*126;n/a;Indeterminate;none
*69/*127;n/a;Indeterminate;none
*69/*128;n/a;Indeterminate;none
*69/*129;0.0;Poor Metabolizer;Abnormal/Priority/High Risk
*69/*130;n/a;Indeterminate;none
*69/*131;n/a;Indeterminate;none
*69/*132;0.25;Intermediate Metabolizer;Abnormal/Priority/High Risk
*69/*133;n/a;Indeterminate;none
*69/*134;n/a;Indeterminate;none
*69/*135;n/a;Indeterminate;none
*69/*136;n/a;Indeterminate;none
*69/*137;n/a;Indeterminate;none
*69/*138;n/a;Indeterminate;none
*69/*139;n/a;Indeterminate;none
*69/*140;n/a;Indeterminate;none
*69/*141;n/a;Indeterminate;none
*69/*142;n/a;Indeterminate;none
*69/*143;0.0;Poor Metabolizer;Abnormal/Priority/High Risk
*69/*144;0.0;Poor Metabolizer;Abnormal/Priority/High Risk
*69/*145;n/a;Indeterminate;none
*69/*146;n/a;Indeterminate;none
*69/*146x2;n/a;Indeterminate;none
*69/*147;n/a;Indeterminate;none
*69/*148;n/a;Indeterminate;none
*69/*149;n/a;Indeterminate;none
*69/*152;n/a;Indeterminate;none
*69/*153;n/a;Indeterminate;none
*69/*154;n/a;Indeterminate;none
*69/*155;n/a;Indeterminate;none
*69/*156;0.0;Poor Metabolizer;Abnormal/Priority/High Risk
*69/*157;n/a;Indeterminate;none
*69/*158;n/a;Indeterminate;none
*69/*159;n/a;Indeterminate;none
*69/*160;n/a;Indeterminate;none
*69/*161;0.0;Poor Metabolizer;Abnormal/Priority/High Risk
*69/*162;n/a;Indeterminate;none
*69/*163;n/a;Indeterminate;none
*70/*70;n/a;Indeterminate;none
*70/*71;n/a;Indeterminate;none
*70/*72;n/a;Indeterminate;none
*70/*73;n/a;Indeterminate;none
*70/*74;n/a;Indeterminate;none
*70/*75;n/a;Indeterminate;none
*70/*81;n/a;Indeterminate;none
*70/*82;n/a;Indeterminate;none
*70/*83;n/a;Indeterminate;none
*70/*84;n/a;Indeterminate;none
*70/*85;n/a;Indeterminate;none
*70/*86;n/a;Indeterminate;none
*70/*87;n/a;Indeterminate;none
*70/*88;n/a;Indeterminate;none
*70/*89;n/a;Indeterminate;none
*70/*90;n/a;Indeterminate;none
*70/*91;n/a;Indeterminate;none
*70/*92;n/a;Indeterminate;none
*70/*93;n/a;Indeterminate;none
*70/*94;n/a;Indeterminate;none
*70/*95;n/a;Indeterminate;none
*70/*96;n/a;Indeterminate;none
*70/*97;n/a;Indeterminate;none
*70/*98;n/a;Indeterminate;none
*70/*99;n/a;Indeterminate;none
*70/*100;n/a;Indeterminate;none
*70/*101;n/a;Indeterminate;none
*70/*102;n/a;Indeterminate;none
*70/*103;n/a;Indeterminate;none
*70/*104;n/a;Indeterminate;none
*70/*105;n/a;Indeterminate;none
*70/*106;n/a;Indeterminate;none
*70/*107;n/a;Indeterminate;none
*70/*108;n/a;Indeterminate;none
*70/*109;n/a;Indeterminate;none
*70/*110;n/a;Indeterminate;none
*70/*111;n/a;Indeterminate;none
*70/*112;n/a;Indeterminate;none
*70/*113;n/a;Indeterminate;none
*70/*114;n/a;Indeterminate;none
*70/*115;n/a;Indeterminate;none
*70/*116;n/a;Indeterminate;none
*70/*117;n/a;Indeterminate;none
*70/*118;n/a;Indeterminate;none
*70/*119;n/a;Indeterminate;none
*70/*120;n/a;Indeterminate;none
*70/*121;n/a;Indeterminate;none
*70/*122;n/a;Indeterminate;none
*70/*123;n/a;Indeterminate;none
*70/*124;n/a;Indeterminate;none
*70/*125;n/a;Indeterminate;none
*70/*126;n/a;Indeterminate;none
*70/*127;n/a;Indeterminate;none
*70/*128;n/a;Indeterminate;none
*70/*129;n/a;Indeterminate;none
*70/*130;n/a;Indeterminate;none
*70/*131;n/a;Indeterminate;none
*70/*132;n/a;Indeterminate;none
*70/*133;n/a;Indeterminate;none
*70/*134;n/a;Indeterminate;none
*70/*135;n/a;Indeterminate;none
*70/*136;n/a;Indeterminate;none
*70/*137;n/a;Indeterminate;none
*70/*138;n/a;Indeterminate;none
*70/*139;n/a;Indeterminate;none
*70/*140;n/a;Indeterminate;none
*70/*141;n/a;Indeterminate;none
*70/*142;n/a;Indeterminate;none
*70/*143;n/a;Indeterminate;none
*70/*144;n/a;Indeterminate;none
*70/*145;n/a;Indeterminate;none
*70/*146;n/a;Indeterminate;none
*70/*146x2;n/a;Indeterminate;none
*70/*147;n/a;Indeterminate;none
*70/*148;n/a;Indeterminate;none
*70/*149;n/a;Indeterminate;none
*70/*152;n/a;Indeterminate;none
*70/*153;n/a;Indeterminate;none
*70/*154;n/a;Indeterminate;none
*70/*155;n/a;Indeterminate;none
*70/*156;n/a;Indeterminate;none
*70/*157;n/a;Indeterminate;none
*70/*158;n/a;Indeterminate;none
*70/*159;n/a;Indeterminate;none
*70/*160;n/a;Indeterminate;none
*70/*161;n/a;Indeterminate;none
*70/*162;n/a;Indeterminate;none
*70/*163;n/a;Indeterminate;none
*71/*71;n/a;Indeterminate;none
*71/*72;n/a;Indeterminate;none
*71/*73;n/a;Indeterminate;none
*71/*74;n/a;Indeterminate;none
*71/*75;n/a;Indeterminate;none
*71/*81;n/a;Indeterminate;none
*71/*82;n/a;Indeterminate;none
*71/*83;n/a;Indeterminate;none
*71/*84;n/a;Indeterminate;none
*71/*85;n/a;Indeterminate;none
*71/*86;n/a;Indeterminate;none
*71/*87;n/a;Indeterminate;none
*71/*88;n/a;Indeterminate;none
*71/*89;n/a;Indeterminate;none
*71/*90;n/a;Indeterminate;none
*71/*91;n/a;Indeterminate;none
*71/*92;n/a;Indeterminate;none
*71/*93;n/a;Indeterminate;none
*71/*94;n/a;Indeterminate;none
*71/*95;n/a;Indeterminate;none
*71/*96;n/a;Indeterminate;none
*71/*97;n/a;Indeterminate;none
*71/*98;n/a;Indeterminate;none
*71/*99;n/a;Indeterminate;none
*71/*100;n/a;Indeterminate;none
*71/*101;n/a;Indeterminate;none
*71/*102;n/a;Indeterminate;none
*71/*103;n/a;Indeterminate;none
*71/*104;n/a;Indeterminate;none
*71/*105;n/a;Indeterminate;none
*71/*106;n/a;Indeterminate;none
*71/*107;n/a;Indeterminate;none
*71/*108;n/a;Indeterminate;none
*71/*109;n/a;Indeterminate;none
*71/*110;n/a;Indeterminate;none
*71/*111;n/a;Indeterminate;none
*71/*112;n/a;Indeterminate;none
*71/*113;n/a;Indeterminate;none
*71/*114;n/a;Indeterminate;none
*71/*115;n/a;Indeterminate;none
*71/*116;n/a;Indeterminate;none
*71/*117;n/a;Indeterminate;none
*71/*118;n/a;Indeterminate;none
*71/*119;n/a;Indeterminate;none
*71/*120;n/a;Indeterminate;none
*71/*121;n/a;Indeterminate;none
*71/*122;n/a;Indeterminate;none
*71/*123;n/a;Indeterminate;none
*71/*124;n/a;Indeterminate;none
*71/*125;n/a;Indeterminate;none
*71/*126;n/a;Indeterminate;none
*71/*127;n/a;Indeterminate;none
*71/*128;n/a;Indeterminate;none
*71/*129;n/a;Indeterminate;none
*71/*130;n/a;Indeterminate;none
*71/*131;n/a;Indeterminate;none
*71/*132;n/a;Indeterminate;none
*71/*133;n/a;Indeterminate;none
*71/*134;n/a;Indeterminate;none
*71/*135;n/a;Indeterminate;none
*71/*136;n/a;Indeterminate;none
*71/*137;n/a;Indeterminate;none
*71/*138;n/a;Indeterminate;none
*71/*139;n/a;Indeterminate;none
*71/*140;n/a;Indeterminate;none
*71/*141;n/a;Indeterminate;none
*71/*142;n/a;Indeterminate;none
*71/*143;n/a;Indeterminate;none
*71/*144;n/a;Indeterminate;none
*71/*145;n/a;Indeterminate;none
*71/*146;n/a;Indeterminate;none
*71/*146x2;n/a;Indeterminate;none
*71/*147;n/a;Indeterminate;none
*71/*148;n/a;Indeterminate;none
*71/*149;n/a;Indeterminate;none
*71/*152;n/a;Indeterminate;none
*71/*153;n/a;Indeterminate;none
*71/*154;n/a;Indeterminate;none
*71/*155;n/a;Indeterminate;none
*71/*156;n/a;Indeterminate;none
*71/*157;n/a;Indeterminate;none
*71/*158;n/a;Indeterminate;none
*71/*159;n/a;Indeterminate;none
*71/*160;n/a;Indeterminate;none
*71/*161;n/a;Indeterminate;none
*71/*162;n/a;Indeterminate;none
*71/*163;n/a;Indeterminate;none
*72/*72;n/a;Indeterminate;none
*72/*73;n/a;Indeterminate;none
*72/*74;n/a;Indeterminate;none
*72/*75;n/a;Indeterminate;none
*72/*81;n/a;Indeterminate;none
*72/*82;n/a;Indeterminate;none
*72/*83;n/a;Indeterminate;none
*72/*84;n/a;Indeterminate;none
*72/*85;n/a;Indeterminate;none
*72/*86;n/a;Indeterminate;none
*72/*87;n/a;Indeterminate;none
*72/*88;n/a;Indeterminate;none
*72/*89;n/a;Indeterminate;none
*72/*90;n/a;Indeterminate;none
*72/*91;n/a;Indeterminate;none
*72/*92;n/a;Indeterminate;none
*72/*93;n/a;Indeterminate;none
*72/*94;n/a;Indeterminate;none
*72/*95;n/a;Indeterminate;none
*72/*96;n/a;Indeterminate;none
*72/*97;n/a;Indeterminate;none
*72/*98;n/a;Indeterminate;none
*72/*99;n/a;Indeterminate;none
*72/*100;n/a;Indeterminate;none
*72/*101;n/a;Indeterminate;none
*72/*102;n/a;Indeterminate;none
*72/*103;n/a;Indeterminate;none
*72/*104;n/a;Indeterminate;none
*72/*105;n/a;Indeterminate;none
*72/*106;n/a;Indeterminate;none
*72/*107;n/a;Indeterminate;none
*72/*108;n/a;Indeterminate;none
*72/*109;n/a;Indeterminate;none
*72/*110;n/a;Indeterminate;none
*72/*111;n/a;Indeterminate;none
*72/*112;n/a;Indeterminate;none
*72/*113;n/a;Indeterminate;none
*72/*114;n/a;Indeterminate;none
*72/*115;n/a;Indeterminate;none
*72/*116;n/a;Indeterminate;none
*72/*117;n/a;Indeterminate;none
*72/*118;n/a;Indeterminate;none
*72/*119;n/a;Indeterminate;none
*72/*120;n/a;Indeterminate;none
*72/*121;n/a;Indeterminate;none
*72/*122;n/a;Indeterminate;none
*72/*123;n/a;Indeterminate;none
*72/*124;n/a;Indeterminate;none
*72/*125;n/a;Indeterminate;none
*72/*126;n/a;Indeterminate;none
*72/*127;n/a;Indeterminate;none
*72/*128;n/a;Indeterminate;none
*72/*129;n/a;Indeterminate;none
*72/*130;n/a;Indeterminate;none
*72/*131;n/a;Indeterminate;none
*72/*132;n/a;Indeterminate;none
*72/*133;n/a;Indeterminate;none
*72/*134;n/a;Indeterminate;none
*72/*135;n/a;Indeterminate;none
*72/*136;n/a;Indeterminate;none
*72/*137;n/a;Indeterminate;none
*72/*138;n/a;Indeterminate;none
*72/*139;n/a;Indeterminate;none
*72/*140;n/a;Indeterminate;none
*72/*141;n/a;Indeterminate;none
*72/*142;n/a;Indeterminate;none
*72/*143;n/a;Indeterminate;none
*72/*144;n/a;Indeterminate;none
*72/*145;n/a;Indeterminate;none
*72/*146;n/a;Indeterminate;none
*72/*146x2;n/a;Indeterminate;none
*72/*147;n/a;Indeterminate;none
*72/*148;n/a;Indeterminate;none
*72/*149;n/a;Indeterminate;none
*72/*152;n/a;Indeterminate;none
*72/*153;n/a;Indeterminate;none
*72/*154;n/a;Indeterminate;none
*72/*155;n/a;Indeterminate;none
*72/*156;n/a;Indeterminate;none
*72/*157;n/a;Indeterminate;none
*72/*158;n/a;Indeterminate;none
*72/*159;n/a;Indeterminate;none
*72/*160;n/a;Indeterminate;none
*72/*161;n/a;Indeterminate;none
*72/*162;n/a;Indeterminate;none
*72/*163;n/a;Indeterminate;none
*73/*73;n/a;Indeterminate;none
*73/*74;n/a;Indeterminate;none
*73/*75;n/a;Indeterminate;none
*73/*81;n/a;Indeterminate;none
*73/*82;n/a;Indeterminate;none
*73/*83;n/a;Indeterminate;none
*73/*84;n/a;Indeterminate;none
*73/*85;n/a;Indeterminate;none
*73/*86;n/a;Indeterminate;none
*73/*87;n/a;Indeterminate;none
*73/*88;n/a;Indeterminate;none
*73/*89;n/a;Indeterminate;none
*73/*90;n/a;Indeterminate;none
*73/*91;n/a;Indeterminate;none
*73/*92;n/a;Indeterminate;none
*73/*93;n/a;Indeterminate;none
*73/*94;n/a;Indeterminate;none
*73/*95;n/a;Indeterminate;none
*73/*96;n/a;Indeterminate;none
*73/*97;n/a;Indeterminate;none
*73/*98;n/a;Indeterminate;none
*73/*99;n/a;Indeterminate;none
*73/*100;n/a;Indeterminate;none
*73/*101;n/a;Indeterminate;none
*73/*102;n/a;Indeterminate;none
*73/*103;n/a;Indeterminate;none
*73/*104;n/a;Indeterminate;none
*73/*105;n/a;Indeterminate;none
*73/*106;n/a;Indeterminate;none
*73/*107;n/a;Indeterminate;none
*73/*108;n/a;Indeterminate;none
*73/*109;n/a;Indeterminate;none
*73/*110;n/a;Indeterminate;none
*73/*111;n/a;Indeterminate;none
*73/*112;n/a;Indeterminate;none
*73/*113;n/a;Indeterminate;none
*73/*114;n/a;Indeterminate;none
*73/*115;n/a;Indeterminate;none
*73/*116;n/a;Indeterminate;none
*73/*117;n/a;Indeterminate;none
*73/*118;n/a;Indeterminate;none
*73/*119;n/a;Indeterminate;none
*73/*120;n/a;Indeterminate;none
*73/*121;n/a;Indeterminate;none
*73/*122;n/a;Indeterminate;none
*73/*123;n/a;Indeterminate;none
*73/*124;n/a;Indeterminate;none
*73/*125;n/a;Indeterminate;none
*73/*126;n/a;Indeterminate;none
*73/*127;n/a;Indeterminate;none
*73/*128;n/a;Indeterminate;none
*73/*129;n/a;Indeterminate;none
*73/*130;n/a;Indeterminate;none
*73/*131;n/a;Indeterminate;none
*73/*132;n/a;Indeterminate;none
*73/*133;n/a;Indeterminate;none
*73/*134;n/a;Indeterminate;none
*73/*135;n/a;Indeterminate;none
*73/*136;n/a;Indeterminate;none
*73/*137;n/a;Indeterminate;none
*73/*138;n/a;Indeterminate;none
*73/*139;n/a;Indeterminate;none
*73/*140;n/a;Indeterminate;none
*73/*141;n/a;Indeterminate;none
*73/*142;n/a;Indeterminate;none
*73/*143;n/a;Indeterminate;none
*73/*144;n/a;Indeterminate;none
*73/*145;n/a;Indeterminate;none
*73/*146;n/a;Indeterminate;none
*73/*146x2;n/a;Indeterminate;none
*73/*147;n/a;Indeterminate;none
*73/*148;n/a;Indeterminate;none
*73/*149;n/a;Indeterminate;none
*73/*152;n/a;Indeterminate;none
*73/*153;n/a;Indeterminate;none
*73/*154;n/a;Indeterminate;none
*73/*155;n/a;Indeterminate;none
*73/*156;n/a;Indeterminate;none
*73/*157;n/a;Indeterminate;none
*73/*158;n/a;Indeterminate;none
*73/*159;n/a;Indeterminate;none
*73/*160;n/a;Indeterminate;none
*73/*161;n/a;Indeterminate;none
*73/*162;n/a;Indeterminate;none
*73/*163;n/a;Indeterminate;none
*74/*74;n/a;Indeterminate;none
*74/*75;n/a;Indeterminate;none
*74/*81;n/a;Indeterminate;none
*74/*82;n/a;Indeterminate;none
*74/*83;n/a;Indeterminate;none
*74/*84;n/a;Indeterminate;none
*74/*85;n/a;Indeterminate;none
*74/*86;n/a;Indeterminate;none
*74/*87;n/a;Indeterminate;none
*74/*88;n/a;Indeterminate;none
*74/*89;n/a;Indeterminate;none
*74/*90;n/a;Indeterminate;none
*74/*91;n/a;Indeterminate;none
*74/*92;n/a;Indeterminate;none
*74/*93;n/a;Indeterminate;none
*74/*94;n/a;Indeterminate;none
*74/*95;n/a;Indeterminate;none
*74/*96;n/a;Indeterminate;none
*74/*97;n/a;Indeterminate;none
*74/*98;n/a;Indeterminate;none
*74/*99;n/a;Indeterminate;none
*74/*100;n/a;Indeterminate;none
*74/*101;n/a;Indeterminate;none
*74/*102;n/a;Indeterminate;none
*74/*103;n/a;Indeterminate;none
*74/*104;n/a;Indeterminate;none
*74/*105;n/a;Indeterminate;none
*74/*106;n/a;Indeterminate;none
*74/*107;n/a;Indeterminate;none
*74/*108;n/a;Indeterminate;none
*74/*109;n/a;Indeterminate;none
*74/*110;n/a;Indeterminate;none
*74/*111;n/a;Indeterminate;none
*74/*112;n/a;Indeterminate;none
*74/*113;n/a;Indeterminate;none
*74/*114;n/a;Indeterminate;none
*74/*115;n/a;Indeterminate;none
*74/*116;n/a;Indeterminate;none
*74/*117;n/a;Indeterminate;none
*74/*118;n/a;Indeterminate;none
*74/*119;n/a;Indeterminate;none
*74/*120;n/a;Indeterminate;none
*74/*121;n/a;Indeterminate;none
*74/*122;n/a;Indeterminate;none
*74/*123;n/a;Indeterminate;none
*74/*124;n/a;Indeterminate;none
*74/*125;n/a;Indeterminate;none
*74/*126;n/a;Indeterminate;none
*74/*127;n/a;Indeterminate;none
*74/*128;n/a;Indeterminate;none
*74/*129;n/a;Indeterminate;none
*74/*130;n/a;Indeterminate;none
*74/*131;n/a;Indeterminate;none
*74/*132;n/a;Indeterminate;none
*74/*133;n/a;Indeterminate;none
*74/*134;n/a;Indeterminate;none
*74/*135;n/a;Indeterminate;none
*74/*136;n/a;Indeterminate;none
*74/*137;n/a;Indeterminate;none
*74/*138;n/a;Indeterminate;none
*74/*139;n/a;Indeterminate;none
*74/*140;n/a;Indeterminate;none
*74/*141;n/a;Indeterminate;none
*74/*142;n/a;Indeterminate;none
*74/*143;n/a;Indeterminate;none
*74/*144;n/a;Indeterminate;none
*74/*145;n/a;Indeterminate;none
*74/*146;n/a;Indeterminate;none
*74/*146x2;n/a;Indeterminate;none
*74/*147;n/a;Indeterminate;none
*74/*148;n/a;Indeterminate;none
*74/*149;n/a;Indeterminate;none
*74/*152;n/a;Indeterminate;none
*74/*153;n/a;Indeterminate;none
*74/*154;n/a;Indeterminate;none
*74/*155;n/a;Indeterminate;none
*74/*156;n/a;Indeterminate;none
*74/*157;n/a;Indeterminate;none
*74/*158;n/a;Indeterminate;none
*74/*159;n/a;Indeterminate;none
*74/*160;n/a;Indeterminate;none
*74/*161;n/a;Indeterminate;none
*74/*162;n/a;Indeterminate;none
*74/*163;n/a;Indeterminate;none
*75/*75;n/a;Indeterminate;none
*75/*81;n/a;Indeterminate;none
*75/*82;n/a;Indeterminate;none
*75/*83;n/a;Indeterminate;none
*75/*84;n/a;Indeterminate;none
*75/*85;n/a;Indeterminate;none
*75/*86;n/a;Indeterminate;none
*75/*87;n/a;Indeterminate;none
*75/*88;n/a;Indeterminate;none
*75/*89;n/a;Indeterminate;none
*75/*90;n/a;Indeterminate;none
*75/*91;n/a;Indeterminate;none
*75/*92;n/a;Indeterminate;none
*75/*93;n/a;Indeterminate;none
*75/*94;n/a;Indeterminate;none
*75/*95;n/a;Indeterminate;none
*75/*96;n/a;Indeterminate;none
*75/*97;n/a;Indeterminate;none
*75/*98;n/a;Indeterminate;none
*75/*99;n/a;Indeterminate;none
*75/*100;n/a;Indeterminate;none
*75/*101;n/a;Indeterminate;none
*75/*102;n/a;Indeterminate;none
*75/*103;n/a;Indeterminate;none
*75/*104;n/a;Indeterminate;none
*75/*105;n/a;Indeterminate;none
*75/*106;n/a;Indeterminate;none
*75/*107;n/a;Indeterminate;none
*75/*108;n/a;Indeterminate;none
*75/*109;n/a;Indeterminate;none
*75/*110;n/a;Indeterminate;none
*75/*111;n/a;Indeterminate;none
*75/*112;n/a;Indeterminate;none
*75/*113;n/a;Indeterminate;none
*75/*114;n/a;Indeterminate;none
*75/*115;n/a;Indeterminate;none
*75/*116;n/a;Indeterminate;none
*75/*117;n/a;Indeterminate;none
*75/*118;n/a;Indeterminate;none
*75/*119;n/a;Indeterminate;none
*75/*120;n/a;Indeterminate;none
*75/*121;n/a;Indeterminate;none
*75/*122;n/a;Indeterminate;none
*75/*123;n/a;Indeterminate;none
*75/*124;n/a;Indeterminate;none
*75/*125;n/a;Indeterminate;none
*75/*126;n/a;Indeterminate;none
*75/*127;n/a;Indeterminate;none
*75/*128;n/a;Indeterminate;none
*75/*129;n/a;Indeterminate;none
*75/*130;n/a;Indeterminate;none
*75/*131;n/a;Indeterminate;none
*75/*132;n/a;Indeterminate;none
*75/*133;n/a;Indeterminate;none
*75/*134;n/a;Indeterminate;none
*75/*135;n/a;Indeterminate;none
*75/*136;n/a;Indeterminate;none
*75/*137;n/a;Indeterminate;none
*75/*138;n/a;Indeterminate;none
*75/*139;n/a;Indeterminate;none
*75/*140;n/a;Indeterminate;none
*75/*141;n/a;Indeterminate;none
*75/*142;n/a;Indeterminate;none
*75/*143;n/a;Indeterminate;none
*75/*144;n/a;Indeterminate;none
*75/*145;n/a;Indeterminate;none
*75/*146;n/a;Indeterminate;none
*75/*146x2;n/a;Indeterminate;none
*75/*147;n/a;Indeterminate;none
*75/*148;n/a;Indeterminate;none
*75/*149;n/a;Indeterminate;none
*75/*152;n/a;Indeterminate;none
*75/*153;n/a;Indeterminate;none
*75/*154;n/a;Indeterminate;none
*75/*155;n/a;Indeterminate;none
*75/*156;n/a;Indeterminate;none
*75/*157;n/a;Indeterminate;none
*75/*158;n/a;Indeterminate;none
*75/*159;n/a;Indeterminate;none
*75/*160;n/a;Indeterminate;none
*75/*161;n/a;Indeterminate;none
*75/*162;n/a;Indeterminate;none
*75/*163;n/a;Indeterminate;none
*81/*81;0.0;Poor Metabolizer;Abnormal/Priority/High Risk
*81/*82;n/a;Indeterminate;none
*81/*83;n/a;Indeterminate;none
*81/*84;n/a;Indeterminate;none
*81/*85;n/a;Indeterminate;none
*81/*86;n/a;Indeterminate;none
*81/*87;n/a;Indeterminate;none
*81/*88;n/a;Indeterminate;none
*81/*89;n/a;Indeterminate;none
*81/*90;n/a;Indeterminate;none
*81/*91;0.25;Intermediate Metabolizer;Abnormal/Priority/High Risk
*81/*92;0.0;Poor Metabolizer;Abnormal/Priority/High Risk
*81/*93;n/a;Indeterminate;none
*81/*94;n/a;Indeterminate;none
*81/*95;n/a;Indeterminate;none
*81/*96;0.0;Poor Metabolizer;Abnormal/Priority/High Risk
*81/*97;n/a;Indeterminate;none
*81/*98;n/a;Indeterminate;none
*81/*99;0.0;Poor Metabolizer;Abnormal/Priority/High Risk
*81/*100;0.0;Poor Metabolizer;Abnormal/Priority/High Risk
*81/*101;0.0;Poor Metabolizer;Abnormal/Priority/High Risk
*81/*102;n/a;Indeterminate;none
*81/*103;n/a;Indeterminate;none
*81/*104;n/a;Indeterminate;none
*81/*105;n/a;Indeterminate;none
*81/*106;n/a;Indeterminate;none
*81/*107;n/a;Indeterminate;none
*81/*108;n/a;Indeterminate;none
*81/*109;0.25;Intermediate Metabolizer;Abnormal/Priority/High Risk
*81/*110;n/a;Indeterminate;none
*81/*111;n/a;Indeterminate;none
*81/*112;n/a;Indeterminate;none
*81/*113;n/a;Indeterminate;none
*81/*114;0.0;Poor Metabolizer;Abnormal/Priority/High Risk
*81/*115;n/a;Indeterminate;none
*81/*116;n/a;Indeterminate;none
*81/*117;n/a;Indeterminate;none
*81/*118;n/a;Indeterminate;none
*81/*119;0.25;Intermediate Metabolizer;Abnormal/Priority/High Risk
*81/*120;0.0;Poor Metabolizer;Abnormal/Priority/High Risk
*81/*121;n/a;Indeterminate;none
*81/*122;n/a;Indeterminate;none
*81/*123;n/a;Indeterminate;none
*81/*124;0.0;Poor Metabolizer;Abnormal/Priority/High Risk
*81/*125;n/a;Indeterminate;none
*81/*126;n/a;Indeterminate;none
*81/*127;n/a;Indeterminate;none
*81/*128;n/a;Indeterminate;none
*81/*129;0.0;Poor Metabolizer;Abnormal/Priority/High Risk
*81/*130;n/a;Indeterminate;none
*81/*131;n/a;Indeterminate;none
*81/*132;0.25;Intermediate Metabolizer;Abnormal/Priority/High Risk
*81/*133;n/a;Indeterminate;none
*81/*134;n/a;Indeterminate;none
*81/*135;n/a;Indeterminate;none
*81/*136;n/a;Indeterminate;none
*81/*137;n/a;Indeterminate;none
*81/*138;n/a;Indeterminate;none
*81/*139;n/a;Indeterminate;none
*81/*140;n/a;Indeterminate;none
*81/*141;n/a;Indeterminate;none
*81/*142;n/a;Indeterminate;none
*81/*143;0.0;Poor Metabolizer;Abnormal/Priority/High Risk
*81/*144;0.0;Poor Metabolizer;Abnormal/Priority/High Risk
*81/*145;n/a;Indeterminate;none
*81/*146;n/a;Indeterminate;none
*81/*146x2;n/a;Indeterminate;none
*81/*147;n/a;Indeterminate;none
*81/*148;n/a;Indeterminate;none
*81/*149;n/a;Indeterminate;none
*81/*152;n/a;Indeterminate;none
*81/*153;n/a;Indeterminate;none
*81/*154;n/a;Indeterminate;none
*81/*155;n/a;Indeterminate;none
*81/*156;0.0;Poor Metabolizer;Abnormal/Priority/High Risk
*81/*157;n/a;Indeterminate;none
*81/*158;n/a;Indeterminate;none
*81/*159;n/a;Indeterminate;none
*81/*160;n/a;Indeterminate;none
*81/*161;0.0;Poor Metabolizer;Abnormal/Priority/High Risk
*81/*162;n/a;Indeterminate;none
*81/*163;n/a;Indeterminate;none
*82/*82;n/a;Indeterminate;none
*82/*83;n/a;Indeterminate;none
*82/*84;n/a;Indeterminate;none
*82/*85;n/a;Indeterminate;none
*82/*86;n/a;Indeterminate;none
*82/*87;n/a;Indeterminate;none
*82/*88;n/a;Indeterminate;none
*82/*89;n/a;Indeterminate;none
*82/*90;n/a;Indeterminate;none
*82/*91;n/a;Indeterminate;none
*82/*92;n/a;Indeterminate;none
*82/*93;n/a;Indeterminate;none
*82/*94;n/a;Indeterminate;none
*82/*95;n/a;Indeterminate;none
*82/*96;n/a;Indeterminate;none
*82/*97;n/a;Indeterminate;none
*82/*98;n/a;Indeterminate;none
*82/*99;n/a;Indeterminate;none
*82/*100;n/a;Indeterminate;none
*82/*101;n/a;Indeterminate;none
*82/*102;n/a;Indeterminate;none
*82/*103;n/a;Indeterminate;none
*82/*104;n/a;Indeterminate;none
*82/*105;n/a;Indeterminate;none
*82/*106;n/a;Indeterminate;none
*82/*107;n/a;Indeterminate;none
*82/*108;n/a;Indeterminate;none
*82/*109;n/a;Indeterminate;none
*82/*110;n/a;Indeterminate;none
*82/*111;n/a;Indeterminate;none
*82/*112;n/a;Indeterminate;none
*82/*113;n/a;Indeterminate;none
*82/*114;n/a;Indeterminate;none
*82/*115;n/a;Indeterminate;none
*82/*116;n/a;Indeterminate;none
*82/*117;n/a;Indeterminate;none
*82/*118;n/a;Indeterminate;none
*82/*119;n/a;Indeterminate;none
*82/*120;n/a;Indeterminate;none
*82/*121;n/a;Indeterminate;none
*82/*122;n/a;Indeterminate;none
*82/*123;n/a;Indeterminate;none
*82/*124;n/a;Indeterminate;none
*82/*125;n/a;Indeterminate;none
*82/*126;n/a;Indeterminate;none
*82/*127;n/a;Indeterminate;none
*82/*128;n/a;Indeterminate;none
*82/*129;n/a;Indeterminate;none
*82/*130;n/a;Indeterminate;none
*82/*131;n/a;Indeterminate;none
*82/*132;n/a;Indeterminate;none
*82/*133;n/a;Indeterminate;none
*82/*134;n/a;Indeterminate;none
*82/*135;n/a;Indeterminate;none
*82/*136;n/a;Indeterminate;none
*82/*137;n/a;Indeterminate;none
*82/*138;n/a;Indeterminate;none
*82/*139;n/a;Indeterminate;none
*82/*140;n/a;Indeterminate;none
*82/*141;n/a;Indeterminate;none
*82/*142;n/a;Indeterminate;none
*82/*143;n/a;Indeterminate;none
*82/*144;n/a;Indeterminate;none
*82/*145;n/a;Indeterminate;none
*82/*146;n/a;Indeterminate;none
*82/*146x2;n/a;Indeterminate;none
*82/*147;n/a;Indeterminate;none
*82/*148;n/a;Indeterminate;none
*82/*149;n/a;Indeterminate;none
*82/*152;n/a;Indeterminate;none
*82/*153;n/a;Indeterminate;none
*82/*154;n/a;Indeterminate;none
*82/*155;n/a;Indeterminate;none
*82/*156;n/a;Indeterminate;none
*82/*157;n/a;Indeterminate;none
*82/*158;n/a;Indeterminate;none
*82/*159;n/a;Indeterminate;none
*82/*160;n/a;Indeterminate;none
*82/*161;n/a;Indeterminate;none
*82/*162;n/a;Indeterminate;none
*82/*163;n/a;Indeterminate;none
*83/*83;n/a;Indeterminate;none
*83/*84;n/a;Indeterminate;none
*83/*85;n/a;Indeterminate;none
*83/*86;n/a;Indeterminate;none
*83/*87;n/a;Indeterminate;none
*83/*88;n/a;Indeterminate;none
*83/*89;n/a;Indeterminate;none
*83/*90;n/a;Indeterminate;none
*83/*91;n/a;Indeterminate;none
*83/*92;n/a;Indeterminate;none
*83/*93;n/a;Indeterminate;none
*83/*94;n/a;Indeterminate;none
*83/*95;n/a;Indeterminate;none
*83/*96;n/a;Indeterminate;none
*83/*97;n/a;Indeterminate;none
*83/*98;n/a;Indeterminate;none
*83/*99;n/a;Indeterminate;none
*83/*100;n/a;Indeterminate;none
*83/*101;n/a;Indeterminate;none
*83/*102;n/a;Indeterminate;none
*83/*103;n/a;Indeterminate;none
*83/*104;n/a;Indeterminate;none
*83/*105;n/a;Indeterminate;none
*83/*106;n/a;Indeterminate;none
*83/*107;n/a;Indeterminate;none
*83/*108;n/a;Indeterminate;none
*83/*109;n/a;Indeterminate;none
*83/*110;n/a;Indeterminate;none
*83/*111;n/a;Indeterminate;none
*83/*112;n/a;Indeterminate;none
*83/*113;n/a;Indeterminate;none
*83/*114;n/a;Indeterminate;none
*83/*115;n/a;Indeterminate;none
*83/*116;n/a;Indeterminate;none
*83/*117;n/a;Indeterminate;none
*83/*118;n/a;Indeterminate;none
*83/*119;n/a;Indeterminate;none
*83/*120;n/a;Indeterminate;none
*83/*121;n/a;Indeterminate;none
*83/*122;n/a;Indeterminate;none
*83/*123;n/a;Indeterminate;none
*83/*124;n/a;Indeterminate;none
*83/*125;n/a;Indeterminate;none
*83/*126;n/a;Indeterminate;none
*83/*127;n/a;Indeterminate;none
*83/*128;n/a;Indeterminate;none
*83/*129;n/a;Indeterminate;none
*83/*130;n/a;Indeterminate;none
*83/*131;n/a;Indeterminate;none
*83/*132;n/a;Indeterminate;none
*83/*133;n/a;Indeterminate;none
*83/*134;n/a;Indeterminate;none
*83/*135;n/a;Indeterminate;none
*83/*136;n/a;Indeterminate;none
*83/*137;n/a;Indeterminate;none
*83/*138;n/a;Indeterminate;none
*83/*139;n/a;Indeterminate;none
*83/*140;n/a;Indeterminate;none
*83/*141;n/a;Indeterminate;none
*83/*142;n/a;Indeterminate;none
*83/*143;n/a;Indeterminate;none
*83/*144;n/a;Indeterminate;none
*83/*145;n/a;Indeterminate;none
*83/*146;n/a;Indeterminate;none
*83/*146x2;n/a;Indeterminate;none
*83/*147;n/a;Indeterminate;none
*83/*148;n/a;Indeterminate;none
*83/*149;n/a;Indeterminate;none
*83/*152;n/a;Indeterminate;none
*83/*153;n/a;Indeterminate;none
*83/*154;n/a;Indeterminate;none
*83/*155;n/a;Indeterminate;none
*83/*156;n/a;Indeterminate;none
*83/*157;n/a;Indeterminate;none
*83/*158;n/a;Indeterminate;none
*83/*159;n/a;Indeterminate;none
*83/*160;n/a;Indeterminate;none
*83/*161;n/a;Indeterminate;none
*83/*162;n/a;Indeterminate;none
*83/*163;n/a;Indeterminate;none
*84/*84;n/a;Indeterminate;none
*84/*85;n/a;Indeterminate;none
*84/*86;n/a;Indeterminate;none
*84/*87;n/a;Indeterminate;none
*84/*88;n/a;Indeterminate;none
*84/*89;n/a;Indeterminate;none
*84/*90;n/a;Indeterminate;none
*84/*91;n/a;Indeterminate;none
*84/*92;n/a;Indeterminate;none
*84/*93;n/a;Indeterminate;none
*84/*94;n/a;Indeterminate;none
*84/*95;n/a;Indeterminate;none
*84/*96;n/a;Indeterminate;none
*84/*97;n/a;Indeterminate;none
*84/*98;n/a;Indeterminate;none
*84/*99;n/a;Indeterminate;none
*84/*100;n/a;Indeterminate;none
*84/*101;n/a;Indeterminate;none
*84/*102;n/a;Indeterminate;none
*84/*103;n/a;Indeterminate;none
*84/*104;n/a;Indeterminate;none
*84/*105;n/a;Indeterminate;none
*84/*106;n/a;Indeterminate;none
*84/*107;n/a;Indeterminate;none
*84/*108;n/a;Indeterminate;none
*84/*109;n/a;Indeterminate;none
*84/*110;n/a;Indeterminate;none
*84/*111;n/a;Indeterminate;none
*84/*112;n/a;Indeterminate;none
*84/*113;n/a;Indeterminate;none
*84/*114;n/a;Indeterminate;none
*84/*115;n/a;Indeterminate;none
*84/*116;n/a;Indeterminate;none
*84/*117;n/a;Indeterminate;none
*84/*118;n/a;Indeterminate;none
*84/*119;n/a;Indeterminate;none
*84/*120;n/a;Indeterminate;none
*84/*121;n/a;Indeterminate;none
*84/*122;n/a;Indeterminate;none
*84/*123;n/a;Indeterminate;none
*84/*124;n/a;Indeterminate;none
*84/*125;n/a;Indeterminate;none
*84/*126;n/a;Indeterminate;none
*84/*127;n/a;Indeterminate;none
*84/*128;n/a;Indeterminate;none
*84/*129;n/a;Indeterminate;none
*84/*130;n/a;Indeterminate;none
*84/*131;n/a;Indeterminate;none
*84/*132;n/a;Indeterminate;none
*84/*133;n/a;Indeterminate;none
*84/*134;n/a;Indeterminate;none
*84/*135;n/a;Indeterminate;none
*84/*136;n/a;Indeterminate;none
*84/*137;n/a;Indeterminate;none
*84/*138;n/a;Indeterminate;none
*84/*139;n/a;Indeterminate;none
*84/*140;n/a;Indeterminate;none
*84/*141;n/a;Indeterminate;none
*84/*142;n/a;Indeterminate;none
*84/*143;n/a;Indeterminate;none
*84/*144;n/a;Indeterminate;none
*84/*145;n/a;Indeterminate;none
*84/*146;n/a;Indeterminate;none
*84/*146x2;n/a;Indeterminate;none
*84/*147;n/a;Indeterminate;none
*84/*148;n/a;Indeterminate;none
*84/*149;n/a;Indeterminate;none
*84/*152;n/a;Indeterminate;none
*84/*153;n/a;Indeterminate;none
*84/*154;n/a;Indeterminate;none
*84/*155;n/a;Indeterminate;none
*84/*156;n/a;Indeterminate;none
*84/*157;n/a;Indeterminate;none
*84/*158;n/a;Indeterminate;none
*84/*159;n/a;Indeterminate;none
*84/*160;n/a;Indeterminate;none
*84/*161;n/a;Indeterminate;none
*84/*162;n/a;Indeterminate;none
*84/*163;n/a;Indeterminate;none
*85/*85;n/a;Indeterminate;none
*85/*86;n/a;Indeterminate;none
*85/*87;n/a;Indeterminate;none
*85/*88;n/a;Indeterminate;none
*85/*89;n/a;Indeterminate;none
*85/*90;n/a;Indeterminate;none
*85/*91;n/a;Indeterminate;none
*85/*92;n/a;Indeterminate;none
*85/*93;n/a;Indeterminate;none
*85/*94;n/a;Indeterminate;none
*85/*95;n/a;Indeterminate;none
*85/*96;n/a;Indeterminate;none
*85/*97;n/a;Indeterminate;none
*85/*98;n/a;Indeterminate;none
*85/*99;n/a;Indeterminate;none
*85/*100;n/a;Indeterminate;none
*85/*101;n/a;Indeterminate;none
*85/*102;n/a;Indeterminate;none
*85/*103;n/a;Indeterminate;none
*85/*104;n/a;Indeterminate;none
*85/*105;n/a;Indeterminate;none
*85/*106;n/a;Indeterminate;none
*85/*107;n/a;Indeterminate;none
*85/*108;n/a;Indeterminate;none
*85/*109;n/a;Indeterminate;none
*85/*110;n/a;Indeterminate;none
*85/*111;n/a;Indeterminate;none
*85/*112;n/a;Indeterminate;none
*85/*113;n/a;Indeterminate;none
*85/*114;n/a;Indeterminate;none
*85/*115;n/a;Indeterminate;none
*85/*116;n/a;Indeterminate;none
*85/*117;n/a;Indeterminate;none
*85/*118;n/a;Indeterminate;none
*85/*119;n/a;Indeterminate;none
*85/*120;n/a;Indeterminate;none
*85/*121;n/a;Indeterminate;none
*85/*122;n/a;Indeterminate;none
*85/*123;n/a;Indeterminate;none
*85/*124;n/a;Indeterminate;none
*85/*125;n/a;Indeterminate;none
*85/*126;n/a;Indeterminate;none
*85/*127;n/a;Indeterminate;none
*85/*128;n/a;Indeterminate;none
*85/*129;n/a;Indeterminate;none
*85/*130;n/a;Indeterminate;none
*85/*131;n/a;Indeterminate;none
*85/*132;n/a;Indeterminate;none
*85/*133;n/a;Indeterminate;none
*85/*134;n/a;Indeterminate;none
*85/*135;n/a;Indeterminate;none
*85/*136;n/a;Indeterminate;none
*85/*137;n/a;Indeterminate;none
*85/*138;n/a;Indeterminate;none
*85/*139;n/a;Indeterminate;none
*85/*140;n/a;Indeterminate;none
*85/*141;n/a;Indeterminate;none
*85/*142;n/a;Indeterminate;none
*85/*143;n/a;Indeterminate;none
*85/*144;n/a;Indeterminate;none
*85/*145;n/a;Indeterminate;none
*85/*146;n/a;Indeterminate;none
*85/*146x2;n/a;Indeterminate;none
*85/*147;n/a;Indeterminate;none
*85/*148;n/a;Indeterminate;none
*85/*149;n/a;Indeterminate;none
*85/*152;n/a;Indeterminate;none
*85/*153;n/a;Indeterminate;none
*85/*154;n/a;Indeterminate;none
*85/*155;n/a;Indeterminate;none
*85/*156;n/a;Indeterminate;none
*85/*157;n/a;Indeterminate;none
*85/*158;n/a;Indeterminate;none
*85/*159;n/a;Indeterminate;none
*85/*160;n/a;Indeterminate;none
*85/*161;n/a;Indeterminate;none
*85/*162;n/a;Indeterminate;none
*85/*163;n/a;Indeterminate;none
*86/*86;n/a;Indeterminate;none
*86/*87;n/a;Indeterminate;none
*86/*88;n/a;Indeterminate;none
*86/*89;n/a;Indeterminate;none
*86/*90;n/a;Indeterminate;none
*86/*91;n/a;Indeterminate;none
*86/*92;n/a;Indeterminate;none
*86/*93;n/a;Indeterminate;none
*86/*94;n/a;Indeterminate;none
*86/*95;n/a;Indeterminate;none
*86/*96;n/a;Indeterminate;none
*86/*97;n/a;Indeterminate;none
*86/*98;n/a;Indeterminate;none
*86/*99;n/a;Indeterminate;none
*86/*100;n/a;Indeterminate;none
*86/*101;n/a;Indeterminate;none
*86/*102;n/a;Indeterminate;none
*86/*103;n/a;Indeterminate;none
*86/*104;n/a;Indeterminate;none
*86/*105;n/a;Indeterminate;none
*86/*106;n/a;Indeterminate;none
*86/*107;n/a;Indeterminate;none
*86/*108;n/a;Indeterminate;none
*86/*109;n/a;Indeterminate;none
*86/*110;n/a;Indeterminate;none
*86/*111;n/a;Indeterminate;none
*86/*112;n/a;Indeterminate;none
*86/*113;n/a;Indeterminate;none
*86/*114;n/a;Indeterminate;none
*86/*115;n/a;Indeterminate;none
*86/*116;n/a;Indeterminate;none
*86/*117;n/a;Indeterminate;none
*86/*118;n/a;Indeterminate;none
*86/*119;n/a;Indeterminate;none
*86/*120;n/a;Indeterminate;none
*86/*121;n/a;Indeterminate;none
*86/*122;n/a;Indeterminate;none
*86/*123;n/a;Indeterminate;none
*86/*124;n/a;Indeterminate;none
*86/*125;n/a;Indeterminate;none
*86/*126;n/a;Indeterminate;none
*86/*127;n/a;Indeterminate;none
*86/*128;n/a;Indeterminate;none
*86/*129;n/a;Indeterminate;none
*86/*130;n/a;Indeterminate;none
*86/*131;n/a;Indeterminate;none
*86/*132;n/a;Indeterminate;none
*86/*133;n/a;Indeterminate;none
*86/*134;n/a;Indeterminate;none
*86/*135;n/a;Indeterminate;none
*86/*136;n/a;Indeterminate;none
*86/*137;n/a;Indeterminate;none
*86/*138;n/a;Indeterminate;none
*86/*139;n/a;Indeterminate;none
*86/*140;n/a;Indeterminate;none
*86/*141;n/a;Indeterminate;none
*86/*142;n/a;Indeterminate;none
*86/*143;n/a;Indeterminate;none
*86/*144;n/a;Indeterminate;none
*86/*145;n/a;Indeterminate;none
*86/*146;n/a;Indeterminate;none
*86/*146x2;n/a;Indeterminate;none
*86/*147;n/a;Indeterminate;none
*86/*148;n/a;Indeterminate;none
*86/*149;n/a;Indeterminate;none
*86/*152;n/a;Indeterminate;none
*86/*153;n/a;Indeterminate;none
*86/*154;n/a;Indeterminate;none
*86/*155;n/a;Indeterminate;none
*86/*156;n/a;Indeterminate;none
*86/*157;n/a;Indeterminate;none
*86/*158;n/a;Indeterminate;none
*86/*159;n/a;Indeterminate;none
*86/*160;n/a;Indeterminate;none
*86/*161;n/a;Indeterminate;none
*86/*162;n/a;Indeterminate;none
*86/*163;n/a;Indeterminate;none
*87/*87;n/a;Indeterminate;none
*87/*88;n/a;Indeterminate;none
*87/*89;n/a;Indeterminate;none
*87/*90;n/a;Indeterminate;none
*87/*91;n/a;Indeterminate;none
*87/*92;n/a;Indeterminate;none
*87/*93;n/a;Indeterminate;none
*87/*94;n/a;Indeterminate;none
*87/*95;n/a;Indeterminate;none
*87/*96;n/a;Indeterminate;none
*87/*97;n/a;Indeterminate;none
*87/*98;n/a;Indeterminate;none
*87/*99;n/a;Indeterminate;none
*87/*100;n/a;Indeterminate;none
*87/*101;n/a;Indeterminate;none
*87/*102;n/a;Indeterminate;none
*87/*103;n/a;Indeterminate;none
*87/*104;n/a;Indeterminate;none
*87/*105;n/a;Indeterminate;none
*87/*106;n/a;Indeterminate;none
*87/*107;n/a;Indeterminate;none
*87/*108;n/a;Indeterminate;none
*87/*109;n/a;Indeterminate;none
*87/*110;n/a;Indeterminate;none
*87/*111;n/a;Indeterminate;none
*87/*112;n/a;Indeterminate;none
*87/*113;n/a;Indeterminate;none
*87/*114;n/a;Indeterminate;none
*87/*115;n/a;Indeterminate;none
*87/*116;n/a;Indeterminate;none
*87/*117;n/a;Indeterminate;none
*87/*118;n/a;Indeterminate;none
*87/*119;n/a;Indeterminate;none
*87/*120;n/a;Indeterminate;none
*87/*121;n/a;Indeterminate;none
*87/*122;n/a;Indeterminate;none
*87/*123;n/a;Indeterminate;none
*87/*124;n/a;Indeterminate;none
*87/*125;n/a;Indeterminate;none
*87/*126;n/a;Indeterminate;none
*87/*127;n/a;Indeterminate;none
*87/*128;n/a;Indeterminate;none
*87/*129;n/a;Indeterminate;none
*87/*130;n/a;Indeterminate;none
*87/*131;n/a;Indeterminate;none
*87/*132;n/a;Indeterminate;none
*87/*133;n/a;Indeterminate;none
*87/*134;n/a;Indeterminate;none
*87/*135;n/a;Indeterminate;none
*87/*136;n/a;Indeterminate;none
*87/*137;n/a;Indeterminate;none
*87/*138;n/a;Indeterminate;none
*87/*139;n/a;Indeterminate;none
*87/*140;n/a;Indeterminate;none
*87/*141;n/a;Indeterminate;none
*87/*142;n/a;Indeterminate;none
*87/*143;n/a;Indeterminate;none
*87/*144;n/a;Indeterminate;none
*87/*145;n/a;Indeterminate;none
*87/*146;n/a;Indeterminate;none
*87/*146x2;n/a;Indeterminate;none
*87/*147;n/a;Indeterminate;none
*87/*148;n/a;Indeterminate;none
*87/*149;n/a;Indeterminate;none
*87/*152;n/a;Indeterminate;none
*87/*153;n/a;Indeterminate;none
*87/*154;n/a;Indeterminate;none
*87/*155;n/a;Indeterminate;none
*87/*156;n/a;Indeterminate;none
*87/*157;n/a;Indeterminate;none
*87/*158;n/a;Indeterminate;none
*87/*159;n/a;Indeterminate;none
*87/*160;n/a;Indeterminate;none
*87/*161;n/a;Indeterminate;none
*87/*162;n/a;Indeterminate;none
*87/*163;n/a;Indeterminate;none
*88/*88;n/a;Indeterminate;none
*88/*89;n/a;Indeterminate;none
*88/*90;n/a;Indeterminate;none
*88/*91;n/a;Indeterminate;none
*88/*92;n/a;Indeterminate;none
*88/*93;n/a;Indeterminate;none
*88/*94;n/a;Indeterminate;none
*88/*95;n/a;Indeterminate;none
*88/*96;n/a;Indeterminate;none
*88/*97;n/a;Indeterminate;none
*88/*98;n/a;Indeterminate;none
*88/*99;n/a;Indeterminate;none
*88/*100;n/a;Indeterminate;none
*88/*101;n/a;Indeterminate;none
*88/*102;n/a;Indeterminate;none
*88/*103;n/a;Indeterminate;none
*88/*104;n/a;Indeterminate;none
*88/*105;n/a;Indeterminate;none
*88/*106;n/a;Indeterminate;none
*88/*107;n/a;Indeterminate;none
*88/*108;n/a;Indeterminate;none
*88/*109;n/a;Indeterminate;none
*88/*110;n/a;Indeterminate;none
*88/*111;n/a;Indeterminate;none
*88/*112;n/a;Indeterminate;none
*88/*113;n/a;Indeterminate;none
*88/*114;n/a;Indeterminate;none
*88/*115;n/a;Indeterminate;none
*88/*116;n/a;Indeterminate;none
*88/*117;n/a;Indeterminate;none
*88/*118;n/a;Indeterminate;none
*88/*119;n/a;Indeterminate;none
*88/*120;n/a;Indeterminate;none
*88/*121;n/a;Indeterminate;none
*88/*122;n/a;Indeterminate;none
*88/*123;n/a;Indeterminate;none
*88/*124;n/a;Indeterminate;none
*88/*125;n/a;Indeterminate;none
*88/*126;n/a;Indeterminate;none
*88/*127;n/a;Indeterminate;none
*88/*128;n/a;Indeterminate;none
*88/*129;n/a;Indeterminate;none
*88/*130;n/a;Indeterminate;none
*88/*131;n/a;Indeterminate;none
*88/*132;n/a;Indeterminate;none
*88/*133;n/a;Indeterminate;none
*88/*134;n/a;Indeterminate;none
*88/*135;n/a;Indeterminate;none
*88/*136;n/a;Indeterminate;none
*88/*137;n/a;Indeterminate;none
*88/*138;n/a;Indeterminate;none
*88/*139;n/a;Indeterminate;none
*88/*140;n/a;Indeterminate;none
*88/*141;n/a;Indeterminate;none
*88/*142;n/a;Indeterminate;none
*88/*143;n/a;Indeterminate;none
*88/*144;n/a;Indeterminate;none
*88/*145;n/a;Indeterminate;none
*88/*146;n/a;Indeterminate;none
*88/*146x2;n/a;Indeterminate;none
*88/*147;n/a;Indeterminate;none
*88/*148;n/a;Indeterminate;none
*88/*149;n/a;Indeterminate;none
*88/*152;n/a;Indeterminate;none
*88/*153;n/a;Indeterminate;none
*88/*154;n/a;Indeterminate;none
*88/*155;n/a;Indeterminate;none
*88/*156;n/a;Indeterminate;none
*88/*157;n/a;Indeterminate;none
*88/*158;n/a;Indeterminate;none
*88/*159;n/a;Indeterminate;none
*88/*160;n/a;Indeterminate;none
*88/*161;n/a;Indeterminate;none
*88/*162;n/a;Indeterminate;none
*88/*163;n/a;Indeterminate;none
*89/*89;n/a;Indeterminate;none
*89/*90;n/a;Indeterminate;none
*89/*91;n/a;Indeterminate;none
*89/*92;n/a;Indeterminate;none
*89/*93;n/a;Indeterminate;none
*89/*94;n/a;Indeterminate;none
*89/*95;n/a;Indeterminate;none
*89/*96;n/a;Indeterminate;none
*89/*97;n/a;Indeterminate;none
*89/*98;n/a;Indeterminate;none
*89/*99;n/a;Indeterminate;none
*89/*100;n/a;Indeterminate;none
*89/*101;n/a;Indeterminate;none
*89/*102;n/a;Indeterminate;none
*89/*103;n/a;Indeterminate;none
*89/*104;n/a;Indeterminate;none
*89/*105;n/a;Indeterminate;none
*89/*106;n/a;Indeterminate;none
*89/*107;n/a;Indeterminate;none
*89/*108;n/a;Indeterminate;none
*89/*109;n/a;Indeterminate;none
*89/*110;n/a;Indeterminate;none
*89/*111;n/a;Indeterminate;none
*89/*112;n/a;Indeterminate;none
*89/*113;n/a;Indeterminate;none
*89/*114;n/a;Indeterminate;none
*89/*115;n/a;Indeterminate;none
*89/*116;n/a;Indeterminate;none
*89/*117;n/a;Indeterminate;none
*89/*118;n/a;Indeterminate;none
*89/*119;n/a;Indeterminate;none
*89/*120;n/a;Indeterminate;none
*89/*121;n/a;Indeterminate;none
*89/*122;n/a;Indeterminate;none
*89/*123;n/a;Indeterminate;none
*89/*124;n/a;Indeterminate;none
*89/*125;n/a;Indeterminate;none
*89/*126;n/a;Indeterminate;none
*89/*127;n/a;Indeterminate;none
*89/*128;n/a;Indeterminate;none
*89/*129;n/a;Indeterminate;none
*89/*130;n/a;Indeterminate;none
*89/*131;n/a;Indeterminate;none
*89/*132;n/a;Indeterminate;none
*89/*133;n/a;Indeterminate;none
*89/*134;n/a;Indeterminate;none
*89/*135;n/a;Indeterminate;none
*89/*136;n/a;Indeterminate;none
*89/*137;n/a;Indeterminate;none
*89/*138;n/a;Indeterminate;none
*89/*139;n/a;Indeterminate;none
*89/*140;n/a;Indeterminate;none
*89/*141;n/a;Indeterminate;none
*89/*142;n/a;Indeterminate;none
*89/*143;n/a;Indeterminate;none
*89/*144;n/a;Indeterminate;none
*89/*145;n/a;Indeterminate;none
*89/*146;n/a;Indeterminate;none
*89/*146x2;n/a;Indeterminate;none
*89/*147;n/a;Indeterminate;none
*89/*148;n/a;Indeterminate;none
*89/*149;n/a;Indeterminate;none
*89/*152;n/a;Indeterminate;none
*89/*153;n/a;Indeterminate;none
*89/*154;n/a;Indeterminate;none
*89/*155;n/a;Indeterminate;none
*89/*156;n/a;Indeterminate;none
*89/*157;n/a;Indeterminate;none
*89/*158;n/a;Indeterminate;none
*89/*159;n/a;Indeterminate;none
*89/*160;n/a;Indeterminate;none
*89/*161;n/a;Indeterminate;none
*89/*162;n/a;Indeterminate;none
*89/*163;n/a;Indeterminate;none
*90/*90;n/a;Indeterminate;none
*90/*91;n/a;Indeterminate;none
*90/*92;n/a;Indeterminate;none
*90/*93;n/a;Indeterminate;none
*90/*94;n/a;Indeterminate;none
*90/*95;n/a;Indeterminate;none
*90/*96;n/a;Indeterminate;none
*90/*97;n/a;Indeterminate;none
*90/*98;n/a;Indeterminate;none
*90/*99;n/a;Indeterminate;none
*90/*100;n/a;Indeterminate;none
*90/*101;n/a;Indeterminate;none
*90/*102;n/a;Indeterminate;none
*90/*103;n/a;Indeterminate;none
*90/*104;n/a;Indeterminate;none
*90/*105;n/a;Indeterminate;none
*90/*106;n/a;Indeterminate;none
*90/*107;n/a;Indeterminate;none
*90/*108;n/a;Indeterminate;none
*90/*109;n/a;Indeterminate;none
*90/*110;n/a;Indeterminate;none
*90/*111;n/a;Indeterminate;none
*90/*112;n/a;Indeterminate;none
*90/*113;n/a;Indeterminate;none
*90/*114;n/a;Indeterminate;none
*90/*115;n/a;Indeterminate;none
*90/*116;n/a;Indeterminate;none
*90/*117;n/a;Indeterminate;none
*90/*118;n/a;Indeterminate;none
*90/*119;n/a;Indeterminate;none
*90/*120;n/a;Indeterminate;none
*90/*121;n/a;Indeterminate;none
*90/*122;n/a;Indeterminate;none
*90/*123;n/a;Indeterminate;none
*90/*124;n/a;Indeterminate;none
*90/*125;n/a;Indeterminate;none
*90/*126;n/a;Indeterminate;none
*90/*127;n/a;Indeterminate;none
*90/*128;n/a;Indeterminate;none
*90/*129;n/a;Indeterminate;none
*90/*130;n/a;Indeterminate;none
*90/*131;n/a;Indeterminate;none
*90/*132;n/a;Indeterminate;none
*90/*133;n/a;Indeterminate;none
*90/*134;n/a;Indeterminate;none
*90/*135;n/a;Indeterminate;none
*90/*136;n/a;Indeterminate;none
*90/*137;n/a;Indeterminate;none
*90/*138;n/a;Indeterminate;none
*90/*139;n/a;Indeterminate;none
*90/*140;n/a;Indeterminate;none
*90/*141;n/a;Indeterminate;none
*90/*142;n/a;Indeterminate;none
*90/*143;n/a;Indeterminate;none
*90/*144;n/a;Indeterminate;none
*90/*145;n/a;Indeterminate;none
*90/*146;n/a;Indeterminate;none
*90/*146x2;n/a;Indeterminate;none
*90/*147;n/a;Indeterminate;none
*90/*148;n/a;Indeterminate;none
*90/*149;n/a;Indeterminate;none
*90/*152;n/a;Indeterminate;none
*90/*153;n/a;Indeterminate;none
*90/*154;n/a;Indeterminate;none
*90/*155;n/a;Indeterminate;none
*90/*156;n/a;Indeterminate;none
*90/*157;n/a;Indeterminate;none
*90/*158;n/a;Indeterminate;none
*90/*159;n/a;Indeterminate;none
*90/*160;n/a;Indeterminate;none
*90/*161;n/a;Indeterminate;none
*90/*162;n/a;Indeterminate;none
*90/*163;n/a;Indeterminate;none
*91/*91;0.5;Intermediate Metabolizer;Abnormal/Priority/High Risk
*91/*92;0.25;Intermediate Metabolizer;Abnormal/Priority/High Risk
*91/*93;n/a;Indeterminate;none
*91/*94;n/a;Indeterminate;none
*91/*95;n/a;Indeterminate;none
*91/*96;0.25;Intermediate Metabolizer;Abnormal/Priority/High Risk
*91/*97;n/a;Indeterminate;none
*91/*98;n/a;Indeterminate;none
*91/*99;0.25;Intermediate Metabolizer;Abnormal/Priority/High Risk
*91/*100;0.25;Intermediate Metabolizer;Abnormal/Priority/High Risk
*91/*101;0.25;Intermediate Metabolizer;Abnormal/Priority/High Risk
*91/*102;n/a;Indeterminate;none
*91/*103;n/a;Indeterminate;none
*91/*104;n/a;Indeterminate;none
*91/*105;n/a;Indeterminate;none
*91/*106;n/a;Indeterminate;none
*91/*107;n/a;Indeterminate;none
*91/*108;n/a;Indeterminate;none
*91/*109;0.5;Intermediate Metabolizer;Abnormal/Priority/High Risk
*91/*110;n/a;Indeterminate;none
*91/*111;n/a;Indeterminate;none
*91/*112;n/a;Indeterminate;none
*91/*113;n/a;Indeterminate;none
*91/*114;0.25;Intermediate Metabolizer;Abnormal/Priority/High Risk
*91/*115;n/a;Indeterminate;none
*91/*116;n/a;Indeterminate;none
*91/*117;n/a;Indeterminate;none
*91/*118;n/a;Indeterminate;none
*91/*119;0.5;Intermediate Metabolizer;Abnormal/Priority/High Risk
*91/*120;0.25;Intermediate Metabolizer;Abnormal/Priority/High Risk
*91/*121;n/a;Indeterminate;none
*91/*122;n/a;Indeterminate;none
*91/*123;n/a;Indeterminate;none
*91/*124;0.25;Intermediate Metabolizer;Abnormal/Priority/High Risk
*91/*125;n/a;Indeterminate;none
*91/*126;n/a;Indeterminate;none
*91/*127;n/a;Indeterminate;none
*91/*128;n/a;Indeterminate;none
*91/*129;0.25;Intermediate Metabolizer;Abnormal/Priority/High Risk
*91/*130;n/a;Indeterminate;none
*91/*131;n/a;Indeterminate;none
*91/*132;0.5;Intermediate Metabolizer;Abnormal/Priority/High Risk
*91/*133;n/a;Indeterminate;none
*91/*134;n/a;Indeterminate;none
*91/*135;n/a;Indeterminate;none
*91/*136;n/a;Indeterminate;none
*91/*137;n/a;Indeterminate;none
*91/*138;n/a;Indeterminate;none
*91/*139;n/a;Indeterminate;none
*91/*140;n/a;Indeterminate;none
*91/*141;n/a;Indeterminate;none
*91/*142;n/a;Indeterminate;none
*91/*143;0.25;Intermediate Metabolizer;Abnormal/Priority/High Risk
*91/*144;0.25;Intermediate Metabolizer;Abnormal/Priority/High Risk
*91/*145;n/a;Indeterminate;none
*91/*146;n/a;Indeterminate;none
*91/*146x2;n/a;Indeterminate;none
*91/*147;n/a;Indeterminate;none
*91/*148;n/a;Indeterminate;none
*91/*149;n/a;Indeterminate;none
*91/*152;n/a;Indeterminate;none
*91/*153;n/a;Indeterminate;none
*91/*154;n/a;Indeterminate;none
*91/*155;n/a;Indeterminate;none
*91/*156;0.25;Intermediate Metabolizer;Abnormal/Priority/High Risk
*91/*157;n/a;Indeterminate;none
*91/*158;n/a;Indeterminate;none
*91/*159;n/a;Indeterminate;none
*91/*160;n/a;Indeterminate;none
*91/*161;0.25;Intermediate Metabolizer;Abnormal/Priority/High Risk
*91/*162;n/a;Indeterminate;none
*91/*163;n/a;Indeterminate;none
*92/*92;0.0;Poor Metabolizer;Abnormal/Priority/High Risk
*92/*93;n/a;Indeterminate;none
*92/*94;n/a;Indeterminate;none
*92/*95;n/a;Indeterminate;none
*92/*96;0.0;Poor Metabolizer;Abnormal/Priority/High Risk
*92/*97;n/a;Indeterminate;none
*92/*98;n/a;Indeterminate;none
*92/*99;0.0;Poor Metabolizer;Abnormal/Priority/High Risk
*92/*100;0.0;Poor Metabolizer;Abnormal/Priority/High Risk
*92/*101;0.0;Poor Metabolizer;Abnormal/Priority/High Risk
*92/*102;n/a;Indeterminate;none
*92/*103;n/a;Indeterminate;none
*92/*104;n/a;Indeterminate;none
*92/*105;n/a;Indeterminate;none
*92/*106;n/a;Indeterminate;none
*92/*107;n/a;Indeterminate;none
*92/*108;n/a;Indeterminate;none
*92/*109;0.25;Intermediate Metabolizer;Abnormal/Priority/High Risk
*92/*110;n/a;Indeterminate;none
*92/*111;n/a;Indeterminate;none
*92/*112;n/a;Indeterminate;none
*92/*113;n/a;Indeterminate;none
*92/*114;0.0;Poor Metabolizer;Abnormal/Priority/High Risk
*92/*115;n/a;Indeterminate;none
*92/*116;n/a;Indeterminate;none
*92/*117;n/a;Indeterminate;none
*92/*118;n/a;Indeterminate;none
*92/*119;0.25;Intermediate Metabolizer;Abnormal/Priority/High Risk
*92/*120;0.0;Poor Metabolizer;Abnormal/Priority/High Risk
*92/*121;n/a;Indeterminate;none
*92/*122;n/a;Indeterminate;none
*92/*123;n/a;Indeterminate;none
*92/*124;0.0;Poor Metabolizer;Abnormal/Priority/High Risk
*92/*125;n/a;Indeterminate;none
*92/*126;n/a;Indeterminate;none
*92/*127;n/a;Indeterminate;none
*92/*128;n/a;Indeterminate;none
*92/*129;0.0;Poor Metabolizer;Abnormal/Priority/High Risk
*92/*130;n/a;Indeterminate;none
*92/*131;n/a;Indeterminate;none
*92/*132;0.25;Intermediate Metabolizer;Abnormal/Priority/High Risk
*92/*133;n/a;Indeterminate;none
*92/*134;n/a;Indeterminate;none
*92/*135;n/a;Indeterminate;none
*92/*136;n/a;Indeterminate;none
*92/*137;n/a;Indeterminate;none
*92/*138;n/a;Indeterminate;none
*92/*139;n/a;Indeterminate;none
*92/*140;n/a;Indeterminate;none
*92/*141;n/a;Indeterminate;none
*92/*142;n/a;Indeterminate;none
*92/*143;0.0;Poor Metabolizer;Abnormal/Priority/High Risk
*92/*144;0.0;Poor Metabolizer;Abnormal/Priority/High Risk
*92/*145;n/a;Indeterminate;none
*92/*146;n/a;Indeterminate;none
*92/*146x2;n/a;Indeterminate;none
*92/*147;n/a;Indeterminate;none
*92/*148;n/a;Indeterminate;none
*92/*149;n/a;Indeterminate;none
*92/*152;n/a;Indeterminate;none
*92/*153;n/a;Indeterminate;none
*92/*154;n/a;Indeterminate;none
*92/*155;n/a;Indeterminate;none
*92/*156;0.0;Poor Metabolizer;Abnormal/Priority/High Risk
*92/*157;n/a;Indeterminate;none
*92/*158;n/a;Indeterminate;none
*92/*159;n/a;Indeterminate;none
*92/*160;n/a;Indeterminate;none
*92/*161;0.0;Poor Metabolizer;Abnormal/Priority/High Risk
*92/*162;n/a;Indeterminate;none
*92/*163;n/a;Indeterminate;none
*93/*93;n/a;Indeterminate;none
*93/*94;n/a;Indeterminate;none
*93/*95;n/a;Indeterminate;none
*93/*96;n/a;Indeterminate;none
*93/*97;n/a;Indeterminate;none
*93/*98;n/a;Indeterminate;none
*93/*99;n/a;Indeterminate;none
*93/*100;n/a;Indeterminate;none
*93/*101;n/a;Indeterminate;none
*93/*102;n/a;Indeterminate;none
*93/*103;n/a;Indeterminate;none
*93/*104;n/a;Indeterminate;none
*93/*105;n/a;Indeterminate;none
*93/*106;n/a;Indeterminate;none
*93/*107;n/a;Indeterminate;none
*93/*108;n/a;Indeterminate;none
*93/*109;n/a;Indeterminate;none
*93/*110;n/a;Indeterminate;none
*93/*111;n/a;Indeterminate;none
*93/*112;n/a;Indeterminate;none
*93/*113;n/a;Indeterminate;none
*93/*114;n/a;Indeterminate;none
*93/*115;n/a;Indeterminate;none
*93/*116;n/a;Indeterminate;none
*93/*117;n/a;Indeterminate;none
*93/*118;n/a;Indeterminate;none
*93/*119;n/a;Indeterminate;none
*93/*120;n/a;Indeterminate;none
*93/*121;n/a;Indeterminate;none
*93/*122;n/a;Indeterminate;none
*93/*123;n/a;Indeterminate;none
*93/*124;n/a;Indeterminate;none
*93/*125;n/a;Indeterminate;none
*93/*126;n/a;Indeterminate;none
*93/*127;n/a;Indeterminate;none
*93/*128;n/a;Indeterminate;none
*93/*129;n/a;Indeterminate;none
*93/*130;n/a;Indeterminate;none
*93/*131;n/a;Indeterminate;none
*93/*132;n/a;Indeterminate;none
*93/*133;n/a;Indeterminate;none
*93/*134;n/a;Indeterminate;none
*93/*135;n/a;Indeterminate;none
*93/*136;n/a;Indeterminate;none
*93/*137;n/a;Indeterminate;none
*93/*138;n/a;Indeterminate;none
*93/*139;n/a;Indeterminate;none
*93/*140;n/a;Indeterminate;none
*93/*141;n/a;Indeterminate;none
*93/*142;n/a;Indeterminate;none
*93/*143;n/a;Indeterminate;none
*93/*144;n/a;Indeterminate;none
*93/*145;n/a;Indeterminate;none
*93/*146;n/a;Indeterminate;none
*93/*146x2;n/a;Indeterminate;none
*93/*147;n/a;Indeterminate;none
*93/*148;n/a;Indeterminate;none
*93/*149;n/a;Indeterminate;none
*93/*152;n/a;Indeterminate;none
*93/*153;n/a;Indeterminate;none
*93/*154;n/a;Indeterminate;none
*93/*155;n/a;Indeterminate;none
*93/*156;n/a;Indeterminate;none
*93/*157;n/a;Indeterminate;none
*93/*158;n/a;Indeterminate;none
*93/*159;n/a;Indeterminate;none
*93/*160;n/a;Indeterminate;none
*93/*161;n/a;Indeterminate;none
*93/*162;n/a;Indeterminate;none
*93/*163;n/a;Indeterminate;none
*94/*94;n/a;Indeterminate;none
*94/*95;n/a;Indeterminate;none
*94/*96;n/a;Indeterminate;none
*94/*97;n/a;Indeterminate;none
*94/*98;n/a;Indeterminate;none
*94/*99;n/a;Indeterminate;none
*94/*100;n/a;Indeterminate;none
*94/*101;n/a;Indeterminate;none
*94/*102;n/a;Indeterminate;none
*94/*103;n/a;Indeterminate;none
*94/*104;n/a;Indeterminate;none
*94/*105;n/a;Indeterminate;none
*94/*106;n/a;Indeterminate;none
*94/*107;n/a;Indeterminate;none
*94/*108;n/a;Indeterminate;none
*94/*109;n/a;Indeterminate;none
*94/*110;n/a;Indeterminate;none
*94/*111;n/a;Indeterminate;none
*94/*112;n/a;Indeterminate;none
*94/*113;n/a;Indeterminate;none
*94/*114;n/a;Indeterminate;none
*94/*115;n/a;Indeterminate;none
*94/*116;n/a;Indeterminate;none
*94/*117;n/a;Indeterminate;none
*94/*118;n/a;Indeterminate;none
*94/*119;n/a;Indeterminate;none
*94/*120;n/a;Indeterminate;none
*94/*121;n/a;Indeterminate;none
*94/*122;n/a;Indeterminate;none
*94/*123;n/a;Indeterminate;none
*94/*124;n/a;Indeterminate;none
*94/*125;n/a;Indeterminate;none
*94/*126;n/a;Indeterminate;none
*94/*127;n/a;Indeterminate;none
*94/*128;n/a;Indeterminate;none
*94/*129;n/a;Indeterminate;none
*94/*130;n/a;Indeterminate;none
*94/*131;n/a;Indeterminate;none
*94/*132;n/a;Indeterminate;none
*94/*133;n/a;Indeterminate;none
*94/*134;n/a;Indeterminate;none
*94/*135;n/a;Indeterminate;none
*94/*136;n/a;Indeterminate;none
*94/*137;n/a;Indeterminate;none
*94/*138;n/a;Indeterminate;none
*94/*139;n/a;Indeterminate;none
*94/*140;n/a;Indeterminate;none
*94/*141;n/a;Indeterminate;none
*94/*142;n/a;Indeterminate;none
*94/*143;n/a;Indeterminate;none
*94/*144;n/a;Indeterminate;none
*94/*145;n/a;Indeterminate;none
*94/*146;n/a;Indeterminate;none
*94/*146x2;n/a;Indeterminate;none
*94/*147;n/a;Indeterminate;none
*94/*148;n/a;Indeterminate;none
*94/*149;n/a;Indeterminate;none
*94/*152;n/a;Indeterminate;none
*94/*153;n/a;Indeterminate;none
*94/*154;n/a;Indeterminate;none
*94/*155;n/a;Indeterminate;none
*94/*156;n/a;Indeterminate;none
*94/*157;n/a;Indeterminate;none
*94/*158;n/a;Indeterminate;none
*94/*159;n/a;Indeterminate;none
*94/*160;n/a;Indeterminate;none
*94/*161;n/a;Indeterminate;none
*94/*162;n/a;Indeterminate;none
*94/*163;n/a;Indeterminate;none
*95/*95;n/a;Indeterminate;none
*95/*96;n/a;Indeterminate;none
*95/*97;n/a;Indeterminate;none
*95/*98;n/a;Indeterminate;none
*95/*99;n/a;Indeterminate;none
*95/*100;n/a;Indeterminate;none
*95/*101;n/a;Indeterminate;none
*95/*102;n/a;Indeterminate;none
*95/*103;n/a;Indeterminate;none
*95/*104;n/a;Indeterminate;none
*95/*105;n/a;Indeterminate;none
*95/*106;n/a;Indeterminate;none
*95/*107;n/a;Indeterminate;none
*95/*108;n/a;Indeterminate;none
*95/*109;n/a;Indeterminate;none
*95/*110;n/a;Indeterminate;none
*95/*111;n/a;Indeterminate;none
*95/*112;n/a;Indeterminate;none
*95/*113;n/a;Indeterminate;none
*95/*114;n/a;Indeterminate;none
*95/*115;n/a;Indeterminate;none
*95/*116;n/a;Indeterminate;none
*95/*117;n/a;Indeterminate;none
*95/*118;n/a;Indeterminate;none
*95/*119;n/a;Indeterminate;none
*95/*120;n/a;Indeterminate;none
*95/*121;n/a;Indeterminate;none
*95/*122;n/a;Indeterminate;none
*95/*123;n/a;Indeterminate;none
*95/*124;n/a;Indeterminate;none
*95/*125;n/a;Indeterminate;none
*95/*126;n/a;Indeterminate;none
*95/*127;n/a;Indeterminate;none
*95/*128;n/a;Indeterminate;none
*95/*129;n/a;Indeterminate;none
*95/*130;n/a;Indeterminate;none
*95/*131;n/a;Indeterminate;none
*95/*132;n/a;Indeterminate;none
*95/*133;n/a;Indeterminate;none
*95/*134;n/a;Indeterminate;none
*95/*135;n/a;Indeterminate;none
*95/*136;n/a;Indeterminate;none
*95/*137;n/a;Indeterminate;none
*95/*138;n/a;Indeterminate;none
*95/*139;n/a;Indeterminate;none
*95/*140;n/a;Indeterminate;none
*95/*141;n/a;Indeterminate;none
*95/*142;n/a;Indeterminate;none
*95/*143;n/a;Indeterminate;none
*95/*144;n/a;Indeterminate;none
*95/*145;n/a;Indeterminate;none
*95/*146;n/a;Indeterminate;none
*95/*146x2;n/a;Indeterminate;none
*95/*147;n/a;Indeterminate;none
*95/*148;n/a;Indeterminate;none
*95/*149;n/a;Indeterminate;none
*95/*152;n/a;Indeterminate;none
*95/*153;n/a;Indeterminate;none
*95/*154;n/a;Indeterminate;none
*95/*155;n/a;Indeterminate;none
*95/*156;n/a;Indeterminate;none
*95/*157;n/a;Indeterminate;none
*95/*158;n/a;Indeterminate;none
*95/*159;n/a;Indeterminate;none
*95/*160;n/a;Indeterminate;none
*95/*161;n/a;Indeterminate;none
*95/*162;n/a;Indeterminate;none
*95/*163;n/a;Indeterminate;none
*96/*96;0.0;Poor Metabolizer;Abnormal/Priority/High Risk
*96/*97;n/a;Indeterminate;none
*96/*98;n/a;Indeterminate;none
*96/*99;0.0;Poor Metabolizer;Abnormal/Priority/High Risk
*96/*100;0.0;Poor Metabolizer;Abnormal/Priority/High Risk
*96/*101;0.0;Poor Metabolizer;Abnormal/Priority/High Risk
*96/*102;n/a;Indeterminate;none
*96/*103;n/a;Indeterminate;none
*96/*104;n/a;Indeterminate;none
*96/*105;n/a;Indeterminate;none
*96/*106;n/a;Indeterminate;none
*96/*107;n/a;Indeterminate;none
*96/*108;n/a;Indeterminate;none
*96/*109;0.25;Intermediate Metabolizer;Abnormal/Priority/High Risk
*96/*110;n/a;Indeterminate;none
*96/*111;n/a;Indeterminate;none
*96/*112;n/a;Indeterminate;none
*96/*113;n/a;Indeterminate;none
*96/*114;0.0;Poor Metabolizer;Abnormal/Priority/High Risk
*96/*115;n/a;Indeterminate;none
*96/*116;n/a;Indeterminate;none
*96/*117;n/a;Indeterminate;none
*96/*118;n/a;Indeterminate;none
*96/*119;0.25;Intermediate Metabolizer;Abnormal/Priority/High Risk
*96/*120;0.0;Poor Metabolizer;Abnormal/Priority/High Risk
*96/*121;n/a;Indeterminate;none
*96/*122;n/a;Indeterminate;none
*96/*123;n/a;Indeterminate;none
*96/*124;0.0;Poor Metabolizer;Abnormal/Priority/High Risk
*96/*125;n/a;Indeterminate;none
*96/*126;n/a;Indeterminate;none
*96/*127;n/a;Indeterminate;none
*96/*128;n/a;Indeterminate;none
*96/*129;0.0;Poor Metabolizer;Abnormal/Priority/High Risk
*96/*130;n/a;Indeterminate;none
*96/*131;n/a;Indeterminate;none
*96/*132;0.25;Intermediate Metabolizer;Abnormal/Priority/High Risk
*96/*133;n/a;Indeterminate;none
*96/*134;n/a;Indeterminate;none
*96/*135;n/a;Indeterminate;none
*96/*136;n/a;Indeterminate;none
*96/*137;n/a;Indeterminate;none
*96/*138;n/a;Indeterminate;none
*96/*139;n/a;Indeterminate;none
*96/*140;n/a;Indeterminate;none
*96/*141;n/a;Indeterminate;none
*96/*142;n/a;Indeterminate;none
*96/*143;0.0;Poor Metabolizer;Abnormal/Priority/High Risk
*96/*144;0.0;Poor Metabolizer;Abnormal/Priority/High Risk
*96/*145;n/a;Indeterminate;none
*96/*146;n/a;Indeterminate;none
*96/*146x2;n/a;Indeterminate;none
*96/*147;n/a;Indeterminate;none
*96/*148;n/a;Indeterminate;none
*96/*149;n/a;Indeterminate;none
*96/*152;n/a;Indeterminate;none
*96/*153;n/a;Indeterminate;none
*96/*154;n/a;Indeterminate;none
*96/*155;n/a;Indeterminate;none
*96/*156;0.0;Poor Metabolizer;Abnormal/Priority/High Risk
*96/*157;n/a;Indeterminate;none
*96/*158;n/a;Indeterminate;none
*96/*159;n/a;Indeterminate;none
*96/*160;n/a;Indeterminate;none
*96/*161;0.0;Poor Metabolizer;Abnormal/Priority/High Risk
*96/*162;n/a;Indeterminate;none
*96/*163;n/a;Indeterminate;none
*97/*97;n/a;Indeterminate;none
*97/*98;n/a;Indeterminate;none
*97/*99;n/a;Indeterminate;none
*97/*100;n/a;Indeterminate;none
*97/*101;n/a;Indeterminate;none
*97/*102;n/a;Indeterminate;none
*97/*103;n/a;Indeterminate;none
*97/*104;n/a;Indeterminate;none
*97/*105;n/a;Indeterminate;none
*97/*106;n/a;Indeterminate;none
*97/*107;n/a;Indeterminate;none
*97/*108;n/a;Indeterminate;none
*97/*109;n/a;Indeterminate;none
*97/*110;n/a;Indeterminate;none
*97/*111;n/a;Indeterminate;none
*97/*112;n/a;Indeterminate;none
*97/*113;n/a;Indeterminate;none
*97/*114;n/a;Indeterminate;none
*97/*115;n/a;Indeterminate;none
*97/*116;n/a;Indeterminate;none
*97/*117;n/a;Indeterminate;none
*97/*118;n/a;Indeterminate;none
*97/*119;n/a;Indeterminate;none
*97/*120;n/a;Indeterminate;none
*97/*121;n/a;Indeterminate;none
*97/*122;n/a;Indeterminate;none
*97/*123;n/a;Indeterminate;none
*97/*124;n/a;Indeterminate;none
*97/*125;n/a;Indeterminate;none
*97/*126;n/a;Indeterminate;none
*97/*127;n/a;Indeterminate;none
*97/*128;n/a;Indeterminate;none
*97/*129;n/a;Indeterminate;none
*97/*130;n/a;Indeterminate;none
*97/*131;n/a;Indeterminate;none
*97/*132;n/a;Indeterminate;none
*97/*133;n/a;Indeterminate;none
*97/*134;n/a;Indeterminate;none
*97/*135;n/a;Indeterminate;none
*97/*136;n/a;Indeterminate;none
*97/*137;n/a;Indeterminate;none
*97/*138;n/a;Indeterminate;none
*97/*139;n/a;Indeterminate;none
*97/*140;n/a;Indeterminate;none
*97/*141;n/a;Indeterminate;none
*97/*142;n/a;Indeterminate;none
*97/*143;n/a;Indeterminate;none
*97/*144;n/a;Indeterminate;none
*97/*145;n/a;Indeterminate;none
*97/*146;n/a;Indeterminate;none
*97/*146x2;n/a;Indeterminate;none
*97/*147;n/a;Indeterminate;none
*97/*148;n/a;Indeterminate;none
*97/*149;n/a;Indeterminate;none
*97/*152;n/a;Indeterminate;none
*97/*153;n/a;Indeterminate;none
*97/*154;n/a;Indeterminate;none
*97/*155;n/a;Indeterminate;none
*97/*156;n/a;Indeterminate;none
*97/*157;n/a;Indeterminate;none
*97/*158;n/a;Indeterminate;none
*97/*159;n/a;Indeterminate;none
*97/*160;n/a;Indeterminate;none
*97/*161;n/a;Indeterminate;none
*97/*162;n/a;Indeterminate;none
*97/*163;n/a;Indeterminate;none
*98/*98;n/a;Indeterminate;none
*98/*99;n/a;Indeterminate;none
*98/*100;n/a;Indeterminate;none
*98/*101;n/a;Indeterminate;none
*98/*102;n/a;Indeterminate;none
*98/*103;n/a;Indeterminate;none
*98/*104;n/a;Indeterminate;none
*98/*105;n/a;Indeterminate;none
*98/*106;n/a;Indeterminate;none
*98/*107;n/a;Indeterminate;none
*98/*108;n/a;Indeterminate;none
*98/*109;n/a;Indeterminate;none
*98/*110;n/a;Indeterminate;none
*98/*111;n/a;Indeterminate;none
*98/*112;n/a;Indeterminate;none
*98/*113;n/a;Indeterminate;none
*98/*114;n/a;Indeterminate;none
*98/*115;n/a;Indeterminate;none
*98/*116;n/a;Indeterminate;none
*98/*117;n/a;Indeterminate;none
*98/*118;n/a;Indeterminate;none
*98/*119;n/a;Indeterminate;none
*98/*120;n/a;Indeterminate;none
*98/*121;n/a;Indeterminate;none
*98/*122;n/a;Indeterminate;none
*98/*123;n/a;Indeterminate;none
*98/*124;n/a;Indeterminate;none
*98/*125;n/a;Indeterminate;none
*98/*126;n/a;Indeterminate;none
*98/*127;n/a;Indeterminate;none
*98/*128;n/a;Indeterminate;none
*98/*129;n/a;Indeterminate;none
*98/*130;n/a;Indeterminate;none
*98/*131;n/a;Indeterminate;none
*98/*132;n/a;Indeterminate;none
*98/*133;n/a;Indeterminate;none
*98/*134;n/a;Indeterminate;none
*98/*135;n/a;Indeterminate;none
*98/*136;n/a;Indeterminate;none
*98/*137;n/a;Indeterminate;none
*98/*138;n/a;Indeterminate;none
*98/*139;n/a;Indeterminate;none
*98/*140;n/a;Indeterminate;none
*98/*141;n/a;Indeterminate;none
*98/*142;n/a;Indeterminate;none
*98/*143;n/a;Indeterminate;none
*98/*144;n/a;Indeterminate;none
*98/*145;n/a;Indeterminate;none
*98/*146;n/a;Indeterminate;none
*98/*146x2;n/a;Indeterminate;none
*98/*147;n/a;Indeterminate;none
*98/*148;n/a;Indeterminate;none
*98/*149;n/a;Indeterminate;none
*98/*152;n/a;Indeterminate;none
*98/*153;n/a;Indeterminate;none
*98/*154;n/a;Indeterminate;none
*98/*155;n/a;Indeterminate;none
*98/*156;n/a;Indeterminate;none
*98/*157;n/a;Indeterminate;none
*98/*158;n/a;Indeterminate;none
*98/*159;n/a;Indeterminate;none
*98/*160;n/a;Indeterminate;none
*98/*161;n/a;Indeterminate;none
*98/*162;n/a;Indeterminate;none
*98/*163;n/a;Indeterminate;none
*99/*99;0.0;Poor Metabolizer;Abnormal/Priority/High Risk
*99/*100;0.0;Poor Metabolizer;Abnormal/Priority/High Risk
*99/*101;0.0;Poor Metabolizer;Abnormal/Priority/High Risk
*99/*102;n/a;Indeterminate;none
*99/*103;n/a;Indeterminate;none
*99/*104;n/a;Indeterminate;none
*99/*105;n/a;Indeterminate;none
*99/*106;n/a;Indeterminate;none
*99/*107;n/a;Indeterminate;none
*99/*108;n/a;Indeterminate;none
*99/*109;0.25;Intermediate Metabolizer;Abnormal/Priority/High Risk
*99/*110;n/a;Indeterminate;none
*99/*111;n/a;Indeterminate;none
*99/*112;n/a;Indeterminate;none
*99/*113;n/a;Indeterminate;none
*99/*114;0.0;Poor Metabolizer;Abnormal/Priority/High Risk
*99/*115;n/a;Indeterminate;none
*99/*116;n/a;Indeterminate;none
*99/*117;n/a;Indeterminate;none
*99/*118;n/a;Indeterminate;none
*99/*119;0.25;Intermediate Metabolizer;Abnormal/Priority/High Risk
*99/*120;0.0;Poor Metabolizer;Abnormal/Priority/High Risk
*99/*121;n/a;Indeterminate;none
*99/*122;n/a;Indeterminate;none
*99/*123;n/a;Indeterminate;none
*99/*124;0.0;Poor Metabolizer;Abnormal/Priority/High Risk
*99/*125;n/a;Indeterminate;none
*99/*126;n/a;Indeterminate;none
*99/*127;n/a;Indeterminate;none
*99/*128;n/a;Indeterminate;none
*99/*129;0.0;Poor Metabolizer;Abnormal/Priority/High Risk
*99/*130;n/a;Indeterminate;none
*99/*131;n/a;Indeterminate;none
*99/*132;0.25;Intermediate Metabolizer;Abnormal/Priority/High Risk
*99/*133;n/a;Indeterminate;none
*99/*134;n/a;Indeterminate;none
*99/*135;n/a;Indeterminate;none
*99/*136;n/a;Indeterminate;none
*99/*137;n/a;Indeterminate;none
*99/*138;n/a;Indeterminate;none
*99/*139;n/a;Indeterminate;none
*99/*140;n/a;Indeterminate;none
*99/*141;n/a;Indeterminate;none
*99/*142;n/a;Indeterminate;none
*99/*143;0.0;Poor Metabolizer;Abnormal/Priority/High Risk
*99/*144;0.0;Poor Metabolizer;Abnormal/Priority/High Risk
*99/*145;n/a;Indeterminate;none
*99/*146;n/a;Indeterminate;none
*99/*146x2;n/a;Indeterminate;none
*99/*147;n/a;Indeterminate;none
*99/*148;n/a;Indeterminate;none
*99/*149;n/a;Indeterminate;none
*99/*152;n/a;Indeterminate;none
*99/*153;n/a;Indeterminate;none
*99/*154;n/a;Indeterminate;none
*99/*155;n/a;Indeterminate;none
*99/*156;0.0;Poor Metabolizer;Abnormal/Priority/High Risk
*99/*157;n/a;Indeterminate;none
*99/*158;n/a;Indeterminate;none
*99/*159;n/a;Indeterminate;none
*99/*160;n/a;Indeterminate;none
*99/*161;0.0;Poor Metabolizer;Abnormal/Priority/High Risk
*99/*162;n/a;Indeterminate;none
*99/*163;n/a;Indeterminate;none
*100/*100;0.0;Poor Metabolizer;Abnormal/Priority/High Risk
*100/*101;0.0;Poor Metabolizer;Abnormal/Priority/High Risk
*100/*102;n/a;Indeterminate;none
*100/*103;n/a;Indeterminate;none
*100/*104;n/a;Indeterminate;none
*100/*105;n/a;Indeterminate;none
*100/*106;n/a;Indeterminate;none
*100/*107;n/a;Indeterminate;none
*100/*108;n/a;Indeterminate;none
*100/*109;0.25;Intermediate Metabolizer;Abnormal/Priority/High Risk
*100/*110;n/a;Indeterminate;none
*100/*111;n/a;Indeterminate;none
*100/*112;n/a;Indeterminate;none
*100/*113;n/a;Indeterminate;none
*100/*114;0.0;Poor Metabolizer;Abnormal/Priority/High Risk
*100/*115;n/a;Indeterminate;none
*100/*116;n/a;Indeterminate;none
*100/*117;n/a;Indeterminate;none
*100/*118;n/a;Indeterminate;none
*100/*119;0.25;Intermediate Metabolizer;Abnormal/Priority/High Risk
*100/*120;0.0;Poor Metabolizer;Abnormal/Priority/High Risk
*100/*121;n/a;Indeterminate;none
*100/*122;n/a;Indeterminate;none
*100/*123;n/a;Indeterminate;none
*100/*124;0.0;Poor Metabolizer;Abnormal/Priority/High Risk
*100/*125;n/a;Indeterminate;none
*100/*126;n/a;Indeterminate;none
*100/*127;n/a;Indeterminate;none
*100/*128;n/a;Indeterminate;none
*100/*129;0.0;Poor Metabolizer;Abnormal/Priority/High Risk
*100/*130;n/a;Indeterminate;none
*100/*131;n/a;Indeterminate;none
*100/*132;0.25;Intermediate Metabolizer;Abnormal/Priority/High Risk
*100/*133;n/a;Indeterminate;none
*100/*134;n/a;Indeterminate;none
*100/*135;n/a;Indeterminate;none
*100/*136;n/a;Indeterminate;none
*100/*137;n/a;Indeterminate;none
*100/*138;n/a;Indeterminate;none
*100/*139;n/a;Indeterminate;none
*100/*140;n/a;Indeterminate;none
*100/*141;n/a;Indeterminate;none
*100/*142;n/a;Indeterminate;none
*100/*143;0.0;Poor Metabolizer;Abnormal/Priority/High Risk
*100/*144;0.0;Poor Metabolizer;Abnormal/Priority/High Risk
*100/*145;n/a;Indeterminate;none
*100/*146;n/a;Indeterminate;none
*100/*146x2;n/a;Indeterminate;none
*100/*147;n/a;Indeterminate;none
*100/*148;n/a;Indeterminate;none
*100/*149;n/a;Indeterminate;none
*100/*152;n/a;Indeterminate;none
*100/*153;n/a;Indeterminate;none
*100/*154;n/a;Indeterminate;none
*100/*155;n/a;Indeterminate;none
*100/*156;0.0;Poor Metabolizer;Abnormal/Priority/High Risk
*100/*157;n/a;Indeterminate;none
*100/*158;n/a;Indeterminate;none
*100/*159;n/a;Indeterminate;none
*100/*160;n/a;Indeterminate;none
*100/*161;0.0;Poor Metabolizer;Abnormal/Priority/High Risk
*100/*162;n/a;Indeterminate;none
*100/*163;n/a;Indeterminate;none
*101/*101;0.0;Poor Metabolizer;Abnormal/Priority/High Risk
*101/*102;n/a;Indeterminate;none
*101/*103;n/a;Indeterminate;none
*101/*104;n/a;Indeterminate;none
*101/*105;n/a;Indeterminate;none
*101/*106;n/a;Indeterminate;none
*101/*107;n/a;Indeterminate;none
*101/*108;n/a;Indeterminate;none
*101/*109;0.25;Intermediate Metabolizer;Abnormal/Priority/High Risk
*101/*110;n/a;Indeterminate;none
*101/*111;n/a;Indeterminate;none
*101/*112;n/a;Indeterminate;none
*101/*113;n/a;Indeterminate;none
*101/*114;0.0;Poor Metabolizer;Abnormal/Priority/High Risk
*101/*115;n/a;Indeterminate;none
*101/*116;n/a;Indeterminate;none
*101/*117;n/a;Indeterminate;none
*101/*118;n/a;Indeterminate;none
*101/*119;0.25;Intermediate Metabolizer;Abnormal/Priority/High Risk
*101/*120;0.0;Poor Metabolizer;Abnormal/Priority/High Risk
*101/*121;n/a;Indeterminate;none
*101/*122;n/a;Indeterminate;none
*101/*123;n/a;Indeterminate;none
*101/*124;0.0;Poor Metabolizer;Abnormal/Priority/High Risk
*101/*125;n/a;Indeterminate;none
*101/*126;n/a;Indeterminate;none
*101/*127;n/a;Indeterminate;none
*101/*128;n/a;Indeterminate;none
*101/*129;0.0;Poor Metabolizer;Abnormal/Priority/High Risk
*101/*130;n/a;Indeterminate;none
*101/*131;n/a;Indeterminate;none
*101/*132;0.25;Intermediate Metabolizer;Abnormal/Priority/High Risk
*101/*133;n/a;Indeterminate;none
*101/*134;n/a;Indeterminate;none
*101/*135;n/a;Indeterminate;none
*101/*136;n/a;Indeterminate;none
*101/*137;n/a;Indeterminate;none
*101/*138;n/a;Indeterminate;none
*101/*139;n/a;Indeterminate;none
*101/*140;n/a;Indeterminate;none
*101/*141;n/a;Indeterminate;none
*101/*142;n/a;Indeterminate;none
*101/*143;0.0;Poor Metabolizer;Abnormal/Priority/High Risk
*101/*144;0.0;Poor Metabolizer;Abnormal/Priority/High Risk
*101/*145;n/a;Indeterminate;none
*101/*146;n/a;Indeterminate;none
*101/*146x2;n/a;Indeterminate;none
*101/*147;n/a;Indeterminate;none
*101/*148;n/a;Indeterminate;none
*101/*149;n/a;Indeterminate;none
*101/*152;n/a;Indeterminate;none
*101/*153;n/a;Indeterminate;none
*101/*154;n/a;Indeterminate;none
*101/*155;n/a;Indeterminate;none
*101/*156;0.0;Poor Metabolizer;Abnormal/Priority/High Risk
*101/*157;n/a;Indeterminate;none
*101/*158;n/a;Indeterminate;none
*101/*159;n/a;Indeterminate;none
*101/*160;n/a;Indeterminate;none
*101/*161;0.0;Poor Metabolizer;Abnormal/Priority/High Risk
*101/*162;n/a;Indeterminate;none
*101/*163;n/a;Indeterminate;none
*102/*102;n/a;Indeterminate;none
*102/*103;n/a;Indeterminate;none
*102/*104;n/a;Indeterminate;none
*102/*105;n/a;Indeterminate;none
*102/*106;n/a;Indeterminate;none
*102/*107;n/a;Indeterminate;none
*102/*108;n/a;Indeterminate;none
*102/*109;n/a;Indeterminate;none
*102/*110;n/a;Indeterminate;none
*102/*111;n/a;Indeterminate;none
*102/*112;n/a;Indeterminate;none
*102/*113;n/a;Indeterminate;none
*102/*114;n/a;Indeterminate;none
*102/*115;n/a;Indeterminate;none
*102/*116;n/a;Indeterminate;none
*102/*117;n/a;Indeterminate;none
*102/*118;n/a;Indeterminate;none
*102/*119;n/a;Indeterminate;none
*102/*120;n/a;Indeterminate;none
*102/*121;n/a;Indeterminate;none
*102/*122;n/a;Indeterminate;none
*102/*123;n/a;Indeterminate;none
*102/*124;n/a;Indeterminate;none
*102/*125;n/a;Indeterminate;none
*102/*126;n/a;Indeterminate;none
*102/*127;n/a;Indeterminate;none
*102/*128;n/a;Indeterminate;none
*102/*129;n/a;Indeterminate;none
*102/*130;n/a;Indeterminate;none
*102/*131;n/a;Indeterminate;none
*102/*132;n/a;Indeterminate;none
*102/*133;n/a;Indeterminate;none
*102/*134;n/a;Indeterminate;none
*102/*135;n/a;Indeterminate;none
*102/*136;n/a;Indeterminate;none
*102/*137;n/a;Indeterminate;none
*102/*138;n/a;Indeterminate;none
*102/*139;n/a;Indeterminate;none
*102/*140;n/a;Indeterminate;none
*102/*141;n/a;Indeterminate;none
*102/*142;n/a;Indeterminate;none
*102/*143;n/a;Indeterminate;none
*102/*144;n/a;Indeterminate;none
*102/*145;n/a;Indeterminate;none
*102/*146;n/a;Indeterminate;none
*102/*146x2;n/a;Indeterminate;none
*102/*147;n/a;Indeterminate;none
*102/*148;n/a;Indeterminate;none
*102/*149;n/a;Indeterminate;none
*102/*152;n/a;Indeterminate;none
*102/*153;n/a;Indeterminate;none
*102/*154;n/a;Indeterminate;none
*102/*155;n/a;Indeterminate;none
*102/*156;n/a;Indeterminate;none
*102/*157;n/a;Indeterminate;none
*102/*158;n/a;Indeterminate;none
*102/*159;n/a;Indeterminate;none
*102/*160;n/a;Indeterminate;none
*102/*161;n/a;Indeterminate;none
*102/*162;n/a;Indeterminate;none
*102/*163;n/a;Indeterminate;none
*103/*103;n/a;Indeterminate;none
*103/*104;n/a;Indeterminate;none
*103/*105;n/a;Indeterminate;none
*103/*106;n/a;Indeterminate;none
*103/*107;n/a;Indeterminate;none
*103/*108;n/a;Indeterminate;none
*103/*109;n/a;Indeterminate;none
*103/*110;n/a;Indeterminate;none
*103/*111;n/a;Indeterminate;none
*103/*112;n/a;Indeterminate;none
*103/*113;n/a;Indeterminate;none
*103/*114;n/a;Indeterminate;none
*103/*115;n/a;Indeterminate;none
*103/*116;n/a;Indeterminate;none
*103/*117;n/a;Indeterminate;none
*103/*118;n/a;Indeterminate;none
*103/*119;n/a;Indeterminate;none
*103/*120;n/a;Indeterminate;none
*103/*121;n/a;Indeterminate;none
*103/*122;n/a;Indeterminate;none
*103/*123;n/a;Indeterminate;none
*103/*124;n/a;Indeterminate;none
*103/*125;n/a;Indeterminate;none
*103/*126;n/a;Indeterminate;none
*103/*127;n/a;Indeterminate;none
*103/*128;n/a;Indeterminate;none
*103/*129;n/a;Indeterminate;none
*103/*130;n/a;Indeterminate;none
*103/*131;n/a;Indeterminate;none
*103/*132;n/a;Indeterminate;none
*103/*133;n/a;Indeterminate;none
*103/*134;n/a;Indeterminate;none
*103/*135;n/a;Indeterminate;none
*103/*136;n/a;Indeterminate;none
*103/*137;n/a;Indeterminate;none
*103/*138;n/a;Indeterminate;none
*103/*139;n/a;Indeterminate;none
*103/*140;n/a;Indeterminate;none
*103/*141;n/a;Indeterminate;none
*103/*142;n/a;Indeterminate;none
*103/*143;n/a;Indeterminate;none
*103/*144;n/a;Indeterminate;none
*103/*145;n/a;Indeterminate;none
*103/*146;n/a;Indeterminate;none
*103/*146x2;n/a;Indeterminate;none
*103/*147;n/a;Indeterminate;none
*103/*148;n/a;Indeterminate;none
*103/*149;n/a;Indeterminate;none
*103/*152;n/a;Indeterminate;none
*103/*153;n/a;Indeterminate;none
*103/*154;n/a;Indeterminate;none
*103/*155;n/a;Indeterminate;none
*103/*156;n/a;Indeterminate;none
*103/*157;n/a;Indeterminate;none
*103/*158;n/a;Indeterminate;none
*103/*159;n/a;Indeterminate;none
*103/*160;n/a;Indeterminate;none
*103/*161;n/a;Indeterminate;none
*103/*162;n/a;Indeterminate;none
*103/*163;n/a;Indeterminate;none
*104/*104;n/a;Indeterminate;none
*104/*105;n/a;Indeterminate;none
*104/*106;n/a;Indeterminate;none
*104/*107;n/a;Indeterminate;none
*104/*108;n/a;Indeterminate;none
*104/*109;n/a;Indeterminate;none
*104/*110;n/a;Indeterminate;none
*104/*111;n/a;Indeterminate;none
*104/*112;n/a;Indeterminate;none
*104/*113;n/a;Indeterminate;none
*104/*114;n/a;Indeterminate;none
*104/*115;n/a;Indeterminate;none
*104/*116;n/a;Indeterminate;none
*104/*117;n/a;Indeterminate;none
*104/*118;n/a;Indeterminate;none
*104/*119;n/a;Indeterminate;none
*104/*120;n/a;Indeterminate;none
*104/*121;n/a;Indeterminate;none
*104/*122;n/a;Indeterminate;none
*104/*123;n/a;Indeterminate;none
*104/*124;n/a;Indeterminate;none
*104/*125;n/a;Indeterminate;none
*104/*126;n/a;Indeterminate;none
*104/*127;n/a;Indeterminate;none
*104/*128;n/a;Indeterminate;none
*104/*129;n/a;Indeterminate;none
*104/*130;n/a;Indeterminate;none
*104/*131;n/a;Indeterminate;none
*104/*132;n/a;Indeterminate;none
*104/*133;n/a;Indeterminate;none
*104/*134;n/a;Indeterminate;none
*104/*135;n/a;Indeterminate;none
*104/*136;n/a;Indeterminate;none
*104/*137;n/a;Indeterminate;none
*104/*138;n/a;Indeterminate;none
*104/*139;n/a;Indeterminate;none
*104/*140;n/a;Indeterminate;none
*104/*141;n/a;Indeterminate;none
*104/*142;n/a;Indeterminate;none
*104/*143;n/a;Indeterminate;none
*104/*144;n/a;Indeterminate;none
*104/*145;n/a;Indeterminate;none
*104/*146;n/a;Indeterminate;none
*104/*146x2;n/a;Indeterminate;none
*104/*147;n/a;Indeterminate;none
*104/*148;n/a;Indeterminate;none
*104/*149;n/a;Indeterminate;none
*104/*152;n/a;Indeterminate;none
*104/*153;n/a;Indeterminate;none
*104/*154;n/a;Indeterminate;none
*104/*155;n/a;Indeterminate;none
*104/*156;n/a;Indeterminate;none
*104/*157;n/a;Indeterminate;none
*104/*158;n/a;Indeterminate;none
*104/*159;n/a;Indeterminate;none
*104/*160;n/a;Indeterminate;none
*104/*161;n/a;Indeterminate;none
*104/*162;n/a;Indeterminate;none
*104/*163;n/a;Indeterminate;none
*105/*105;n/a;Indeterminate;none
*105/*106;n/a;Indeterminate;none
*105/*107;n/a;Indeterminate;none
*105/*108;n/a;Indeterminate;none
*105/*109;n/a;Indeterminate;none
*105/*110;n/a;Indeterminate;none
*105/*111;n/a;Indeterminate;none
*105/*112;n/a;Indeterminate;none
*105/*113;n/a;Indeterminate;none
*105/*114;n/a;Indeterminate;none
*105/*115;n/a;Indeterminate;none
*105/*116;n/a;Indeterminate;none
*105/*117;n/a;Indeterminate;none
*105/*118;n/a;Indeterminate;none
*105/*119;n/a;Indeterminate;none
*105/*120;n/a;Indeterminate;none
*105/*121;n/a;Indeterminate;none
*105/*122;n/a;Indeterminate;none
*105/*123;n/a;Indeterminate;none
*105/*124;n/a;Indeterminate;none
*105/*125;n/a;Indeterminate;none
*105/*126;n/a;Indeterminate;none
*105/*127;n/a;Indeterminate;none
*105/*128;n/a;Indeterminate;none
*105/*129;n/a;Indeterminate;none
*105/*130;n/a;Indeterminate;none
*105/*131;n/a;Indeterminate;none
*105/*132;n/a;Indeterminate;none
*105/*133;n/a;Indeterminate;none
*105/*134;n/a;Indeterminate;none
*105/*135;n/a;Indeterminate;none
*105/*136;n/a;Indeterminate;none
*105/*137;n/a;Indeterminate;none
*105/*138;n/a;Indeterminate;none
*105/*139;n/a;Indeterminate;none
*105/*140;n/a;Indeterminate;none
*105/*141;n/a;Indeterminate;none
*105/*142;n/a;Indeterminate;none
*105/*143;n/a;Indeterminate;none
*105/*144;n/a;Indeterminate;none
*105/*145;n/a;Indeterminate;none
*105/*146;n/a;Indeterminate;none
*105/*146x2;n/a;Indeterminate;none
*105/*147;n/a;Indeterminate;none
*105/*148;n/a;Indeterminate;none
*105/*149;n/a;Indeterminate;none
*105/*152;n/a;Indeterminate;none
*105/*153;n/a;Indeterminate;none
*105/*154;n/a;Indeterminate;none
*105/*155;n/a;Indeterminate;none
*105/*156;n/a;Indeterminate;none
*105/*157;n/a;Indeterminate;none
*105/*158;n/a;Indeterminate;none
*105/*159;n/a;Indeterminate;none
*105/*160;n/a;Indeterminate;none
*105/*161;n/a;Indeterminate;none
*105/*162;n/a;Indeterminate;none
*105/*163;n/a;Indeterminate;none
*106/*106;n/a;Indeterminate;none
*106/*107;n/a;Indeterminate;none
*106/*108;n/a;Indeterminate;none
*106/*109;n/a;Indeterminate;none
*106/*110;n/a;Indeterminate;none
*106/*111;n/a;Indeterminate;none
*106/*112;n/a;Indeterminate;none
*106/*113;n/a;Indeterminate;none
*106/*114;n/a;Indeterminate;none
*106/*115;n/a;Indeterminate;none
*106/*116;n/a;Indeterminate;none
*106/*117;n/a;Indeterminate;none
*106/*118;n/a;Indeterminate;none
*106/*119;n/a;Indeterminate;none
*106/*120;n/a;Indeterminate;none
*106/*121;n/a;Indeterminate;none
*106/*122;n/a;Indeterminate;none
*106/*123;n/a;Indeterminate;none
*106/*124;n/a;Indeterminate;none
*106/*125;n/a;Indeterminate;none
*106/*126;n/a;Indeterminate;none
*106/*127;n/a;Indeterminate;none
*106/*128;n/a;Indeterminate;none
*106/*129;n/a;Indeterminate;none
*106/*130;n/a;Indeterminate;none
*106/*131;n/a;Indeterminate;none
*106/*132;n/a;Indeterminate;none
*106/*133;n/a;Indeterminate;none
*106/*134;n/a;Indeterminate;none
*106/*135;n/a;Indeterminate;none
*106/*136;n/a;Indeterminate;none
*106/*137;n/a;Indeterminate;none
*106/*138;n/a;Indeterminate;none
*106/*139;n/a;Indeterminate;none
*106/*140;n/a;Indeterminate;none
*106/*141;n/a;Indeterminate;none
*106/*142;n/a;Indeterminate;none
*106/*143;n/a;Indeterminate;none
*106/*144;n/a;Indeterminate;none
*106/*145;n/a;Indeterminate;none
*106/*146;n/a;Indeterminate;none
*106/*146x2;n/a;Indeterminate;none
*106/*147;n/a;Indeterminate;none
*106/*148;n/a;Indeterminate;none
*106/*149;n/a;Indeterminate;none
*106/*152;n/a;Indeterminate;none
*106/*153;n/a;Indeterminate;none
*106/*154;n/a;Indeterminate;none
*106/*155;n/a;Indeterminate;none
*106/*156;n/a;Indeterminate;none
*106/*157;n/a;Indeterminate;none
*106/*158;n/a;Indeterminate;none
*106/*159;n/a;Indeterminate;none
*106/*160;n/a;Indeterminate;none
*106/*161;n/a;Indeterminate;none
*106/*162;n/a;Indeterminate;none
*106/*163;n/a;Indeterminate;none
*107/*107;n/a;Indeterminate;none
*107/*108;n/a;Indeterminate;none
*107/*109;n/a;Indeterminate;none
*107/*110;n/a;Indeterminate;none
*107/*111;n/a;Indeterminate;none
*107/*112;n/a;Indeterminate;none
*107/*113;n/a;Indeterminate;none
*107/*114;n/a;Indeterminate;none
*107/*115;n/a;Indeterminate;none
*107/*116;n/a;Indeterminate;none
*107/*117;n/a;Indeterminate;none
*107/*118;n/a;Indeterminate;none
*107/*119;n/a;Indeterminate;none
*107/*120;n/a;Indeterminate;none
*107/*121;n/a;Indeterminate;none
*107/*122;n/a;Indeterminate;none
*107/*123;n/a;Indeterminate;none
*107/*124;n/a;Indeterminate;none
*107/*125;n/a;Indeterminate;none
*107/*126;n/a;Indeterminate;none
*107/*127;n/a;Indeterminate;none
*107/*128;n/a;Indeterminate;none
*107/*129;n/a;Indeterminate;none
*107/*130;n/a;Indeterminate;none
*107/*131;n/a;Indeterminate;none
*107/*132;n/a;Indeterminate;none
*107/*133;n/a;Indeterminate;none
*107/*134;n/a;Indeterminate;none
*107/*135;n/a;Indeterminate;none
*107/*136;n/a;Indeterminate;none
*107/*137;n/a;Indeterminate;none
*107/*138;n/a;Indeterminate;none
*107/*139;n/a;Indeterminate;none
*107/*140;n/a;Indeterminate;none
*107/*141;n/a;Indeterminate;none
*107/*142;n/a;Indeterminate;none
*107/*143;n/a;Indeterminate;none
*107/*144;n/a;Indeterminate;none
*107/*145;n/a;Indeterminate;none
*107/*146;n/a;Indeterminate;none
*107/*146x2;n/a;Indeterminate;none
*107/*147;n/a;Indeterminate;none
*107/*148;n/a;Indeterminate;none
*107/*149;n/a;Indeterminate;none
*107/*152;n/a;Indeterminate;none
*107/*153;n/a;Indeterminate;none
*107/*154;n/a;Indeterminate;none
*107/*155;n/a;Indeterminate;none
*107/*156;n/a;Indeterminate;none
*107/*157;n/a;Indeterminate;none
*107/*158;n/a;Indeterminate;none
*107/*159;n/a;Indeterminate;none
*107/*160;n/a;Indeterminate;none
*107/*161;n/a;Indeterminate;none
*107/*162;n/a;Indeterminate;none
*107/*163;n/a;Indeterminate;none
*108/*108;n/a;Indeterminate;none
*108/*109;n/a;Indeterminate;none
*108/*110;n/a;Indeterminate;none
*108/*111;n/a;Indeterminate;none
*108/*112;n/a;Indeterminate;none
*108/*113;n/a;Indeterminate;none
*108/*114;n/a;Indeterminate;none
*108/*115;n/a;Indeterminate;none
*108/*116;n/a;Indeterminate;none
*108/*117;n/a;Indeterminate;none
*108/*118;n/a;Indeterminate;none
*108/*119;n/a;Indeterminate;none
*108/*120;n/a;Indeterminate;none
*108/*121;n/a;Indeterminate;none
*108/*122;n/a;Indeterminate;none
*108/*123;n/a;Indeterminate;none
*108/*124;n/a;Indeterminate;none
*108/*125;n/a;Indeterminate;none
*108/*126;n/a;Indeterminate;none
*108/*127;n/a;Indeterminate;none
*108/*128;n/a;Indeterminate;none
*108/*129;n/a;Indeterminate;none
*108/*130;n/a;Indeterminate;none
*108/*131;n/a;Indeterminate;none
*108/*132;n/a;Indeterminate;none
*108/*133;n/a;Indeterminate;none
*108/*134;n/a;Indeterminate;none
*108/*135;n/a;Indeterminate;none
*108/*136;n/a;Indeterminate;none
*108/*137;n/a;Indeterminate;none
*108/*138;n/a;Indeterminate;none
*108/*139;n/a;Indeterminate;none
*108/*140;n/a;Indeterminate;none
*108/*141;n/a;Indeterminate;none
*108/*142;n/a;Indeterminate;none
*108/*143;n/a;Indeterminate;none
*108/*144;n/a;Indeterminate;none
*108/*145;n/a;Indeterminate;none
*108/*146;n/a;Indeterminate;none
*108/*146x2;n/a;Indeterminate;none
*108/*147;n/a;Indeterminate;none
*108/*148;n/a;Indeterminate;none
*108/*149;n/a;Indeterminate;none
*108/*152;n/a;Indeterminate;none
*108/*153;n/a;Indeterminate;none
*108/*154;n/a;Indeterminate;none
*108/*155;n/a;Indeterminate;none
*108/*156;n/a;Indeterminate;none
*108/*157;n/a;Indeterminate;none
*108/*158;n/a;Indeterminate;none
*108/*159;n/a;Indeterminate;none
*108/*160;n/a;Indeterminate;none
*108/*161;n/a;Indeterminate;none
*108/*162;n/a;Indeterminate;none
*108/*163;n/a;Indeterminate;none
*109/*109;0.5;Intermediate Metabolizer;Abnormal/Priority/High Risk
*109/*110;n/a;Indeterminate;none
*109/*111;n/a;Indeterminate;none
*109/*112;n/a;Indeterminate;none
*109/*113;n/a;Indeterminate;none
*109/*114;0.25;Intermediate Metabolizer;Abnormal/Priority/High Risk
*109/*115;n/a;Indeterminate;none
*109/*116;n/a;Indeterminate;none
*109/*117;n/a;Indeterminate;none
*109/*118;n/a;Indeterminate;none
*109/*119;0.5;Intermediate Metabolizer;Abnormal/Priority/High Risk
*109/*120;0.25;Intermediate Metabolizer;Abnormal/Priority/High Risk
*109/*121;n/a;Indeterminate;none
*109/*122;n/a;Indeterminate;none
*109/*123;n/a;Indeterminate;none
*109/*124;0.25;Intermediate Metabolizer;Abnormal/Priority/High Risk
*109/*125;n/a;Indeterminate;none
*109/*126;n/a;Indeterminate;none
*109/*127;n/a;Indeterminate;none
*109/*128;n/a;Indeterminate;none
*109/*129;0.25;Intermediate Metabolizer;Abnormal/Priority/High Risk
*109/*130;n/a;Indeterminate;none
*109/*131;n/a;Indeterminate;none
*109/*132;0.5;Intermediate Metabolizer;Abnormal/Priority/High Risk
*109/*133;n/a;Indeterminate;none
*109/*134;n/a;Indeterminate;none
*109/*135;n/a;Indeterminate;none
*109/*136;n/a;Indeterminate;none
*109/*137;n/a;Indeterminate;none
*109/*138;n/a;Indeterminate;none
*109/*139;n/a;Indeterminate;none
*109/*140;n/a;Indeterminate;none
*109/*141;n/a;Indeterminate;none
*109/*142;n/a;Indeterminate;none
*109/*143;0.25;Intermediate Metabolizer;Abnormal/Priority/High Risk
*109/*144;0.25;Intermediate Metabolizer;Abnormal/Priority/High Risk
*109/*145;n/a;Indeterminate;none
*109/*146;n/a;Indeterminate;none
*109/*146x2;n/a;Indeterminate;none
*109/*147;n/a;Indeterminate;none
*109/*148;n/a;Indeterminate;none
*109/*149;n/a;Indeterminate;none
*109/*152;n/a;Indeterminate;none
*109/*153;n/a;Indeterminate;none
*109/*154;n/a;Indeterminate;none
*109/*155;n/a;Indeterminate;none
*109/*156;0.25;Intermediate Metabolizer;Abnormal/Priority/High Risk
*109/*157;n/a;Indeterminate;none
*109/*158;n/a;Indeterminate;none
*109/*159;n/a;Indeterminate;none
*109/*160;n/a;Indeterminate;none
*109/*161;0.25;Intermediate Metabolizer;Abnormal/Priority/High Risk
*109/*162;n/a;Indeterminate;none
*109/*163;n/a;Indeterminate;none
*110/*110;n/a;Indeterminate;none
*110/*111;n/a;Indeterminate;none
*110/*112;n/a;Indeterminate;none
*110/*113;n/a;Indeterminate;none
*110/*114;n/a;Indeterminate;none
*110/*115;n/a;Indeterminate;none
*110/*116;n/a;Indeterminate;none
*110/*117;n/a;Indeterminate;none
*110/*118;n/a;Indeterminate;none
*110/*119;n/a;Indeterminate;none
*110/*120;n/a;Indeterminate;none
*110/*121;n/a;Indeterminate;none
*110/*122;n/a;Indeterminate;none
*110/*123;n/a;Indeterminate;none
*110/*124;n/a;Indeterminate;none
*110/*125;n/a;Indeterminate;none
*110/*126;n/a;Indeterminate;none
*110/*127;n/a;Indeterminate;none
*110/*128;n/a;Indeterminate;none
*110/*129;n/a;Indeterminate;none
*110/*130;n/a;Indeterminate;none
*110/*131;n/a;Indeterminate;none
*110/*132;n/a;Indeterminate;none
*110/*133;n/a;Indeterminate;none
*110/*134;n/a;Indeterminate;none
*110/*135;n/a;Indeterminate;none
*110/*136;n/a;Indeterminate;none
*110/*137;n/a;Indeterminate;none
*110/*138;n/a;Indeterminate;none
*110/*139;n/a;Indeterminate;none
*110/*140;n/a;Indeterminate;none
*110/*141;n/a;Indeterminate;none
*110/*142;n/a;Indeterminate;none
*110/*143;n/a;Indeterminate;none
*110/*144;n/a;Indeterminate;none
*110/*145;n/a;Indeterminate;none
*110/*146;n/a;Indeterminate;none
*110/*146x2;n/a;Indeterminate;none
*110/*147;n/a;Indeterminate;none
*110/*148;n/a;Indeterminate;none
*110/*149;n/a;Indeterminate;none
*110/*152;n/a;Indeterminate;none
*110/*153;n/a;Indeterminate;none
*110/*154;n/a;Indeterminate;none
*110/*155;n/a;Indeterminate;none
*110/*156;n/a;Indeterminate;none
*110/*157;n/a;Indeterminate;none
*110/*158;n/a;Indeterminate;none
*110/*159;n/a;Indeterminate;none
*110/*160;n/a;Indeterminate;none
*110/*161;n/a;Indeterminate;none
*110/*162;n/a;Indeterminate;none
*110/*163;n/a;Indeterminate;none
*111/*111;n/a;Indeterminate;none
*111/*112;n/a;Indeterminate;none
*111/*113;n/a;Indeterminate;none
*111/*114;n/a;Indeterminate;none
*111/*115;n/a;Indeterminate;none
*111/*116;n/a;Indeterminate;none
*111/*117;n/a;Indeterminate;none
*111/*118;n/a;Indeterminate;none
*111/*119;n/a;Indeterminate;none
*111/*120;n/a;Indeterminate;none
*111/*121;n/a;Indeterminate;none
*111/*122;n/a;Indeterminate;none
*111/*123;n/a;Indeterminate;none
*111/*124;n/a;Indeterminate;none
*111/*125;n/a;Indeterminate;none
*111/*126;n/a;Indeterminate;none
*111/*127;n/a;Indeterminate;none
*111/*128;n/a;Indeterminate;none
*111/*129;n/a;Indeterminate;none
*111/*130;n/a;Indeterminate;none
*111/*131;n/a;Indeterminate;none
*111/*132;n/a;Indeterminate;none
*111/*133;n/a;Indeterminate;none
*111/*134;n/a;Indeterminate;none
*111/*135;n/a;Indeterminate;none
*111/*136;n/a;Indeterminate;none
*111/*137;n/a;Indeterminate;none
*111/*138;n/a;Indeterminate;none
*111/*139;n/a;Indeterminate;none
*111/*140;n/a;Indeterminate;none
*111/*141;n/a;Indeterminate;none
*111/*142;n/a;Indeterminate;none
*111/*143;n/a;Indeterminate;none
*111/*144;n/a;Indeterminate;none
*111/*145;n/a;Indeterminate;none
*111/*146;n/a;Indeterminate;none
*111/*146x2;n/a;Indeterminate;none
*111/*147;n/a;Indeterminate;none
*111/*148;n/a;Indeterminate;none
*111/*149;n/a;Indeterminate;none
*111/*152;n/a;Indeterminate;none
*111/*153;n/a;Indeterminate;none
*111/*154;n/a;Indeterminate;none
*111/*155;n/a;Indeterminate;none
*111/*156;n/a;Indeterminate;none
*111/*157;n/a;Indeterminate;none
*111/*158;n/a;Indeterminate;none
*111/*159;n/a;Indeterminate;none
*111/*160;n/a;Indeterminate;none
*111/*161;n/a;Indeterminate;none
*111/*162;n/a;Indeterminate;none
*111/*163;n/a;Indeterminate;none
*112/*112;n/a;Indeterminate;none
*112/*113;n/a;Indeterminate;none
*112/*114;n/a;Indeterminate;none
*112/*115;n/a;Indeterminate;none
*112/*116;n/a;Indeterminate;none
*112/*117;n/a;Indeterminate;none
*112/*118;n/a;Indeterminate;none
*112/*119;n/a;Indeterminate;none
*112/*120;n/a;Indeterminate;none
*112/*121;n/a;Indeterminate;none
*112/*122;n/a;Indeterminate;none
*112/*123;n/a;Indeterminate;none
*112/*124;n/a;Indeterminate;none
*112/*125;n/a;Indeterminate;none
*112/*126;n/a;Indeterminate;none
*112/*127;n/a;Indeterminate;none
*112/*128;n/a;Indeterminate;none
*112/*129;n/a;Indeterminate;none
*112/*130;n/a;Indeterminate;none
*112/*131;n/a;Indeterminate;none
*112/*132;n/a;Indeterminate;none
*112/*133;n/a;Indeterminate;none
*112/*134;n/a;Indeterminate;none
*112/*135;n/a;Indeterminate;none
*112/*136;n/a;Indeterminate;none
*112/*137;n/a;Indeterminate;none
*112/*138;n/a;Indeterminate;none
*112/*139;n/a;Indeterminate;none
*112/*140;n/a;Indeterminate;none
*112/*141;n/a;Indeterminate;none
*112/*142;n/a;Indeterminate;none
*112/*143;n/a;Indeterminate;none
*112/*144;n/a;Indeterminate;none
*112/*145;n/a;Indeterminate;none
*112/*146;n/a;Indeterminate;none
*112/*146x2;n/a;Indeterminate;none
*112/*147;n/a;Indeterminate;none
*112/*148;n/a;Indeterminate;none
*112/*149;n/a;Indeterminate;none
*112/*152;n/a;Indeterminate;none
*112/*153;n/a;Indeterminate;none
*112/*154;n/a;Indeterminate;none
*112/*155;n/a;Indeterminate;none
*112/*156;n/a;Indeterminate;none
*112/*157;n/a;Indeterminate;none
*112/*158;n/a;Indeterminate;none
*112/*159;n/a;Indeterminate;none
*112/*160;n/a;Indeterminate;none
*112/*161;n/a;Indeterminate;none
*112/*162;n/a;Indeterminate;none
*112/*163;n/a;Indeterminate;none
*113/*113;n/a;Indeterminate;none
*113/*114;n/a;Indeterminate;none
*113/*115;n/a;Indeterminate;none
*113/*116;n/a;Indeterminate;none
*113/*117;n/a;Indeterminate;none
*113/*118;n/a;Indeterminate;none
*113/*119;n/a;Indeterminate;none
*113/*120;n/a;Indeterminate;none
*113/*121;n/a;Indeterminate;none
*113/*122;n/a;Indeterminate;none
*113/*123;n/a;Indeterminate;none
*113/*124;n/a;Indeterminate;none
*113/*125;n/a;Indeterminate;none
*113/*126;n/a;Indeterminate;none
*113/*127;n/a;Indeterminate;none
*113/*128;n/a;Indeterminate;none
*113/*129;n/a;Indeterminate;none
*113/*130;n/a;Indeterminate;none
*113/*131;n/a;Indeterminate;none
*113/*132;n/a;Indeterminate;none
*113/*133;n/a;Indeterminate;none
*113/*134;n/a;Indeterminate;none
*113/*135;n/a;Indeterminate;none
*113/*136;n/a;Indeterminate;none
*113/*137;n/a;Indeterminate;none
*113/*138;n/a;Indeterminate;none
*113/*139;n/a;Indeterminate;none
*113/*140;n/a;Indeterminate;none
*113/*141;n/a;Indeterminate;none
*113/*142;n/a;Indeterminate;none
*113/*143;n/a;Indeterminate;none
*113/*144;n/a;Indeterminate;none
*113/*145;n/a;Indeterminate;none
*113/*146;n/a;Indeterminate;none
*113/*146x2;n/a;Indeterminate;none
*113/*147;n/a;Indeterminate;none
*113/*148;n/a;Indeterminate;none
*113/*149;n/a;Indeterminate;none
*113/*152;n/a;Indeterminate;none
*113/*153;n/a;Indeterminate;none
*113/*154;n/a;Indeterminate;none
*113/*155;n/a;Indeterminate;none
*113/*156;n/a;Indeterminate;none
*113/*157;n/a;Indeterminate;none
*113/*158;n/a;Indeterminate;none
*113/*159;n/a;Indeterminate;none
*113/*160;n/a;Indeterminate;none
*113/*161;n/a;Indeterminate;none
*113/*162;n/a;Indeterminate;none
*113/*163;n/a;Indeterminate;none
*114/*114;0.0;Poor Metabolizer;Abnormal/Priority/High Risk
*114/*115;n/a;Indeterminate;none
*114/*116;n/a;Indeterminate;none
*114/*117;n/a;Indeterminate;none
*114/*118;n/a;Indeterminate;none
*114/*119;0.25;Intermediate Metabolizer;Abnormal/Priority/High Risk
*114/*120;0.0;Poor Metabolizer;Abnormal/Priority/High Risk
*114/*121;n/a;Indeterminate;none
*114/*122;n/a;Indeterminate;none
*114/*123;n/a;Indeterminate;none
*114/*124;0.0;Poor Metabolizer;Abnormal/Priority/High Risk
*114/*125;n/a;Indeterminate;none
*114/*126;n/a;Indeterminate;none
*114/*127;n/a;Indeterminate;none
*114/*128;n/a;Indeterminate;none
*114/*129;0.0;Poor Metabolizer;Abnormal/Priority/High Risk
*114/*130;n/a;Indeterminate;none
*114/*131;n/a;Indeterminate;none
*114/*132;0.25;Intermediate Metabolizer;Abnormal/Priority/High Risk
*114/*133;n/a;Indeterminate;none
*114/*134;n/a;Indeterminate;none
*114/*135;n/a;Indeterminate;none
*114/*136;n/a;Indeterminate;none
*114/*137;n/a;Indeterminate;none
*114/*138;n/a;Indeterminate;none
*114/*139;n/a;Indeterminate;none
*114/*140;n/a;Indeterminate;none
*114/*141;n/a;Indeterminate;none
*114/*142;n/a;Indeterminate;none
*114/*143;0.0;Poor Metabolizer;Abnormal/Priority/High Risk
*114/*144;0.0;Poor Metabolizer;Abnormal/Priority/High Risk
*114/*145;n/a;Indeterminate;none
*114/*146;n/a;Indeterminate;none
*114/*146x2;n/a;Indeterminate;none
*114/*147;n/a;Indeterminate;none
*114/*148;n/a;Indeterminate;none
*114/*149;n/a;Indeterminate;none
*114/*152;n/a;Indeterminate;none
*114/*153;n/a;Indeterminate;none
*114/*154;n/a;Indeterminate;none
*114/*155;n/a;Indeterminate;none
*114/*156;0.0;Poor Metabolizer;Abnormal/Priority/High Risk
*114/*157;n/a;Indeterminate;none
*114/*158;n/a;Indeterminate;none
*114/*159;n/a;Indeterminate;none
*114/*160;n/a;Indeterminate;none
*114/*161;0.0;Poor Metabolizer;Abnormal/Priority/High Risk
*114/*162;n/a;Indeterminate;none
*114/*163;n/a;Indeterminate;none
*115/*115;n/a;Indeterminate;none
*115/*116;n/a;Indeterminate;none
*115/*117;n/a;Indeterminate;none
*115/*118;n/a;Indeterminate;none
*115/*119;n/a;Indeterminate;none
*115/*120;n/a;Indeterminate;none
*115/*121;n/a;Indeterminate;none
*115/*122;n/a;Indeterminate;none
*115/*123;n/a;Indeterminate;none
*115/*124;n/a;Indeterminate;none
*115/*125;n/a;Indeterminate;none
*115/*126;n/a;Indeterminate;none
*115/*127;n/a;Indeterminate;none
*115/*128;n/a;Indeterminate;none
*115/*129;n/a;Indeterminate;none
*115/*130;n/a;Indeterminate;none
*115/*131;n/a;Indeterminate;none
*115/*132;n/a;Indeterminate;none
*115/*133;n/a;Indeterminate;none
*115/*134;n/a;Indeterminate;none
*115/*135;n/a;Indeterminate;none
*115/*136;n/a;Indeterminate;none
*115/*137;n/a;Indeterminate;none
*115/*138;n/a;Indeterminate;none
*115/*139;n/a;Indeterminate;none
*115/*140;n/a;Indeterminate;none
*115/*141;n/a;Indeterminate;none
*115/*142;n/a;Indeterminate;none
*115/*143;n/a;Indeterminate;none
*115/*144;n/a;Indeterminate;none
*115/*145;n/a;Indeterminate;none
*115/*146;n/a;Indeterminate;none
*115/*146x2;n/a;Indeterminate;none
*115/*147;n/a;Indeterminate;none
*115/*148;n/a;Indeterminate;none
*115/*149;n/a;Indeterminate;none
*115/*152;n/a;Indeterminate;none
*115/*153;n/a;Indeterminate;none
*115/*154;n/a;Indeterminate;none
*115/*155;n/a;Indeterminate;none
*115/*156;n/a;Indeterminate;none
*115/*157;n/a;Indeterminate;none
*115/*158;n/a;Indeterminate;none
*115/*159;n/a;Indeterminate;none
*115/*160;n/a;Indeterminate;none
*115/*161;n/a;Indeterminate;none
*115/*162;n/a;Indeterminate;none
*115/*163;n/a;Indeterminate;none
*116/*116;n/a;Indeterminate;none
*116/*117;n/a;Indeterminate;none
*116/*118;n/a;Indeterminate;none
*116/*119;n/a;Indeterminate;none
*116/*120;n/a;Indeterminate;none
*116/*121;n/a;Indeterminate;none
*116/*122;n/a;Indeterminate;none
*116/*123;n/a;Indeterminate;none
*116/*124;n/a;Indeterminate;none
*116/*125;n/a;Indeterminate;none
*116/*126;n/a;Indeterminate;none
*116/*127;n/a;Indeterminate;none
*116/*128;n/a;Indeterminate;none
*116/*129;n/a;Indeterminate;none
*116/*130;n/a;Indeterminate;none
*116/*131;n/a;Indeterminate;none
*116/*132;n/a;Indeterminate;none
*116/*133;n/a;Indeterminate;none
*116/*134;n/a;Indeterminate;none
*116/*135;n/a;Indeterminate;none
*116/*136;n/a;Indeterminate;none
*116/*137;n/a;Indeterminate;none
*116/*138;n/a;Indeterminate;none
*116/*139;n/a;Indeterminate;none
*116/*140;n/a;Indeterminate;none
*116/*141;n/a;Indeterminate;none
*116/*142;n/a;Indeterminate;none
*116/*143;n/a;Indeterminate;none
*116/*144;n/a;Indeterminate;none
*116/*145;n/a;Indeterminate;none
*116/*146;n/a;Indeterminate;none
*116/*146x2;n/a;Indeterminate;none
*116/*147;n/a;Indeterminate;none
*116/*148;n/a;Indeterminate;none
*116/*149;n/a;Indeterminate;none
*116/*152;n/a;Indeterminate;none
*116/*153;n/a;Indeterminate;none
*116/*154;n/a;Indeterminate;none
*116/*155;n/a;Indeterminate;none
*116/*156;n/a;Indeterminate;none
*116/*157;n/a;Indeterminate;none
*116/*158;n/a;Indeterminate;none
*116/*159;n/a;Indeterminate;none
*116/*160;n/a;Indeterminate;none
*116/*161;n/a;Indeterminate;none
*116/*162;n/a;Indeterminate;none
*116/*163;n/a;Indeterminate;none
*117/*117;n/a;Indeterminate;none
*117/*118;n/a;Indeterminate;none
*117/*119;n/a;Indeterminate;none
*117/*120;n/a;Indeterminate;none
*117/*121;n/a;Indeterminate;none
*117/*122;n/a;Indeterminate;none
*117/*123;n/a;Indeterminate;none
*117/*124;n/a;Indeterminate;none
*117/*125;n/a;Indeterminate;none
*117/*126;n/a;Indeterminate;none
*117/*127;n/a;Indeterminate;none
*117/*128;n/a;Indeterminate;none
*117/*129;n/a;Indeterminate;none
*117/*130;n/a;Indeterminate;none
*117/*131;n/a;Indeterminate;none
*117/*132;n/a;Indeterminate;none
*117/*133;n/a;Indeterminate;none
*117/*134;n/a;Indeterminate;none
*117/*135;n/a;Indeterminate;none
*117/*136;n/a;Indeterminate;none
*117/*137;n/a;Indeterminate;none
*117/*138;n/a;Indeterminate;none
*117/*139;n/a;Indeterminate;none
*117/*140;n/a;Indeterminate;none
*117/*141;n/a;Indeterminate;none
*117/*142;n/a;Indeterminate;none
*117/*143;n/a;Indeterminate;none
*117/*144;n/a;Indeterminate;none
*117/*145;n/a;Indeterminate;none
*117/*146;n/a;Indeterminate;none
*117/*146x2;n/a;Indeterminate;none
*117/*147;n/a;Indeterminate;none
*117/*148;n/a;Indeterminate;none
*117/*149;n/a;Indeterminate;none
*117/*152;n/a;Indeterminate;none
*117/*153;n/a;Indeterminate;none
*117/*154;n/a;Indeterminate;none
*117/*155;n/a;Indeterminate;none
*117/*156;n/a;Indeterminate;none
*117/*157;n/a;Indeterminate;none
*117/*158;n/a;Indeterminate;none
*117/*159;n/a;Indeterminate;none
*117/*160;n/a;Indeterminate;none
*117/*161;n/a;Indeterminate;none
*117/*162;n/a;Indeterminate;none
*117/*163;n/a;Indeterminate;none
*118/*118;n/a;Indeterminate;none
*118/*119;n/a;Indeterminate;none
*118/*120;n/a;Indeterminate;none
*118/*121;n/a;Indeterminate;none
*118/*122;n/a;Indeterminate;none
*118/*123;n/a;Indeterminate;none
*118/*124;n/a;Indeterminate;none
*118/*125;n/a;Indeterminate;none
*118/*126;n/a;Indeterminate;none
*118/*127;n/a;Indeterminate;none
*118/*128;n/a;Indeterminate;none
*118/*129;n/a;Indeterminate;none
*118/*130;n/a;Indeterminate;none
*118/*131;n/a;Indeterminate;none
*118/*132;n/a;Indeterminate;none
*118/*133;n/a;Indeterminate;none
*118/*134;n/a;Indeterminate;none
*118/*135;n/a;Indeterminate;none
*118/*136;n/a;Indeterminate;none
*118/*137;n/a;Indeterminate;none
*118/*138;n/a;Indeterminate;none
*118/*139;n/a;Indeterminate;none
*118/*140;n/a;Indeterminate;none
*118/*141;n/a;Indeterminate;none
*118/*142;n/a;Indeterminate;none
*118/*143;n/a;Indeterminate;none
*118/*144;n/a;Indeterminate;none
*118/*145;n/a;Indeterminate;none
*118/*146;n/a;Indeterminate;none
*118/*146x2;n/a;Indeterminate;none
*118/*147;n/a;Indeterminate;none
*118/*148;n/a;Indeterminate;none
*118/*149;n/a;Indeterminate;none
*118/*152;n/a;Indeterminate;none
*118/*153;n/a;Indeterminate;none
*118/*154;n/a;Indeterminate;none
*118/*155;n/a;Indeterminate;none
*118/*156;n/a;Indeterminate;none
*118/*157;n/a;Indeterminate;none
*118/*158;n/a;Indeterminate;none
*118/*159;n/a;Indeterminate;none
*118/*160;n/a;Indeterminate;none
*118/*161;n/a;Indeterminate;none
*118/*162;n/a;Indeterminate;none
*118/*163;n/a;Indeterminate;none
*119/*119;0.5;Intermediate Metabolizer;Abnormal/Priority/High Risk
*119/*120;0.25;Intermediate Metabolizer;Abnormal/Priority/High Risk
*119/*121;n/a;Indeterminate;none
*119/*122;n/a;Indeterminate;none
*119/*123;n/a;Indeterminate;none
*119/*124;0.25;Intermediate Metabolizer;Abnormal/Priority/High Risk
*119/*125;n/a;Indeterminate;none
*119/*126;n/a;Indeterminate;none
*119/*127;n/a;Indeterminate;none
*119/*128;n/a;Indeterminate;none
*119/*129;0.25;Intermediate Metabolizer;Abnormal/Priority/High Risk
*119/*130;n/a;Indeterminate;none
*119/*131;n/a;Indeterminate;none
*119/*132;0.5;Intermediate Metabolizer;Abnormal/Priority/High Risk
*119/*133;n/a;Indeterminate;none
*119/*134;n/a;Indeterminate;none
*119/*135;n/a;Indeterminate;none
*119/*136;n/a;Indeterminate;none
*119/*137;n/a;Indeterminate;none
*119/*138;n/a;Indeterminate;none
*119/*139;n/a;Indeterminate;none
*119/*140;n/a;Indeterminate;none
*119/*141;n/a;Indeterminate;none
*119/*142;n/a;Indeterminate;none
*119/*143;0.25;Intermediate Metabolizer;Abnormal/Priority/High Risk
*119/*144;0.25;Intermediate Metabolizer;Abnormal/Priority/High Risk
*119/*145;n/a;Indeterminate;none
*119/*146;n/a;Indeterminate;none
*119/*146x2;n/a;Indeterminate;none
*119/*147;n/a;Indeterminate;none
*119/*148;n/a;Indeterminate;none
*119/*149;n/a;Indeterminate;none
*119/*152;n/a;Indeterminate;none
*119/*153;n/a;Indeterminate;none
*119/*154;n/a;Indeterminate;none
*119/*155;n/a;Indeterminate;none
*119/*156;0.25;Intermediate Metabolizer;Abnormal/Priority/High Risk
*119/*157;n/a;Indeterminate;none
*119/*158;n/a;Indeterminate;none
*119/*159;n/a;Indeterminate;none
*119/*160;n/a;Indeterminate;none
*119/*161;0.25;Intermediate Metabolizer;Abnormal/Priority/High Risk
*119/*162;n/a;Indeterminate;none
*119/*163;n/a;Indeterminate;none
*120/*120;0.0;Poor Metabolizer;Abnormal/Priority/High Risk
*120/*121;n/a;Indeterminate;none
*120/*122;n/a;Indeterminate;none
*120/*123;n/a;Indeterminate;none
*120/*124;0.0;Poor Metabolizer;Abnormal/Priority/High Risk
*120/*125;n/a;Indeterminate;none
*120/*126;n/a;Indeterminate;none
*120/*127;n/a;Indeterminate;none
*120/*128;n/a;Indeterminate;none
*120/*129;0.0;Poor Metabolizer;Abnormal/Priority/High Risk
*120/*130;n/a;Indeterminate;none
*120/*131;n/a;Indeterminate;none
*120/*132;0.25;Intermediate Metabolizer;Abnormal/Priority/High Risk
*120/*133;n/a;Indeterminate;none
*120/*134;n/a;Indeterminate;none
*120/*135;n/a;Indeterminate;none
*120/*136;n/a;Indeterminate;none
*120/*137;n/a;Indeterminate;none
*120/*138;n/a;Indeterminate;none
*120/*139;n/a;Indeterminate;none
*120/*140;n/a;Indeterminate;none
*120/*141;n/a;Indeterminate;none
*120/*142;n/a;Indeterminate;none
*120/*143;0.0;Poor Metabolizer;Abnormal/Priority/High Risk
*120/*144;0.0;Poor Metabolizer;Abnormal/Priority/High Risk
*120/*145;n/a;Indeterminate;none
*120/*146;n/a;Indeterminate;none
*120/*146x2;n/a;Indeterminate;none
*120/*147;n/a;Indeterminate;none
*120/*148;n/a;Indeterminate;none
*120/*149;n/a;Indeterminate;none
*120/*152;n/a;Indeterminate;none
*120/*153;n/a;Indeterminate;none
*120/*154;n/a;Indeterminate;none
*120/*155;n/a;Indeterminate;none
*120/*156;0.0;Poor Metabolizer;Abnormal/Priority/High Risk
*120/*157;n/a;Indeterminate;none
*120/*158;n/a;Indeterminate;none
*120/*159;n/a;Indeterminate;none
*120/*160;n/a;Indeterminate;none
*120/*161;0.0;Poor Metabolizer;Abnormal/Priority/High Risk
*120/*162;n/a;Indeterminate;none
*120/*163;n/a;Indeterminate;none
*121/*121;n/a;Indeterminate;none
*121/*122;n/a;Indeterminate;none
*121/*123;n/a;Indeterminate;none
*121/*124;n/a;Indeterminate;none
*121/*125;n/a;Indeterminate;none
*121/*126;n/a;Indeterminate;none
*121/*127;n/a;Indeterminate;none
*121/*128;n/a;Indeterminate;none
*121/*129;n/a;Indeterminate;none
*121/*130;n/a;Indeterminate;none
*121/*131;n/a;Indeterminate;none
*121/*132;n/a;Indeterminate;none
*121/*133;n/a;Indeterminate;none
*121/*134;n/a;Indeterminate;none
*121/*135;n/a;Indeterminate;none
*121/*136;n/a;Indeterminate;none
*121/*137;n/a;Indeterminate;none
*121/*138;n/a;Indeterminate;none
*121/*139;n/a;Indeterminate;none
*121/*140;n/a;Indeterminate;none
*121/*141;n/a;Indeterminate;none
*121/*142;n/a;Indeterminate;none
*121/*143;n/a;Indeterminate;none
*121/*144;n/a;Indeterminate;none
*121/*145;n/a;Indeterminate;none
*121/*146;n/a;Indeterminate;none
*121/*146x2;n/a;Indeterminate;none
*121/*147;n/a;Indeterminate;none
*121/*148;n/a;Indeterminate;none
*121/*149;n/a;Indeterminate;none
*121/*152;n/a;Indeterminate;none
*121/*153;n/a;Indeterminate;none
*121/*154;n/a;Indeterminate;none
*121/*155;n/a;Indeterminate;none
*121/*156;n/a;Indeterminate;none
*121/*157;n/a;Indeterminate;none
*121/*158;n/a;Indeterminate;none
*121/*159;n/a;Indeterminate;none
*121/*160;n/a;Indeterminate;none
*121/*161;n/a;Indeterminate;none
*121/*162;n/a;Indeterminate;none
*121/*163;n/a;Indeterminate;none
*122/*122;n/a;Indeterminate;none
*122/*123;n/a;Indeterminate;none
*122/*124;n/a;Indeterminate;none
*122/*125;n/a;Indeterminate;none
*122/*126;n/a;Indeterminate;none
*122/*127;n/a;Indeterminate;none
*122/*128;n/a;Indeterminate;none
*122/*129;n/a;Indeterminate;none
*122/*130;n/a;Indeterminate;none
*122/*131;n/a;Indeterminate;none
*122/*132;n/a;Indeterminate;none
*122/*133;n/a;Indeterminate;none
*122/*134;n/a;Indeterminate;none
*122/*135;n/a;Indeterminate;none
*122/*136;n/a;Indeterminate;none
*122/*137;n/a;Indeterminate;none
*122/*138;n/a;Indeterminate;none
*122/*139;n/a;Indeterminate;none
*122/*140;n/a;Indeterminate;none
*122/*141;n/a;Indeterminate;none
*122/*142;n/a;Indeterminate;none
*122/*143;n/a;Indeterminate;none
*122/*144;n/a;Indeterminate;none
*122/*145;n/a;Indeterminate;none
*122/*146;n/a;Indeterminate;none
*122/*146x2;n/a;Indeterminate;none
*122/*147;n/a;Indeterminate;none
*122/*148;n/a;Indeterminate;none
*122/*149;n/a;Indeterminate;none
*122/*152;n/a;Indeterminate;none
*122/*153;n/a;Indeterminate;none
*122/*154;n/a;Indeterminate;none
*122/*155;n/a;Indeterminate;none
*122/*156;n/a;Indeterminate;none
*122/*157;n/a;Indeterminate;none
*122/*158;n/a;Indeterminate;none
*122/*159;n/a;Indeterminate;none
*122/*160;n/a;Indeterminate;none
*122/*161;n/a;Indeterminate;none
*122/*162;n/a;Indeterminate;none
*122/*163;n/a;Indeterminate;none
*123/*123;n/a;Indeterminate;none
*123/*124;n/a;Indeterminate;none
*123/*125;n/a;Indeterminate;none
*123/*126;n/a;Indeterminate;none
*123/*127;n/a;Indeterminate;none
*123/*128;n/a;Indeterminate;none
*123/*129;n/a;Indeterminate;none
*123/*130;n/a;Indeterminate;none
*123/*131;n/a;Indeterminate;none
*123/*132;n/a;Indeterminate;none
*123/*133;n/a;Indeterminate;none
*123/*134;n/a;Indeterminate;none
*123/*135;n/a;Indeterminate;none
*123/*136;n/a;Indeterminate;none
*123/*137;n/a;Indeterminate;none
*123/*138;n/a;Indeterminate;none
*123/*139;n/a;Indeterminate;none
*123/*140;n/a;Indeterminate;none
*123/*141;n/a;Indeterminate;none
*123/*142;n/a;Indeterminate;none
*123/*143;n/a;Indeterminate;none
*123/*144;n/a;Indeterminate;none
*123/*145;n/a;Indeterminate;none
*123/*146;n/a;Indeterminate;none
*123/*146x2;n/a;Indeterminate;none
*123/*147;n/a;Indeterminate;none
*123/*148;n/a;Indeterminate;none
*123/*149;n/a;Indeterminate;none
*123/*152;n/a;Indeterminate;none
*123/*153;n/a;Indeterminate;none
*123/*154;n/a;Indeterminate;none
*123/*155;n/a;Indeterminate;none
*123/*156;n/a;Indeterminate;none
*123/*157;n/a;Indeterminate;none
*123/*158;n/a;Indeterminate;none
*123/*159;n/a;Indeterminate;none
*123/*160;n/a;Indeterminate;none
*123/*161;n/a;Indeterminate;none
*123/*162;n/a;Indeterminate;none
*123/*163;n/a;Indeterminate;none
*124/*124;0.0;Poor Metabolizer;Abnormal/Priority/High Risk
*124/*125;n/a;Indeterminate;none
*124/*126;n/a;Indeterminate;none
*124/*127;n/a;Indeterminate;none
*124/*128;n/a;Indeterminate;none
*124/*129;0.0;Poor Metabolizer;Abnormal/Priority/High Risk
*124/*130;n/a;Indeterminate;none
*124/*131;n/a;Indeterminate;none
*124/*132;0.25;Intermediate Metabolizer;Abnormal/Priority/High Risk
*124/*133;n/a;Indeterminate;none
*124/*134;n/a;Indeterminate;none
*124/*135;n/a;Indeterminate;none
*124/*136;n/a;Indeterminate;none
*124/*137;n/a;Indeterminate;none
*124/*138;n/a;Indeterminate;none
*124/*139;n/a;Indeterminate;none
*124/*140;n/a;Indeterminate;none
*124/*141;n/a;Indeterminate;none
*124/*142;n/a;Indeterminate;none
*124/*143;0.0;Poor Metabolizer;Abnormal/Priority/High Risk
*124/*144;0.0;Poor Metabolizer;Abnormal/Priority/High Risk
*124/*145;n/a;Indeterminate;none
*124/*146;n/a;Indeterminate;none
*124/*146x2;n/a;Indeterminate;none
*124/*147;n/a;Indeterminate;none
*124/*148;n/a;Indeterminate;none
*124/*149;n/a;Indeterminate;none
*124/*152;n/a;Indeterminate;none
*124/*153;n/a;Indeterminate;none
*124/*154;n/a;Indeterminate;none
*124/*155;n/a;Indeterminate;none
*124/*156;0.0;Poor Metabolizer;Abnormal/Priority/High Risk
*124/*157;n/a;Indeterminate;none
*124/*158;n/a;Indeterminate;none
*124/*159;n/a;Indeterminate;none
*124/*160;n/a;Indeterminate;none
*124/*161;0.0;Poor Metabolizer;Abnormal/Priority/High Risk
*124/*162;n/a;Indeterminate;none
*124/*163;n/a;Indeterminate;none
*125/*125;n/a;Indeterminate;none
*125/*126;n/a;Indeterminate;none
*125/*127;n/a;Indeterminate;none
*125/*128;n/a;Indeterminate;none
*125/*129;n/a;Indeterminate;none
*125/*130;n/a;Indeterminate;none
*125/*131;n/a;Indeterminate;none
*125/*132;n/a;Indeterminate;none
*125/*133;n/a;Indeterminate;none
*125/*134;n/a;Indeterminate;none
*125/*135;n/a;Indeterminate;none
*125/*136;n/a;Indeterminate;none
*125/*137;n/a;Indeterminate;none
*125/*138;n/a;Indeterminate;none
*125/*139;n/a;Indeterminate;none
*125/*140;n/a;Indeterminate;none
*125/*141;n/a;Indeterminate;none
*125/*142;n/a;Indeterminate;none
*125/*143;n/a;Indeterminate;none
*125/*144;n/a;Indeterminate;none
*125/*145;n/a;Indeterminate;none
*125/*146;n/a;Indeterminate;none
*125/*146x2;n/a;Indeterminate;none
*125/*147;n/a;Indeterminate;none
*125/*148;n/a;Indeterminate;none
*125/*149;n/a;Indeterminate;none
*125/*152;n/a;Indeterminate;none
*125/*153;n/a;Indeterminate;none
*125/*154;n/a;Indeterminate;none
*125/*155;n/a;Indeterminate;none
*125/*156;n/a;Indeterminate;none
*125/*157;n/a;Indeterminate;none
*125/*158;n/a;Indeterminate;none
*125/*159;n/a;Indeterminate;none
*125/*160;n/a;Indeterminate;none
*125/*161;n/a;Indeterminate;none
*125/*162;n/a;Indeterminate;none
*125/*163;n/a;Indeterminate;none
*126/*126;n/a;Indeterminate;none
*126/*127;n/a;Indeterminate;none
*126/*128;n/a;Indeterminate;none
*126/*129;n/a;Indeterminate;none
*126/*130;n/a;Indeterminate;none
*126/*131;n/a;Indeterminate;none
*126/*132;n/a;Indeterminate;none
*126/*133;n/a;Indeterminate;none
*126/*134;n/a;Indeterminate;none
*126/*135;n/a;Indeterminate;none
*126/*136;n/a;Indeterminate;none
*126/*137;n/a;Indeterminate;none
*126/*138;n/a;Indeterminate;none
*126/*139;n/a;Indeterminate;none
*126/*140;n/a;Indeterminate;none
*126/*141;n/a;Indeterminate;none
*126/*142;n/a;Indeterminate;none
*126/*143;n/a;Indeterminate;none
*126/*144;n/a;Indeterminate;none
*126/*145;n/a;Indeterminate;none
*126/*146;n/a;Indeterminate;none
*126/*146x2;n/a;Indeterminate;none
*126/*147;n/a;Indeterminate;none
*126/*148;n/a;Indeterminate;none
*126/*149;n/a;Indeterminate;none
*126/*152;n/a;Indeterminate;none
*126/*153;n/a;Indeterminate;none
*126/*154;n/a;Indeterminate;none
*126/*155;n/a;Indeterminate;none
*126/*156;n/a;Indeterminate;none
*126/*157;n/a;Indeterminate;none
*126/*158;n/a;Indeterminate;none
*126/*159;n/a;Indeterminate;none
*126/*160;n/a;Indeterminate;none
*126/*161;n/a;Indeterminate;none
*126/*162;n/a;Indeterminate;none
*126/*163;n/a;Indeterminate;none
*127/*127;n/a;Indeterminate;none
*127/*128;n/a;Indeterminate;none
*127/*129;n/a;Indeterminate;none
*127/*130;n/a;Indeterminate;none
*127/*131;n/a;Indeterminate;none
*127/*132;n/a;Indeterminate;none
*127/*133;n/a;Indeterminate;none
*127/*134;n/a;Indeterminate;none
*127/*135;n/a;Indeterminate;none
*127/*136;n/a;Indeterminate;none
*127/*137;n/a;Indeterminate;none
*127/*138;n/a;Indeterminate;none
*127/*139;n/a;Indeterminate;none
*127/*140;n/a;Indeterminate;none
*127/*141;n/a;Indeterminate;none
*127/*142;n/a;Indeterminate;none
*127/*143;n/a;Indeterminate;none
*127/*144;n/a;Indeterminate;none
*127/*145;n/a;Indeterminate;none
*127/*146;n/a;Indeterminate;none
*127/*146x2;n/a;Indeterminate;none
*127/*147;n/a;Indeterminate;none
*127/*148;n/a;Indeterminate;none
*127/*149;n/a;Indeterminate;none
*127/*152;n/a;Indeterminate;none
*127/*153;n/a;Indeterminate;none
*127/*154;n/a;Indeterminate;none
*127/*155;n/a;Indeterminate;none
*127/*156;n/a;Indeterminate;none
*127/*157;n/a;Indeterminate;none
*127/*158;n/a;Indeterminate;none
*127/*159;n/a;Indeterminate;none
*127/*160;n/a;Indeterminate;none
*127/*161;n/a;Indeterminate;none
*127/*162;n/a;Indeterminate;none
*127/*163;n/a;Indeterminate;none
*128/*128;n/a;Indeterminate;none
*128/*129;n/a;Indeterminate;none
*128/*130;n/a;Indeterminate;none
*128/*131;n/a;Indeterminate;none
*128/*132;n/a;Indeterminate;none
*128/*133;n/a;Indeterminate;none
*128/*134;n/a;Indeterminate;none
*128/*135;n/a;Indeterminate;none
*128/*136;n/a;Indeterminate;none
*128/*137;n/a;Indeterminate;none
*128/*138;n/a;Indeterminate;none
*128/*139;n/a;Indeterminate;none
*128/*140;n/a;Indeterminate;none
*128/*141;n/a;Indeterminate;none
*128/*142;n/a;Indeterminate;none
*128/*143;n/a;Indeterminate;none
*128/*144;n/a;Indeterminate;none
*128/*145;n/a;Indeterminate;none
*128/*146;n/a;Indeterminate;none
*128/*146x2;n/a;Indeterminate;none
*128/*147;n/a;Indeterminate;none
*128/*148;n/a;Indeterminate;none
*128/*149;n/a;Indeterminate;none
*128/*152;n/a;Indeterminate;none
*128/*153;n/a;Indeterminate;none
*128/*154;n/a;Indeterminate;none
*128/*155;n/a;Indeterminate;none
*128/*156;n/a;Indeterminate;none
*128/*157;n/a;Indeterminate;none
*128/*158;n/a;Indeterminate;none
*128/*159;n/a;Indeterminate;none
*128/*160;n/a;Indeterminate;none
*128/*161;n/a;Indeterminate;none
*128/*162;n/a;Indeterminate;none
*128/*163;n/a;Indeterminate;none
*129/*129;0.0;Poor Metabolizer;Abnormal/Priority/High Risk
*129/*130;n/a;Indeterminate;none
*129/*131;n/a;Indeterminate;none
*129/*132;0.25;Intermediate Metabolizer;Abnormal/Priority/High Risk
*129/*133;n/a;Indeterminate;none
*129/*134;n/a;Indeterminate;none
*129/*135;n/a;Indeterminate;none
*129/*136;n/a;Indeterminate;none
*129/*137;n/a;Indeterminate;none
*129/*138;n/a;Indeterminate;none
*129/*139;n/a;Indeterminate;none
*129/*140;n/a;Indeterminate;none
*129/*141;n/a;Indeterminate;none
*129/*142;n/a;Indeterminate;none
*129/*143;0.0;Poor Metabolizer;Abnormal/Priority/High Risk
*129/*144;0.0;Poor Metabolizer;Abnormal/Priority/High Risk
*129/*145;n/a;Indeterminate;none
*129/*146;n/a;Indeterminate;none
*129/*146x2;n/a;Indeterminate;none
*129/*147;n/a;Indeterminate;none
*129/*148;n/a;Indeterminate;none
*129/*149;n/a;Indeterminate;none
*129/*152;n/a;Indeterminate;none
*129/*153;n/a;Indeterminate;none
*129/*154;n/a;Indeterminate;none
*129/*155;n/a;Indeterminate;none
*129/*156;0.0;Poor Metabolizer;Abnormal/Priority/High Risk
*129/*157;n/a;Indeterminate;none
*129/*158;n/a;Indeterminate;none
*129/*159;n/a;Indeterminate;none
*129/*160;n/a;Indeterminate;none
*129/*161;0.0;Poor Metabolizer;Abnormal/Priority/High Risk
*129/*162;n/a;Indeterminate;none
*129/*163;n/a;Indeterminate;none
*130/*130;n/a;Indeterminate;none
*130/*131;n/a;Indeterminate;none
*130/*132;n/a;Indeterminate;none
*130/*133;n/a;Indeterminate;none
*130/*134;n/a;Indeterminate;none
*130/*135;n/a;Indeterminate;none
*130/*136;n/a;Indeterminate;none
*130/*137;n/a;Indeterminate;none
*130/*138;n/a;Indeterminate;none
*130/*139;n/a;Indeterminate;none
*130/*140;n/a;Indeterminate;none
*130/*141;n/a;Indeterminate;none
*130/*142;n/a;Indeterminate;none
*130/*143;n/a;Indeterminate;none
*130/*144;n/a;Indeterminate;none
*130/*145;n/a;Indeterminate;none
*130/*146;n/a;Indeterminate;none
*130/*146x2;n/a;Indeterminate;none
*130/*147;n/a;Indeterminate;none
*130/*148;n/a;Indeterminate;none
*130/*149;n/a;Indeterminate;none
*130/*152;n/a;Indeterminate;none
*130/*153;n/a;Indeterminate;none
*130/*154;n/a;Indeterminate;none
*130/*155;n/a;Indeterminate;none
*130/*156;n/a;Indeterminate;none
*130/*157;n/a;Indeterminate;none
*130/*158;n/a;Indeterminate;none
*130/*159;n/a;Indeterminate;none
*130/*160;n/a;Indeterminate;none
*130/*161;n/a;Indeterminate;none
*130/*162;n/a;Indeterminate;none
*130/*163;n/a;Indeterminate;none
*131/*131;n/a;Indeterminate;none
*131/*132;n/a;Indeterminate;none
*131/*133;n/a;Indeterminate;none
*131/*134;n/a;Indeterminate;none
*131/*135;n/a;Indeterminate;none
*131/*136;n/a;Indeterminate;none
*131/*137;n/a;Indeterminate;none
*131/*138;n/a;Indeterminate;none
*131/*139;n/a;Indeterminate;none
*131/*140;n/a;Indeterminate;none
*131/*141;n/a;Indeterminate;none
*131/*142;n/a;Indeterminate;none
*131/*143;n/a;Indeterminate;none
*131/*144;n/a;Indeterminate;none
*131/*145;n/a;Indeterminate;none
*131/*146;n/a;Indeterminate;none
*131/*146x2;n/a;Indeterminate;none
*131/*147;n/a;Indeterminate;none
*131/*148;n/a;Indeterminate;none
*131/*149;n/a;Indeterminate;none
*131/*152;n/a;Indeterminate;none
*131/*153;n/a;Indeterminate;none
*131/*154;n/a;Indeterminate;none
*131/*155;n/a;Indeterminate;none
*131/*156;n/a;Indeterminate;none
*131/*157;n/a;Indeterminate;none
*131/*158;n/a;Indeterminate;none
*131/*159;n/a;Indeterminate;none
*131/*160;n/a;Indeterminate;none
*131/*161;n/a;Indeterminate;none
*131/*162;n/a;Indeterminate;none
*131/*163;n/a;Indeterminate;none
*132/*132;0.5;Intermediate Metabolizer;Abnormal/Priority/High Risk
*132/*133;n/a;Indeterminate;none
*132/*134;n/a;Indeterminate;none
*132/*135;n/a;Indeterminate;none
*132/*136;n/a;Indeterminate;none
*132/*137;n/a;Indeterminate;none
*132/*138;n/a;Indeterminate;none
*132/*139;n/a;Indeterminate;none
*132/*140;n/a;Indeterminate;none
*132/*141;n/a;Indeterminate;none
*132/*142;n/a;Indeterminate;none
*132/*143;0.25;Intermediate Metabolizer;Abnormal/Priority/High Risk
*132/*144;0.25;Intermediate Metabolizer;Abnormal/Priority/High Risk
*132/*145;n/a;Indeterminate;none
*132/*146;n/a;Indeterminate;none
*132/*146x2;n/a;Indeterminate;none
*132/*147;n/a;Indeterminate;none
*132/*148;n/a;Indeterminate;none
*132/*149;n/a;Indeterminate;none
*132/*152;n/a;Indeterminate;none
*132/*153;n/a;Indeterminate;none
*132/*154;n/a;Indeterminate;none
*132/*155;n/a;Indeterminate;none
*132/*156;0.25;Intermediate Metabolizer;Abnormal/Priority/High Risk
*132/*157;n/a;Indeterminate;none
*132/*158;n/a;Indeterminate;none
*132/*159;n/a;Indeterminate;none
*132/*160;n/a;Indeterminate;none
*132/*161;0.25;Intermediate Metabolizer;Abnormal/Priority/High Risk
*132/*162;n/a;Indeterminate;none
*132/*163;n/a;Indeterminate;none
*133/*133;n/a;Indeterminate;none
*133/*134;n/a;Indeterminate;none
*133/*135;n/a;Indeterminate;none
*133/*136;n/a;Indeterminate;none
*133/*137;n/a;Indeterminate;none
*133/*138;n/a;Indeterminate;none
*133/*139;n/a;Indeterminate;none
*133/*140;n/a;Indeterminate;none
*133/*141;n/a;Indeterminate;none
*133/*142;n/a;Indeterminate;none
*133/*143;n/a;Indeterminate;none
*133/*144;n/a;Indeterminate;none
*133/*145;n/a;Indeterminate;none
*133/*146;n/a;Indeterminate;none
*133/*146x2;n/a;Indeterminate;none
*133/*147;n/a;Indeterminate;none
*133/*148;n/a;Indeterminate;none
*133/*149;n/a;Indeterminate;none
*133/*152;n/a;Indeterminate;none
*133/*153;n/a;Indeterminate;none
*133/*154;n/a;Indeterminate;none
*133/*155;n/a;Indeterminate;none
*133/*156;n/a;Indeterminate;none
*133/*157;n/a;Indeterminate;none
*133/*158;n/a;Indeterminate;none
*133/*159;n/a;Indeterminate;none
*133/*160;n/a;Indeterminate;none
*133/*161;n/a;Indeterminate;none
*133/*162;n/a;Indeterminate;none
*133/*163;n/a;Indeterminate;none
*134/*134;n/a;Indeterminate;none
*134/*135;n/a;Indeterminate;none
*134/*136;n/a;Indeterminate;none
*134/*137;n/a;Indeterminate;none
*134/*138;n/a;Indeterminate;none
*134/*139;n/a;Indeterminate;none
*134/*140;n/a;Indeterminate;none
*134/*141;n/a;Indeterminate;none
*134/*142;n/a;Indeterminate;none
*134/*143;n/a;Indeterminate;none
*134/*144;n/a;Indeterminate;none
*134/*145;n/a;Indeterminate;none
*134/*146;n/a;Indeterminate;none
*134/*146x2;n/a;Indeterminate;none
*134/*147;n/a;Indeterminate;none
*134/*148;n/a;Indeterminate;none
*134/*149;n/a;Indeterminate;none
*134/*152;n/a;Indeterminate;none
*134/*153;n/a;Indeterminate;none
*134/*154;n/a;Indeterminate;none
*134/*155;n/a;Indeterminate;none
*134/*156;n/a;Indeterminate;none
*134/*157;n/a;Indeterminate;none
*134/*158;n/a;Indeterminate;none
*134/*159;n/a;Indeterminate;none
*134/*160;n/a;Indeterminate;none
*134/*161;n/a;Indeterminate;none
*134/*162;n/a;Indeterminate;none
*134/*163;n/a;Indeterminate;none
*135/*135;n/a;Indeterminate;none
*135/*136;n/a;Indeterminate;none
*135/*137;n/a;Indeterminate;none
*135/*138;n/a;Indeterminate;none
*135/*139;n/a;Indeterminate;none
*135/*140;n/a;Indeterminate;none
*135/*141;n/a;Indeterminate;none
*135/*142;n/a;Indeterminate;none
*135/*143;n/a;Indeterminate;none
*135/*144;n/a;Indeterminate;none
*135/*145;n/a;Indeterminate;none
*135/*146;n/a;Indeterminate;none
*135/*146x2;n/a;Indeterminate;none
*135/*147;n/a;Indeterminate;none
*135/*148;n/a;Indeterminate;none
*135/*149;n/a;Indeterminate;none
*135/*152;n/a;Indeterminate;none
*135/*153;n/a;Indeterminate;none
*135/*154;n/a;Indeterminate;none
*135/*155;n/a;Indeterminate;none
*135/*156;n/a;Indeterminate;none
*135/*157;n/a;Indeterminate;none
*135/*158;n/a;Indeterminate;none
*135/*159;n/a;Indeterminate;none
*135/*160;n/a;Indeterminate;none
*135/*161;n/a;Indeterminate;none
*135/*162;n/a;Indeterminate;none
*135/*163;n/a;Indeterminate;none
*136/*136;n/a;Indeterminate;none
*136/*137;n/a;Indeterminate;none
*136/*138;n/a;Indeterminate;none
*136/*139;n/a;Indeterminate;none
*136/*140;n/a;Indeterminate;none
*136/*141;n/a;Indeterminate;none
*136/*142;n/a;Indeterminate;none
*136/*143;n/a;Indeterminate;none
*136/*144;n/a;Indeterminate;none
*136/*145;n/a;Indeterminate;none
*136/*146;n/a;Indeterminate;none
*136/*146x2;n/a;Indeterminate;none
*136/*147;n/a;Indeterminate;none
*136/*148;n/a;Indeterminate;none
*136/*149;n/a;Indeterminate;none
*136/*152;n/a;Indeterminate;none
*136/*153;n/a;Indeterminate;none
*136/*154;n/a;Indeterminate;none
*136/*155;n/a;Indeterminate;none
*136/*156;n/a;Indeterminate;none
*136/*157;n/a;Indeterminate;none
*136/*158;n/a;Indeterminate;none
*136/*159;n/a;Indeterminate;none
*136/*160;n/a;Indeterminate;none
*136/*161;n/a;Indeterminate;none
*136/*162;n/a;Indeterminate;none
*136/*163;n/a;Indeterminate;none
*137/*137;n/a;Indeterminate;none
*137/*138;n/a;Indeterminate;none
*137/*139;n/a;Indeterminate;none
*137/*140;n/a;Indeterminate;none
*137/*141;n/a;Indeterminate;none
*137/*142;n/a;Indeterminate;none
*137/*143;n/a;Indeterminate;none
*137/*144;n/a;Indeterminate;none
*137/*145;n/a;Indeterminate;none
*137/*146;n/a;Indeterminate;none
*137/*146x2;n/a;Indeterminate;none
*137/*147;n/a;Indeterminate;none
*137/*148;n/a;Indeterminate;none
*137/*149;n/a;Indeterminate;none
*137/*152;n/a;Indeterminate;none
*137/*153;n/a;Indeterminate;none
*137/*154;n/a;Indeterminate;none
*137/*155;n/a;Indeterminate;none
*137/*156;n/a;Indeterminate;none
*137/*157;n/a;Indeterminate;none
*137/*158;n/a;Indeterminate;none
*137/*159;n/a;Indeterminate;none
*137/*160;n/a;Indeterminate;none
*137/*161;n/a;Indeterminate;none
*137/*162;n/a;Indeterminate;none
*137/*163;n/a;Indeterminate;none
*138/*138;n/a;Indeterminate;none
*138/*139;n/a;Indeterminate;none
*138/*140;n/a;Indeterminate;none
*138/*141;n/a;Indeterminate;none
*138/*142;n/a;Indeterminate;none
*138/*143;n/a;Indeterminate;none
*138/*144;n/a;Indeterminate;none
*138/*145;n/a;Indeterminate;none
*138/*146;n/a;Indeterminate;none
*138/*146x2;n/a;Indeterminate;none
*138/*147;n/a;Indeterminate;none
*138/*148;n/a;Indeterminate;none
*138/*149;n/a;Indeterminate;none
*138/*152;n/a;Indeterminate;none
*138/*153;n/a;Indeterminate;none
*138/*154;n/a;Indeterminate;none
*138/*155;n/a;Indeterminate;none
*138/*156;n/a;Indeterminate;none
*138/*157;n/a;Indeterminate;none
*138/*158;n/a;Indeterminate;none
*138/*159;n/a;Indeterminate;none
*138/*160;n/a;Indeterminate;none
*138/*161;n/a;Indeterminate;none
*138/*162;n/a;Indeterminate;none
*138/*163;n/a;Indeterminate;none
*139/*139;n/a;Indeterminate;none
*139/*140;n/a;Indeterminate;none
*139/*141;n/a;Indeterminate;none
*139/*142;n/a;Indeterminate;none
*139/*143;n/a;Indeterminate;none
*139/*144;n/a;Indeterminate;none
*139/*145;n/a;Indeterminate;none
*139/*146;n/a;Indeterminate;none
*139/*146x2;n/a;Indeterminate;none
*139/*147;n/a;Indeterminate;none
*139/*148;n/a;Indeterminate;none
*139/*149;n/a;Indeterminate;none
*139/*152;n/a;Indeterminate;none
*139/*153;n/a;Indeterminate;none
*139/*154;n/a;Indeterminate;none
*139/*155;n/a;Indeterminate;none
*139/*156;n/a;Indeterminate;none
*139/*157;n/a;Indeterminate;none
*139/*158;n/a;Indeterminate;none
*139/*159;n/a;Indeterminate;none
*139/*160;n/a;Indeterminate;none
*139/*161;n/a;Indeterminate;none
*139/*162;n/a;Indeterminate;none
*139/*163;n/a;Indeterminate;none
*140/*140;n/a;Indeterminate;none
*140/*141;n/a;Indeterminate;none
*140/*142;n/a;Indeterminate;none
*140/*143;n/a;Indeterminate;none
*140/*144;n/a;Indeterminate;none
*140/*145;n/a;Indeterminate;none
*140/*146;n/a;Indeterminate;none
*140/*146x2;n/a;Indeterminate;none
*140/*147;n/a;Indeterminate;none
*140/*148;n/a;Indeterminate;none
*140/*149;n/a;Indeterminate;none
*140/*152;n/a;Indeterminate;none
*140/*153;n/a;Indeterminate;none
*140/*154;n/a;Indeterminate;none
*140/*155;n/a;Indeterminate;none
*140/*156;n/a;Indeterminate;none
*140/*157;n/a;Indeterminate;none
*140/*158;n/a;Indeterminate;none
*140/*159;n/a;Indeterminate;none
*140/*160;n/a;Indeterminate;none
*140/*161;n/a;Indeterminate;none
*140/*162;n/a;Indeterminate;none
*140/*163;n/a;Indeterminate;none
*141/*141;n/a;Indeterminate;none
*141/*142;n/a;Indeterminate;none
*141/*143;n/a;Indeterminate;none
*141/*144;n/a;Indeterminate;none
*141/*145;n/a;Indeterminate;none
*141/*146;n/a;Indeterminate;none
*141/*146x2;n/a;Indeterminate;none
*141/*147;n/a;Indeterminate;none
*141/*148;n/a;Indeterminate;none
*141/*149;n/a;Indeterminate;none
*141/*152;n/a;Indeterminate;none
*141/*153;n/a;Indeterminate;none
*141/*154;n/a;Indeterminate;none
*141/*155;n/a;Indeterminate;none
*141/*156;n/a;Indeterminate;none
*141/*157;n/a;Indeterminate;none
*141/*158;n/a;Indeterminate;none
*141/*159;n/a;Indeterminate;none
*141/*160;n/a;Indeterminate;none
*141/*161;n/a;Indeterminate;none
*141/*162;n/a;Indeterminate;none
*141/*163;n/a;Indeterminate;none
*142/*142;n/a;Indeterminate;none
*142/*143;n/a;Indeterminate;none
*142/*144;n/a;Indeterminate;none
*142/*145;n/a;Indeterminate;none
*142/*146;n/a;Indeterminate;none
*142/*146x2;n/a;Indeterminate;none
*142/*147;n/a;Indeterminate;none
*142/*148;n/a;Indeterminate;none
*142/*149;n/a;Indeterminate;none
*142/*152;n/a;Indeterminate;none
*142/*153;n/a;Indeterminate;none
*142/*154;n/a;Indeterminate;none
*142/*155;n/a;Indeterminate;none
*142/*156;n/a;Indeterminate;none
*142/*157;n/a;Indeterminate;none
*142/*158;n/a;Indeterminate;none
*142/*159;n/a;Indeterminate;none
*142/*160;n/a;Indeterminate;none
*142/*161;n/a;Indeterminate;none
*142/*162;n/a;Indeterminate;none
*142/*163;n/a;Indeterminate;none
*143/*143;0.0;Poor Metabolizer;Abnormal/Priority/High Risk
*143/*144;0.0;Poor Metabolizer;Abnormal/Priority/High Risk
*143/*145;n/a;Indeterminate;none
*143/*146;n/a;Indeterminate;none
*143/*146x2;n/a;Indeterminate;none
*143/*147;n/a;Indeterminate;none
*143/*148;n/a;Indeterminate;none
*143/*149;n/a;Indeterminate;none
*143/*152;n/a;Indeterminate;none
*143/*153;n/a;Indeterminate;none
*143/*154;n/a;Indeterminate;none
*143/*155;n/a;Indeterminate;none
*143/*156;0.0;Poor Metabolizer;Abnormal/Priority/High Risk
*143/*157;n/a;Indeterminate;none
*143/*158;n/a;Indeterminate;none
*143/*159;n/a;Indeterminate;none
*143/*160;n/a;Indeterminate;none
*143/*161;0.0;Poor Metabolizer;Abnormal/Priority/High Risk
*143/*162;n/a;Indeterminate;none
*143/*163;n/a;Indeterminate;none
*144/*144;0.0;Poor Metabolizer;Abnormal/Priority/High Risk
*144/*145;n/a;Indeterminate;none
*144/*146;n/a;Indeterminate;none
*144/*146x2;n/a;Indeterminate;none
*144/*147;n/a;Indeterminate;none
*144/*148;n/a;Indeterminate;none
*144/*149;n/a;Indeterminate;none
*144/*152;n/a;Indeterminate;none
*144/*153;n/a;Indeterminate;none
*144/*154;n/a;Indeterminate;none
*144/*155;n/a;Indeterminate;none
*144/*156;0.0;Poor Metabolizer;Abnormal/Priority/High Risk
*144/*157;n/a;Indeterminate;none
*144/*158;n/a;Indeterminate;none
*144/*159;n/a;Indeterminate;none
*144/*160;n/a;Indeterminate;none
*144/*161;0.0;Poor Metabolizer;Abnormal/Priority/High Risk
*144/*162;n/a;Indeterminate;none
*144/*163;n/a;Indeterminate;none
*145/*145;n/a;Indeterminate;none
*145/*146;n/a;Indeterminate;none
*145/*146x2;n/a;Indeterminate;none
*145/*147;n/a;Indeterminate;none
*145/*148;n/a;Indeterminate;none
*145/*149;n/a;Indeterminate;none
*145/*152;n/a;Indeterminate;none
*145/*153;n/a;Indeterminate;none
*145/*154;n/a;Indeterminate;none
*145/*155;n/a;Indeterminate;none
*145/*156;n/a;Indeterminate;none
*145/*157;n/a;Indeterminate;none
*145/*158;n/a;Indeterminate;none
*145/*159;n/a;Indeterminate;none
*145/*160;n/a;Indeterminate;none
*145/*161;n/a;Indeterminate;none
*145/*162;n/a;Indeterminate;none
*145/*163;n/a;Indeterminate;none
*146/*146;n/a;Indeterminate;none
*146/*146x2;n/a;Indeterminate;none
*146/*147;n/a;Indeterminate;none
*146/*148;n/a;Indeterminate;none
*146/*149;n/a;Indeterminate;none
*146/*152;n/a;Indeterminate;none
*146/*153;n/a;Indeterminate;none
*146/*154;n/a;Indeterminate;none
*146/*155;n/a;Indeterminate;none
*146/*156;n/a;Indeterminate;none
*146/*157;n/a;Indeterminate;none
*146/*158;n/a;Indeterminate;none
*146/*159;n/a;Indeterminate;none
*146/*160;n/a;Indeterminate;none
*146/*161;n/a;Indeterminate;none
*146/*162;n/a;Indeterminate;none
*146/*163;n/a;Indeterminate;none
*146x2/*146x2;n/a;Indeterminate;none
*146x2/*147;n/a;Indeterminate;none
*146x2/*148;n/a;Indeterminate;none
*146x2/*149;n/a;Indeterminate;none
*146x2/*152;n/a;Indeterminate;none
*146x2/*153;n/a;Indeterminate;none
*146x2/*154;n/a;Indeterminate;none
*146x2/*155;n/a;Indeterminate;none
*146x2/*156;n/a;Indeterminate;none
*146x2/*157;n/a;Indeterminate;none
*146x2/*158;n/a;Indeterminate;none
*146x2/*159;n/a;Indeterminate;none
*146x2/*160;n/a;Indeterminate;none
*146x2/*161;n/a;Indeterminate;none
*146x2/*162;n/a;Indeterminate;none
*146x2/*163;n/a;Indeterminate;none
*147/*147;n/a;Indeterminate;none
*147/*148;n/a;Indeterminate;none
*147/*149;n/a;Indeterminate;none
*147/*152;n/a;Indeterminate;none
*147/*153;n/a;Indeterminate;none
*147/*154;n/a;Indeterminate;none
*147/*155;n/a;Indeterminate;none
*147/*156;n/a;Indeterminate;none
*147/*157;n/a;Indeterminate;none
*147/*158;n/a;Indeterminate;none
*147/*159;n/a;Indeterminate;none
*147/*160;n/a;Indeterminate;none
*147/*161;n/a;Indeterminate;none
*147/*162;n/a;Indeterminate;none
*147/*163;n/a;Indeterminate;none
*148/*148;n/a;Indeterminate;none
*148/*149;n/a;Indeterminate;none
*148/*152;n/a;Indeterminate;none
*148/*153;n/a;Indeterminate;none
*148/*154;n/a;Indeterminate;none
*148/*155;n/a;Indeterminate;none
*148/*156;n/a;Indeterminate;none
*148/*157;n/a;Indeterminate;none
*148/*158;n/a;Indeterminate;none
*148/*159;n/a;Indeterminate;none
*148/*160;n/a;Indeterminate;none
*148/*161;n/a;Indeterminate;none
*148/*162;n/a;Indeterminate;none
*148/*163;n/a;Indeterminate;none
*149/*149;n/a;Indeterminate;none
*149/*152;n/a;Indeterminate;none
*149/*153;n/a;Indeterminate;none
*149/*154;n/a;Indeterminate;none
*149/*155;n/a;Indeterminate;none
*149/*156;n/a;Indeterminate;none
*149/*157;n/a;Indeterminate;none
*149/*158;n/a;Indeterminate;none
*149/*159;n/a;Indeterminate;none
*149/*160;n/a;Indeterminate;none
*149/*161;n/a;Indeterminate;none
*149/*162;n/a;Indeterminate;none
*149/*163;n/a;Indeterminate;none
*152/*152;n/a;Indeterminate;none
*152/*153;n/a;Indeterminate;none
*152/*154;n/a;Indeterminate;none
*152/*155;n/a;Indeterminate;none
*152/*156;n/a;Indeterminate;none
*152/*157;n/a;Indeterminate;none
*152/*158;n/a;Indeterminate;none
*152/*159;n/a;Indeterminate;none
*152/*160;n/a;Indeterminate;none
*152/*161;n/a;Indeterminate;none
*152/*162;n/a;Indeterminate;none
*152/*163;n/a;Indeterminate;none
*153/*153;n/a;Indeterminate;none
*153/*154;n/a;Indeterminate;none
*153/*155;n/a;Indeterminate;none
*153/*156;n/a;Indeterminate;none
*153/*157;n/a;Indeterminate;none
*153/*158;n/a;Indeterminate;none
*153/*159;n/a;Indeterminate;none
*153/*160;n/a;Indeterminate;none
*153/*161;n/a;Indeterminate;none
*153/*162;n/a;Indeterminate;none
*153/*163;n/a;Indeterminate;none
*154/*154;n/a;Indeterminate;none
*154/*155;n/a;Indeterminate;none
*154/*156;n/a;Indeterminate;none
*154/*157;n/a;Indeterminate;none
*154/*158;n/a;Indeterminate;none
*154/*159;n/a;Indeterminate;none
*154/*160;n/a;Indeterminate;none
*154/*161;n/a;Indeterminate;none
*154/*162;n/a;Indeterminate;none
*154/*163;n/a;Indeterminate;none
*155/*155;n/a;Indeterminate;none
*155/*156;n/a;Indeterminate;none
*155/*157;n/a;Indeterminate;none
*155/*158;n/a;Indeterminate;none
*155/*159;n/a;Indeterminate;none
*155/*160;n/a;Indeterminate;none
*155/*161;n/a;Indeterminate;none
*155/*162;n/a;Indeterminate;none
*155/*163;n/a;Indeterminate;none
*156/*156;0.0;Poor Metabolizer;Abnormal/Priority/High Risk
*156/*157;n/a;Indeterminate;none
*156/*158;n/a;Indeterminate;none
*156/*159;n/a;Indeterminate;none
*156/*160;n/a;Indeterminate;none
*156/*161;0.0;Poor Metabolizer;Abnormal/Priority/High Risk
*156/*162;n/a;Indeterminate;none
*156/*163;n/a;Indeterminate;none
*157/*157;n/a;Indeterminate;none
*157/*158;n/a;Indeterminate;none
*157/*159;n/a;Indeterminate;none
*157/*160;n/a;Indeterminate;none
*157/*161;n/a;Indeterminate;none
*157/*162;n/a;Indeterminate;none
*157/*163;n/a;Indeterminate;none
*158/*158;n/a;Indeterminate;none
*158/*159;n/a;Indeterminate;none
*158/*160;n/a;Indeterminate;none
*158/*161;n/a;Indeterminate;none
*158/*162;n/a;Indeterminate;none
*158/*163;n/a;Indeterminate;none
*159/*159;n/a;Indeterminate;none
*159/*160;n/a;Indeterminate;none
*159/*161;n/a;Indeterminate;none
*159/*162;n/a;Indeterminate;none
*159/*163;n/a;Indeterminate;none
*160/*160;n/a;Indeterminate;none
*160/*161;n/a;Indeterminate;none
*160/*162;n/a;Indeterminate;none
*160/*163;n/a;Indeterminate;none
*161/*161;0.0;Poor Metabolizer;Abnormal/Priority/High Risk
*161/*162;n/a;Indeterminate;none
*161/*163;n/a;Indeterminate;none
*162/*162;n/a;Indeterminate;none
*162/*163;n/a;Indeterminate;none
*163/*163;n/a;Indeterminate;none
